step,time_fs,target_au,lagrange_au,free_energy_au,free_energy_ev
0,0.0,0.8692740210272776,-0.020013279,0.0,0.0
1,0.9999999999999999,0.8688960758007127,-0.002043121,-4.168055547599667e-06,-0.00011341856940046755
2,1.9999999999999998,0.8685181305741478,-0.001710378,-4.877364062582158e-06,-0.00013271983736922428
3,2.9999999999999996,0.8681401853475839,-0.001409151,-5.46686960992207e-06,-0.0001487611005120432
4,3.9999999999999996,0.867762240121019,-0.00097384,-5.917189646620266e-06,-0.0001610149329649453
5,4.999999999999999,0.8673842948944541,-0.000504765,-6.196605497482538e-06,-0.00016861822560600994
6,5.999999999999999,0.8670063496678897,0.000158144,-6.262107373671061e-06,-0.00017040062245881273
7,6.999999999999999,0.8666284044413253,0.000830021,-6.07537125126696e-06,-0.00016531927370599665
8,7.999999999999999,0.8662504592147604,0.001476989,-5.6394095426985665e-06,-0.00015345615126568124
9,8.999999999999998,0.865872513988196,0.002198213,-4.94489701641824e-06,-0.0001345575026603904
10,9.999999999999998,0.8654945687616311,0.002475524,-4.061688721734075e-06,-0.00011052418061807918
11,10.999999999999998,0.8651166235350662,0.002788818,-3.0668722567823183e-06,-8.345384554640855e-05
12,11.999999999999998,0.8647386783085023,0.002589151,-2.050583400701134e-06,-5.579921694609013e-05
13,12.999999999999998,0.8643607330819374,0.002368977,-1.1136329955530026e-06,-3.0303497578269387e-05
14,13.999999999999998,0.8639827878553725,0.0019245,-3.022834267955635e-07,-8.225551082294916e-06
15,14.999999999999998,0.8636048426288085,0.001503156,3.4544968495718337e-07,9.400164805924787e-06
16,15.999999999999998,0.8632268974022437,0.001274754,8.703985971202104e-07,2.3684752414204145e-05
17,16.999999999999996,0.8628489521756788,0.001098206,1.3188230495345712e-06,3.588700339099698e-05
18,17.999999999999996,0.8624710069491148,0.001166834,1.7468535775235064e-06,4.753430741317807e-05
19,18.999999999999996,0.86209306172255,0.00133049,2.218779420016107e-06,6.037606379270752e-05
20,19.999999999999996,0.8617151164959851,0.001824188,2.814927165740279e-06,7.6598070361283e-05
21,20.999999999999996,0.8613371712694207,0.00266567,3.663387365266709e-06,9.968584856494473e-05
22,21.999999999999996,0.8609592260428562,0.003476678,4.824122918516003e-06,0.00013127107203386184
23,22.999999999999996,0.8605812808162914,0.004489176,6.329451165921246e-06,0.0001722331404010021
24,23.999999999999996,0.860203335589727,0.005446718,8.207063020397146e-06,0.00022332556179319163
25,24.999999999999996,0.8598253903631621,0.006210935,1.0410040172545363e-05,0.00028327162397138344
26,25.999999999999996,0.8594474451365977,0.006848774,1.2877967510981703e-05,0.0003504273480046078
27,26.999999999999996,0.8590694999100332,0.007446118,1.557931060880991e-05,0.0004239346384225449
28,27.999999999999996,0.8586915546834684,0.007857135,1.847120631994007e-05,0.0005026271296012238
29,28.999999999999996,0.8583136094569044,0.008149113,2.1495948833344617e-05,0.0005849345664281355
30,29.999999999999996,0.8579356642303395,0.008204047,2.4586248213968152e-05,0.00066902589649002
31,30.999999999999996,0.8575577190037746,0.008008092,2.7649898487694007e-05,0.0007523920674110011
32,31.999999999999996,0.8571797737772102,0.007647556,3.060838720288178e-05,0.0008328966465443724
33,32.99999999999999,0.8568018285506458,0.007065795,3.338880759149148e-05,0.000908555739665051
34,33.99999999999999,0.8564238833240809,0.006183681,3.589259569583257e-05,0.0009766872848503863
35,34.99999999999999,0.8560459380975165,0.005440313,3.808921221879031e-05,0.0010364602654909087
36,35.99999999999999,0.8556679928709516,0.004635727,3.9993307829127275e-05,0.001088273346593078
37,36.99999999999999,0.8552900476443872,0.003956878,4.161707485087981e-05,0.001132458298195484
38,37.99999999999999,0.8549121024178228,0.003008015,4.293324888232139e-05,0.00116827321813198
39,38.99999999999999,0.8545341571912579,0.002069753,4.3892807970922615e-05,0.001194384151117756
40,39.99999999999999,0.854156211964693,0.000821927,4.443925629729877e-05,0.0012092537675902513
41,40.99999999999999,0.8537782667381291,-0.000393986,4.452012542639941e-05,0.0012114543286975855
42,41.99999999999999,0.8534003215115642,-0.001496469,4.4162881204756823e-05,0.0012017332181983218
43,42.99999999999999,0.8530223762849993,-0.002606406,4.3387550194036215e-05,0.001180635386597111
44,43.99999999999999,0.8526444310584353,-0.003691111,4.219749194935652e-05,0.0011482522520459093
45,44.99999999999999,0.8522664858318705,-0.004404521,4.0667639214144725e-05,0.0011066228383685799
46,45.99999999999999,0.8518885406053056,-0.005078503,3.8875607387045976e-05,0.0010578591681562922
47,46.99999999999999,0.8515105953787416,-0.005385841,3.6898132955081045e-05,0.001004049347596529
48,47.99999999999999,0.8511326501521768,-0.005467056,3.484723264730744e-05,0.0009482415071696856
49,48.99999999999999,0.8507547049256119,-0.005280376,3.281626233619365e-05,0.0008929759895798338
50,49.99999999999999,0.8503767596990475,-0.005091222,3.08563143582202e-05,0.0008396430881291551
51,50.99999999999999,0.849998814472483,-0.004772058,2.8992424561085178e-05,0.0007889240629393578
52,51.99999999999999,0.8496208692459182,-0.004485093,2.7243076545066343e-05,0.0007413218783968165
53,52.99999999999999,0.8492429240193538,-0.003963257,2.5646569767642844e-05,0.0006978787158320081
54,53.99999999999999,0.8488649787927889,-0.003550733,2.4226631441165792e-05,0.0006592402255847593
55,54.99999999999999,0.8484870335662245,-0.002843076,2.3018376645607917e-05,0.0006263619376592666
56,55.99999999999999,0.84810908833966,-0.002171211,2.2070813727470467e-05,0.0006005774371014529
57,56.99999999999999,0.8477311431130952,-0.001501582,2.137675643621554e-05,0.000581691176072271
58,57.99999999999999,0.8473531978865303,-0.000916057,2.091988887641234e-05,0.0005692591764392041
59,58.99999999999999,0.8469752526599663,-0.000668298,2.0620489171695466e-05,0.0005611120954322184
60,59.99999999999999,0.8465973074334014,-0.000536268,2.039285918680446e-05,0.0005549179679921809
61,60.99999999999999,0.8462193622068366,-0.000551939,2.0187217866222372e-05,0.0005493221825896866
62,61.99999999999999,0.8458414169802726,-0.000626057,1.996460888366628e-05,0.0005432646835835264
63,62.99999999999999,0.8454634717537077,-0.000932388,1.9670105459359547e-05,0.0005352508371539498
64,63.99999999999999,0.8450855265271429,-0.001381778,1.9232791462770507e-05,0.0005233509170819888
65,64.99999999999999,0.8447075813005784,-0.001775253,1.863619906448728e-05,0.0005071168109008836
66,65.99999999999999,0.844329636074014,-0.002366108,1.7853595253771892e-05,0.00048582107632992507
67,66.99999999999999,0.8439516908474491,-0.002798849,1.6877559831991198e-05,0.0004592617994780848
68,67.99999999999999,0.8435737456208847,-0.003043869,1.577344614285968e-05,0.00042921733542364434
69,68.99999999999999,0.8431958003943198,-0.003226484,1.4588521150247184e-05,0.0003969738837771412
70,69.99999999999999,0.8428178551677559,-0.003184613,1.3376999396150885e-05,0.00036400669738101
71,70.99999999999999,0.842439909941191,-0.00303012,1.2202585060289152e-05,0.0003320492552750509
72,71.99999999999999,0.8420619647146261,-0.002730827,1.111392385071834e-05,0.000302425274610395
73,72.99999999999999,0.8416840194880622,-0.002268382,1.016921026164396e-05,0.00027671830824625845
74,73.99999999999999,0.8413060742614973,-0.001644213,9.429836959778709e-06,0.00025659893574923165
75,74.99999999999999,0.8409281290349324,-0.001279763,8.87728557388399e-06,0.00024156324656689448
76,75.99999999999999,0.8405501838083684,-0.000901776,8.46503444807674e-06,0.00023034532195221003
77,76.99999999999999,0.8401722385818036,-0.000959292,8.113343564620682e-06,0.00022077532548329446
78,77.99999999999999,0.8397942933552387,-0.000985849,7.74576518664814e-06,0.00021077300826460987
79,78.99999999999999,0.8394163481286743,-0.001241769,7.324806391793455e-06,0.00019931813590417342
80,79.99999999999999,0.8390384029021098,-0.001409916,6.823710547741986e-06,0.00018568262334542953
81,80.99999999999999,0.838660457675545,-0.001566825,6.261188021907426e-06,0.00017037560562287654
82,81.99999999999999,0.8382825124489806,-0.001380961,5.704137198090455e-06,0.00015521748049734713
83,82.99999999999999,0.8379045672224157,-0.001330019,5.191836222934412e-06,0.00014127706078817976
84,83.99999999999999,0.8375266219958513,-0.000939351,4.762987443529965e-06,0.00012960749101068484
85,84.99999999999999,0.8371486767692868,-0.000694983,4.454143076573855e-06,0.00012120340765154446
86,85.99999999999999,0.836770731542722,-0.000257224,4.274202031398158e-06,0.0001163069623697618
87,86.99999999999999,0.8363927863161571,0.000138338,4.251735833295478e-06,0.0001156956259757109
88,87.99999999999999,0.8360148410895931,0.000671909,4.4048503262896204e-06,0.00011986208358443313
89,88.99999999999999,0.8356368958630283,0.000900754,4.702040563211999e-06,0.00012794904190986463
90,89.99999999999999,0.8352589506364634,0.001238851,5.106367311453869e-06,0.0001389513332258585
91,90.99999999999999,0.8348810054098994,0.001277413,5.581872295242036e-06,0.00015189048300161062
92,91.99999999999999,0.8345030601833345,0.001195895,6.049259771454049e-06,0.00016460874414335323
93,92.99999999999999,0.8341251149567697,0.000874552,6.440517551706543e-06,0.00017525541072355171
94,93.99999999999999,0.8337471697302052,0.000680202,6.7343234780976475e-06,0.0001832502772679404
95,94.99999999999999,0.8333692245036408,0.000293319,6.918292285552843e-06,0.00018825632354481752
96,95.99999999999999,0.832991279277076,0.000194228,7.0104253162407875e-06,0.00019076339102888062
97,96.99999999999999,0.8326133340505115,3.5224e-05,7.053785460303637e-06,0.00019194328065665653
98,97.99999999999999,0.8322353888239467,0.000128069,7.084643365244343e-06,0.00019278296702674005
99,98.99999999999999,0.8318574435973822,0.000346134,7.174254745380649e-06,0.0001952214169036651
100,99.99999999999999,0.8314794983708178,0.000742606,7.379996788365617e-06,0.00020081994310236774
101,100.99999999999999,0.8311015531442529,0.000931858,7.696424626292746e-06,0.00020943038321918577
102,101.99999999999999,0.8307236079176881,0.001125891,8.085282832301782e-06,0.0002200117540578196
103,102.99999999999999,0.8303456626911241,0.000996228,8.486305205427798e-06,0.00023092412874623435
104,103.99999999999999,0.8299677174645592,0.000621698,8.792048909745172e-06,0.00023924383877669357
105,104.99999999999999,0.8295897722379943,0.000273126,8.961146139452891e-06,0.00024384520880739685
106,105.99999999999999,0.8292118270114304,-0.0002103,8.973018532854964e-06,0.000244168273089925
107,106.99999999999999,0.8288338817848655,-0.000698949,8.801195373200647e-06,0.00023949272672656532
108,107.99999999999999,0.8284559365583011,-0.00112109,8.457257847094949e-06,0.00023013370985921355
109,108.99999999999999,0.8280779913317367,-0.001473822,7.966890545217355e-06,0.00021679013580541936
110,109.99999999999999,0.8277000461051718,-0.001658213,7.375021706375735e-06,0.0002006845642247356
111,110.99999999999999,0.8273221008786074,-0.001698041,6.74078161715657e-06,0.00018342601218430303
112,111.99999999999999,0.8269441556520425,-0.001547751,6.127415820745795e-06,0.00016673547858809138
113,112.99999999999999,0.8265662104254781,-0.00129409,5.590385700443017e-06,0.00015212214455880308
114,113.99999999999999,0.8261882651989136,-0.000840669,5.186974713485112e-06,0.00014114477237681632
115,114.99999999999999,0.8258103199723488,-0.000448542,4.9433491417428284e-06,0.0001345153828447374
116,115.99999999999999,0.8254323747457839,5.5028e-05,4.868985772799658e-06,0.00013249185248987187
117,116.99999999999999,0.8250544295192199,0.000347949,4.9451373895823185e-06,0.0001345640435474013
118,117.99999999999999,0.824676484292655,0.000479039,5.101415473095419e-06,0.00013881658683965903
119,118.99999999999999,0.8242985390660902,0.000249486,5.239086746186905e-06,0.00014256281302672837
120,119.99999999999999,0.8239205938395262,-4.6104e-05,5.277520374221485e-06,0.00014360864532401196
121,120.99999999999999,0.8235426486129613,-0.000568738,5.161332074725771e-06,0.00014044700062916955
122,121.99999999999999,0.8231647033863965,-0.001056471,4.854212082865861e-06,0.00013208983990680486
123,122.99999999999999,0.822786758159832,-0.001717308,4.330043816568303e-06,0.0001178264947546921
124,123.99999999999999,0.8224088129332676,-0.002170695,3.59531772920889e-06,9.78335794065516e-05
125,124.99999999999999,0.8220308677067028,-0.002362749,2.7386209693599382e-06,7.452167297861534e-05
126,125.99999999999999,0.8216529224801383,-0.002442622,1.8305374536989709e-06,4.981146169035007e-05
127,126.99999999999999,0.8212749772535735,-0.002248495,9.440448149959591e-07,2.568876809437733e-05
128,127.99999999999999,0.820897032027009,-0.001779808,1.8280586999304002e-07,4.9744011364144795e-06
129,128.99999999999997,0.8205190868004446,-0.001310293,-4.011385912832008e-07,-1.091553714557869e-05
130,129.99999999999997,0.8201411415738797,-0.000514194,-7.459166675727799e-07,-2.0297426548643146e-05
131,130.99999999999997,0.8197631963473149,0.000286487,-7.88947054425452e-07,-2.146834302560549e-05
132,131.99999999999997,0.8193852511207509,0.00124694,-4.991713469578183e-07,-1.3583144324999282e-05
133,132.99999999999997,0.819007305894186,0.002267953,1.6504716865983624e-07,4.491162255209529e-06
134,133.99999999999997,0.8186293606676212,0.00307744,1.1751800528907365e-06,3.197827832779044e-05
135,134.99999999999997,0.8182514154410572,0.003844666,2.483268513127808e-06,6.75731786632211e-05
136,135.99999999999997,0.8178734702144923,0.004403529,4.041951477139788e-06,0.0001099871028319925
137,136.99999999999997,0.8174955249879274,0.004865024,5.793454158895267e-06,0.00015764791881612463
138,137.99999999999997,0.8171175797613635,0.005214482,7.698204748309864e-06,0.00020947882280695856
139,138.99999999999997,0.8167396345347986,0.005446702,9.712876549473282e-06,0.00026430083534731663
140,139.99999999999997,0.8163616893082337,0.005790807,1.183645799198662e-05,0.00032208643020435946
141,140.99999999999997,0.8159837440816693,0.006144058,1.4091820620208048e-05,0.00038345797380565934
142,141.99999999999997,0.8156057988551044,0.006674994,1.6514270376449712e-05,0.00044937618978425074
143,142.99999999999997,0.81522785362854,0.007390884,1.917233610021969e-05,0.0005217058428609772
144,143.99999999999997,0.8148499084019756,0.008144082,2.210801922249133e-05,0.0006015898501969389
145,144.99999999999997,0.8144719631754107,0.008853246,2.53200487134677e-05,0.0006889936253094011
146,145.99999999999997,0.8140940179488458,0.009414739,2.877219757831951e-05,0.0007829313814495327
147,146.99999999999997,0.8137160727222819,0.009799651,3.240319106924476e-05,0.0008817357477877679
148,147.99999999999997,0.813338127495717,0.009992621,3.61433884318788e-05,0.0009835117028586286
149,148.99999999999997,0.812960182269153,0.009866543,3.989622655056052e-05,0.0010856316304247438
150,149.99999999999997,0.8125822370425881,0.009501655,4.355628554118949e-05,0.0011852269093018497
151,150.99999999999997,0.8122042918160233,0.008847504,4.702377406895188e-05,0.0012795820789343244
152,151.99999999999997,0.8118263465894588,0.008133884,5.023279133647253e-05,0.0013669038872708738
153,152.99999999999997,0.8114484013628944,0.007341925,5.315729540586023e-05,0.001446483697080946
154,153.99999999999997,0.8110704561363296,0.006370611,5.574858916850781e-05,0.001516996392533169
155,154.99999999999997,0.8106925109097651,0.00541087,5.797496642141355e-05,0.0015775792038912686
156,155.99999999999997,0.8103145656832003,0.004634443,5.987325547026219e-05,0.0016292342804060183
157,156.99999999999997,0.8099366204566358,0.003929133,6.149153680602376e-05,0.0016732699588880996
158,157.99999999999997,0.8095586752300714,0.003483738,6.289236641081832e-05,0.0017113884743289792
159,158.99999999999997,0.8091807300035065,0.003252498,6.416533053142461e-05,0.0017460275926920814
160,159.99999999999997,0.8088027847769417,0.003294918,6.540261284319094e-05,0.0017796957595728842
161,160.99999999999997,0.8084248395503777,0.003473508,6.668165999221879e-05,0.0018145004055719106
162,161.99999999999997,0.8080468943238128,0.003795155,6.805523823439713e-05,0.0018518773736589107
163,162.99999999999997,0.807668949097248,0.003960133,6.952077527451398e-05,0.0018917566681153322
164,163.99999999999997,0.807291003870684,0.004146455,7.10526983936769e-05,0.0019334424198100332
165,164.99999999999997,0.8069130586441191,0.004145473,7.261964569698555e-05,0.001976081228107474
166,165.99999999999997,0.8065351134175542,0.003955247,7.415045992485372e-05,0.002017736805332849
167,166.99999999999997,0.8061571681909898,0.003545972,7.556798488208655e-05,0.002056309624457439
168,167.99999999999997,0.8057792229644254,0.003064263,7.681713826444665e-05,0.002090300819625322
169,168.99999999999997,0.8054012777378605,0.002534277,7.787510899881213e-05,0.002119089669915093
170,169.99999999999997,0.8050233325112961,0.001981055,7.87283830866893e-05,0.0021423084406940116
171,170.99999999999997,0.8046453872847312,0.001458714,7.937840522370675e-05,0.0021599964441328355
172,171.99999999999997,0.8042674420581668,0.001021739,7.984714290924066e-05,0.0021727514463419496
173,172.99999999999997,0.8038894968316024,0.000526224,8.013966552261496e-05,0.0021807113921601634
174,173.99999999999997,0.8035115516050375,5.153e-06,8.024008122294308e-05,0.002183443842566953
175,174.99999999999997,0.8031336063784726,-0.000522177,8.01423778465334e-05,0.0021807851982539326
176,175.99999999999997,0.8027556611519087,-0.00113686,7.982886528911138e-05,0.0021722540869609543
177,176.99999999999997,0.8023777159253438,-0.001762028,7.928105484813869e-05,0.002157347405462061
178,177.99999999999997,0.8019997706987789,-0.002539607,7.846816364080209e-05,0.0021352275088432574
179,178.99999999999997,0.8016218254722149,-0.003147174,7.739351777406797e-05,0.002105984905085901
180,179.99999999999997,0.8012438802456501,-0.004026666,7.60378584819989e-05,0.0020690955364714467
181,180.99999999999997,0.8008659350190852,-0.004884651,7.435386362072193e-05,0.0020232717018649803
182,181.99999999999997,0.8004879897925212,-0.005841989,7.232682242818351e-05,0.001968113101038289
183,182.99999999999997,0.8001100445659564,-0.006797212,6.993835958541328e-05,0.0019031197160894779
184,183.99999999999997,0.7997320993393915,-0.007663314,6.720571619775666e-05,0.0018287607013954086
185,184.99999999999997,0.7993541541128271,-0.008293501,6.41903151675445e-05,0.0017467074592757551
186,185.99999999999997,0.7989762088862626,-0.00879328,6.096138150939219e-05,0.0016588436983411016
187,186.99999999999997,0.7985982636596978,-0.008810152,5.763481496161497e-05,0.0015683232111365528
188,187.99999999999997,0.7982203184331333,-0.008626139,5.433983348539436e-05,0.0014786621975137382
189,188.99999999999997,0.7978423732065685,-0.008106404,5.117784110782595e-05,0.0013926200016208543
190,189.99999999999997,0.7974644279800045,-0.007469282,4.823446302074145e-05,0.0013125266036252206
191,190.99999999999997,0.7970864827534396,-0.006637516,4.556866453763596e-05,0.0012399865314474683
192,191.99999999999997,0.7967085375268748,-0.005686418,4.3239778523737404e-05,0.0011766143146003953
193,192.99999999999997,0.7963305923003108,-0.004920741,4.123531596800656e-05,0.001122070109780783
194,193.99999999999997,0.7959526470737459,-0.004233973,3.9505325739574523e-05,0.001074994677473134
195,194.99999999999997,0.795574701847181,-0.003697504,3.800649380369609e-05,0.001034209382748124
196,195.99999999999997,0.7951967566206166,-0.003530888,3.6640525677627236e-05,0.000997039496469956
197,196.99999999999997,0.7948188113940522,-0.003357195,3.533886663261187e-05,0.0009616195494354589
198,197.99999999999997,0.7944408661674873,-0.003377553,3.406618370325414e-05,0.0009269880826760303
199,198.99999999999997,0.7940629209409229,-0.003522999,3.2762168358723754e-05,0.0008915040174653188
200,199.99999999999997,0.793684975714358,-0.003501068,3.143481206186381e-05,0.0008553848125854185
201,200.99999999999997,0.7933070304877936,-0.00356424,3.0099662345459486e-05,0.0008190535379561191
202,201.99999999999997,0.7929290852612292,-0.003632361,2.873970184773949e-05,0.0007820471275733742
203,202.99999999999997,0.7925511400346643,-0.003677908,2.735826121101292e-05,0.0007444562128315039
204,203.99999999999997,0.7921731948080994,-0.003692038,2.5965543255643507e-05,0.0007065584266162242
205,204.99999999999997,0.7917952495815355,-0.003659368,2.4576328852524344e-05,0.000668755976914459
206,205.99999999999997,0.7914173043549706,-0.003609268,2.3202755712606556e-05,0.0006313791476670415
207,206.99999999999997,0.7910393591284057,-0.003290955,2.189880254006594e-05,0.0005958967742423573
208,207.99999999999997,0.7906614139018417,-0.003072332,2.069631556661067e-05,0.0005631754367518969
209,208.99999999999997,0.7902834686752769,-0.002744812,1.9597034663091234e-05,0.0005332624794933909
210,209.99999999999997,0.789905523448712,-0.002417142,1.8621566726068225e-05,0.0005067186446884806
211,210.99999999999997,0.789527578222148,-0.002366351,1.7717617553240648e-05,0.0004821209345999281
212,211.99999999999997,0.7891496329955832,-0.002348593,1.682662226408096e-05,0.00045787571764324805
213,212.99999999999997,0.7887716877690183,-0.002308036,1.5946646912864826e-05,0.0004339303684743569
214,213.99999999999997,0.7883937425424539,-0.002319674,1.5072136460652205e-05,0.00041013372678304566
215,214.99999999999997,0.7880157973158894,-0.002318591,1.4195631402506389e-05,0.0003862828090992777
216,215.99999999999997,0.7876378520893246,-0.002005216,1.3378550294388097e-05,0.000364048899471971
217,216.99999999999997,0.7872599068627602,-0.001607578,1.2695831170957493e-05,0.0003454711657067784
218,217.99999999999997,0.7868819616361953,-0.001038146,1.21958617926538e-05,0.00033186630584259013
219,218.99999999999997,0.7865040164096309,-0.000283728,1.1946063808443876e-05,0.0003250689564107847
220,219.99999999999997,0.7861260711830664,0.00054133,1.1994743531570622e-05,0.0003263935991591343
221,220.99999999999997,0.7857481259565016,0.001549926,1.2389933642932906e-05,0.0003371472699200085
222,221.99999999999997,0.7853701807299367,0.002544474,1.3163663110755946e-05,0.00035820152131884394
223,222.99999999999997,0.7849922355033727,0.003500257,1.4305951724414461e-05,0.00038928477798949997
224,223.99999999999997,0.7846142902768078,0.004247121,1.5769993991160242e-05,0.0004291233975903712
225,224.99999999999997,0.784236345050243,0.004784115,1.7476650259249407e-05,0.00047556388049048193
226,225.99999999999997,0.783858399823679,0.004881463,1.9303179792793292e-05,0.0005252662811174488
227,226.99999999999997,0.7834804545971141,0.004875779,2.1147031311961083e-05,0.0005754400369857754
228,227.99999999999997,0.7831025093705497,0.004417107,2.290313226431556e-05,0.0006232259782872404
229,228.99999999999997,0.7827245641439848,0.003848163,2.4465041935699336e-05,0.0006657277056366085
230,229.99999999999997,0.7823466189174204,0.003102171,2.577846471486414e-05,0.000701467760184741
231,230.99999999999997,0.781968673690856,0.002110321,2.676348294981721e-05,0.0007282714718353904
232,231.99999999999997,0.7815907284642911,0.001089903,2.7368237642185938e-05,0.0007447276853535094
233,232.99999999999997,0.7812127832377262,0.000214226,2.761468230737317e-05,0.0007514337863261824
234,233.99999999999997,0.7808348380111623,-0.00063087,2.753594800188478e-05,0.0007492913167287282
235,234.99999999999997,0.7804568927845974,-0.001299488,2.7171163206054392e-05,0.0007393650167527236
236,235.99999999999997,0.7800789475580325,-0.00169725,2.6604861794872025e-05,0.0007239551703213922
237,236.99999999999997,0.7797010023314686,-0.001914456,2.5922348273644672e-05,0.0007053830312771654
238,237.99999999999997,0.7793230571049037,-0.00180155,2.5220124908851975e-05,0.000686274560066834
239,238.99999999999997,0.7789451118783388,-0.001630675,2.457152838122914e-05,0.0006686253494358824
240,239.99999999999997,0.7785671666517748,-0.00141343,2.3996275904273432e-05,0.0006529719320964793
241,240.99999999999997,0.77818922142521,-0.001362726,2.3471658450074103e-05,0.0006386963639188744
242,241.99999999999997,0.7778112761986451,-0.001364914,2.2956209191180778e-05,0.0006246702750449199
243,242.99999999999997,0.7774333309720807,-0.001534169,2.2408361900548496e-05,0.0006097625908157068
244,243.99999999999997,0.7770553857455162,-0.001712681,2.179479617111287e-05,0.0005930666167647327
245,244.99999999999997,0.7766774405189514,-0.001820389,2.1127142700303583e-05,0.0005748988402920666
246,245.99999999999997,0.776299495292387,-0.001644601,2.0472354485006554e-05,0.000557081145256298
247,246.99999999999997,0.7759215500658221,-0.001150313,1.9944192282527276e-05,0.0005427091195641027
248,247.99999999999997,0.7755436048392577,-0.0004618,1.9639547076010913e-05,0.0005344193011815972
249,248.99999999999997,0.7751656596126932,0.000383271,1.9624707245662466e-05,0.0005340154888261606
250,249.99999999999997,0.7747877143861284,0.001547581,1.9989585393963817e-05,0.0005439443290523096
251,250.99999999999997,0.7744097691595635,0.002724242,2.079684294975324e-05,0.0005659109262028878
252,251.99999999999997,0.7740318239329995,0.003798055,2.202937845844653e-05,0.0005994499259918362
253,252.99999999999997,0.7736538787064347,0.004907272,2.367444685111347e-05,0.000644214517425763
254,253.99999999999997,0.7732759334798698,0.005709508,2.56807275123567e-05,0.0006988081954167087
255,254.99999999999997,0.7728979882533058,0.006301267,2.795043505165239e-05,0.0007605700839339147
256,255.99999999999997,0.7725200430267409,0.006616465,3.039153262537275e-05,0.0008269957328765635
257,256.99999999999994,0.7721420978001761,0.006629226,3.2894605468372556e-05,0.0008951078148092745
258,257.99999999999994,0.7717641525736116,0.006653929,3.540475798135637e-05,0.0009634125443764147
259,258.99999999999994,0.7713862073470472,0.006438518,3.787887190520635e-05,0.0010307366139748733
260,259.99999999999994,0.7710082621204823,0.006179826,4.026339334618135e-05,0.0010956227479170838
261,260.99999999999994,0.7706303168939179,0.005863659,4.2539282179657496e-05,0.0011575528380177345
262,261.99999999999994,0.770252371667353,0.00558962,4.4703638242938754e-05,0.0012164479668295267
263,262.99999999999994,0.7698744264407886,0.005316635,4.676462175141188e-05,0.0012725301851252003
264,263.99999999999994,0.7694964812142242,0.005267568,4.8764746251832216e-05,0.001326956345446202
265,264.99999999999994,0.7691185359876593,0.005412446,5.078297640730374e-05,0.001381875185740038
266,265.99999999999994,0.7687405907610945,0.005720653,5.2886827219264274e-05,0.0014391238827882317
267,266.99999999999994,0.7683626455345305,0.006174875,5.5134756231797016e-05,0.0015002931474018225
268,267.99999999999994,0.7679847003079656,0.006500669,5.753008690625176e-05,0.0015654734155712733
269,268.99999999999994,0.7676067550814016,0.006562638,5.999869416815069e-05,0.0016326476412644561
270,269.99999999999994,0.7672288098548368,0.006391925,6.244675179219086e-05,0.0016992626828246486
271,270.99999999999994,0.7668508646282719,0.005983565,6.47853804781398e-05,0.0017629000112839527
272,271.99999999999994,0.7664729194017075,0.005528341,6.696081543881995e-05,0.0018220966122520462
273,272.99999999999994,0.766094974175143,0.00489425,6.89303996972625e-05,0.0018756917302525443
274,273.99999999999994,0.7657170289485782,0.004522796,7.070996348928211e-05,0.0019241161279465648
275,274.99999999999994,0.7653390837220138,0.004398976,7.239593405923094e-05,0.001969993724324811
276,275.99999999999994,0.7649611384954489,0.004592271,7.409503350148756e-05,0.0020162285755183987
277,276.99999999999994,0.764583193268884,0.005127746,7.593185051512591e-05,0.002066210912739714
278,277.99999999999994,0.76420524804232,0.005842335,7.800489538961439e-05,0.0021226213375246856
279,278.99999999999994,0.7638273028157552,0.00666468,8.036837869852528e-05,0.002186934994729406
280,279.99999999999994,0.7634493575891903,0.007615303,8.306690440366206e-05,0.0022603656199866097
281,280.99999999999994,0.7630714123626263,0.008467985,8.610620536719388e-05,0.0023430692124230775
282,281.99999999999994,0.7626934671360615,0.009211586,8.94471601007738e-05,0.0024339812221088825
283,282.99999999999994,0.7623155219094966,0.009496925,9.298255631506441e-05,0.002530184254028548
284,283.99999999999994,0.7619375766829326,0.009492192,9.657097937847771e-05,0.002627830220021099
285,284.99999999999994,0.7615596314563677,0.00914644,0.00010009317037552477,0.002723673919673888
286,285.99999999999994,0.7611816862298029,0.008561176,0.00010343942484604419,0.0028147301425485564
287,286.99999999999994,0.7608037410032384,0.007515649,0.00010647750447957636,0.0028974005009026697
288,287.99999999999994,0.760425795776674,0.00640506,0.00010910813723804876,0.002968983664964811
289,288.99999999999994,0.7600478505501091,0.004979604,0.00011125952694546965,0.003027525961259084
290,289.99999999999994,0.7596699053235447,0.003622648,0.00011288511698602253,0.0030717605197301996
291,290.99999999999994,0.7592919600969799,0.00215772,0.0001139774482327159,0.0031014843671925345
292,291.99999999999994,0.7589140148704154,0.001065556,0.00011458655912176601,0.0031180591188611144
293,292.99999999999994,0.758536069643851,0.00021603,0.00011482874377733201,0.003124649299066572
294,293.99999999999994,0.7581581244172861,-0.000358174,0.00011480188245418961,0.003123918365227466
295,294.99999999999994,0.7577801791907213,-0.000536298,0.00011463285174284177,0.003119318805253546
296,295.99999999999994,0.7574022339641573,-0.000534608,0.00011443047983744208,0.0031138119851703786
297,296.99999999999994,0.7570242887375924,-0.000403532,0.00011425319707001743,0.0031089878753112286
298,297.99999999999994,0.7566463435110276,-0.000462543,0.00011408953261396896,0.003104534338582954
299,298.99999999999994,0.7562683982844636,-0.00048294,0.00011391086222064498,0.0030996724694994926
300,299.99999999999994,0.7558904530578987,-0.000413796,0.00011374140367530066,0.003095061267569445
301,300.99999999999994,0.7555125078313338,-0.000346189,0.00011359778732379531,0.0030911532675573935
302,301.99999999999994,0.7551345626047694,-0.000226622,0.00011348954173220847,0.0030882077549552987
303,302.99999999999994,0.754756617378205,4.8052e-05,0.00011345579689265465,0.0030872895110923906
304,303.99999999999994,0.7543786721516401,0.000431299,0.00011354638110380413,0.003089754433049767
305,304.99999999999994,0.7540007269250757,0.000926068,0.00011380288629297727,0.003096734294826458
306,305.99999999999994,0.7536227816985108,0.001375526,0.00011423782452587214,0.0031085695670749077
307,306.99999999999994,0.7532448364719464,0.001986616,0.00011487317728583831,0.0031258583964288017
308,307.99999999999994,0.752866891245382,0.002319305,0.00011568687842979543,0.003148000332545821
309,308.99999999999994,0.7524889460188171,0.002583277,0.00011661333216216618,0.003173210422896399
310,309.99999999999994,0.7521110007922531,0.002485436,0.00011757118010375414,0.003199274793199873
311,310.99999999999994,0.7517330555656883,0.002184536,0.0001184536769165493,0.003223288754833696
312,311.99999999999994,0.7513551103391234,0.001850753,0.00011921623602422861,0.0032440390452481535
313,312.99999999999994,0.7509771651125594,0.001267383,0.00011980547833271822,0.003260073145296942
314,313.99999999999994,0.7505992198859945,0.000515823,0.0001201424554305589,0.0032692427592623365
315,314.99999999999994,0.7502212746594297,-0.000233072,0.00012019588762593708,0.0032706967233687434
316,315.99999999999994,0.7498433294328652,-0.001014189,0.00011996018945532198,0.0032642830494106633
317,316.99999999999994,0.7494653842063008,-0.001784266,0.00011943135810081906,0.0032498928151642953
318,317.99999999999994,0.749087438979736,-0.002451219,0.0001186309674318511,0.003228113075523323
319,318.99999999999994,0.7487094937531715,-0.002961953,0.00011760802617286454,0.0032002774258180827
320,319.99999999999994,0.7483315485266067,-0.003196852,0.00011644418069731846,0.003168607577052353
321,320.99999999999994,0.7479536033000422,-0.003363275,0.0001152044963546647,0.0031348740475812976
322,321.99999999999994,0.7475756580734778,-0.003302215,0.00011394490129055768,0.0031005987197783415
323,322.99999999999994,0.7471977128469129,-0.00308229,0.00011273840469619378,0.0030677682749446363
324,323.99999999999994,0.7468197676203481,-0.002892383,0.0001116093551258766,0.003037045270995869
325,324.99999999999994,0.7464418223937841,-0.002703154,0.00011055195187626881,0.003008271862753028
326,325.99999999999994,0.7460638771672192,-0.002471619,0.00010957406149931614,0.0029816621099995346
327,326.99999999999994,0.7456859319406544,-0.002305164,0.00010867138033272369,0.002957098904118408
328,327.99999999999994,0.7453079867140904,-0.001991906,0.00010785935178536673,0.0029350024816735096
329,328.99999999999994,0.7449300414875255,-0.001647775,0.0001071715517552828,0.0029162864893948932
330,329.99999999999994,0.7445520962609606,-0.001220092,0.00010662960343374674,0.0029015393242922106
331,330.99999999999994,0.7441741510343962,-0.00074627,0.00010625801486794773,0.0028914278843036613
332,331.99999999999994,0.7437962058078318,-0.000115526,0.0001060951590257115,0.0028869963510781554
333,332.99999999999994,0.7434182605812669,0.000345326,0.00010613858493224377,0.0028881780301938872
334,333.99999999999994,0.7430403153547025,0.000916322,0.00010637700185184615,0.0028946656850807662
335,334.99999999999994,0.7426623701281376,0.001211698,0.00010677913935236315,0.0029056084039313303
336,335.99999999999994,0.7422844249015732,0.001476397,0.00010728711568926423,0.002919431144238568
337,336.99999999999994,0.7419064796750088,0.001716692,0.0001078905220620372,0.0029358506681113838
338,337.99999999999994,0.7415285344484439,0.001859428,0.00010856631080384828,0.0029542398165854954
339,338.99999999999994,0.741150589221879,0.001959973,0.0001092880729919913,0.0029738799662648047
340,339.99999999999994,0.7407726439953151,0.002002847,0.00011003693744335866,0.0029942576060968517
341,340.99999999999994,0.7403946987687502,0.002155312,0.00011082271561603196,0.0030156397194571315
342,341.99999999999994,0.7400167535421853,0.002224291,0.00011165034064008095,0.003038160543653374
343,342.99999999999994,0.7396388083156213,0.002200321,0.00011248647113248117,0.003060912813434124
344,343.99999999999994,0.7392608630890565,0.002333268,0.00011334319529335904,0.003084225465482042
345,344.99999999999994,0.7388829178624916,0.002420764,0.00011424157714402671,0.0031086716810169454
346,345.99999999999994,0.7385049726359276,0.002544602,0.00011517989533294978,0.003134204619677367
347,346.99999999999994,0.7381270274093628,0.002623391,0.0001161565044755844,0.0031607795082689606
348,347.99999999999994,0.7377490821827983,0.00279614,0.00011718064741141883,0.0031886478572670514
349,348.99999999999994,0.7373711369562335,0.00294302,0.00011826519147466405,0.0032181598046728105
350,349.99999999999994,0.736993191729669,0.003153199,0.00011941720991023524,0.003249507823285637
351,350.99999999999994,0.7366152465031046,0.003263139,0.00012062972206979775,0.0032825019599874495
352,351.99999999999994,0.7362373012765397,0.003372822,0.00012188373696160716,0.003316625443566696
353,352.99999999999994,0.7358593560499749,0.003408461,0.000123165213731524,0.0033514962029181643
354,353.99999999999994,0.7354814108234109,0.003651535,0.00012449935962540655,0.0033878001621451014
355,354.99999999999994,0.735103465596846,0.003817129,0.00012591073257921397,0.003426205576728296
356,355.99999999999994,0.7347255203702812,0.004179516,0.0001274218794823548,0.0034673259787840896
357,356.99999999999994,0.7343475751437172,0.004588928,0.00012907887525945427,0.0035124151308827145
358,357.99999999999994,0.7339696299171523,0.004977569,0.00013088668119750152,0.0035616080365207087
359,358.99999999999994,0.7335916846905874,0.005464915,0.0001328600246881401,0.0036153054484404814
360,359.99999999999994,0.733213739464023,0.005960593,0.0001350191327929779,0.003674057773028066
361,360.99999999999994,0.7328357942374586,0.006221175,0.00013732115332633655,0.0037366989429074835
362,361.99999999999994,0.7324578490108937,0.00647459,0.00013972030521600449,0.00380198319164003
363,362.99999999999994,0.7320799037843293,0.006776706,0.00014222443725050174,0.0038701240956416864
364,363.99999999999994,0.7317019585577644,0.006874343,0.00014480411165407642,0.003940320612226246
365,364.99999999999994,0.7313240133312,0.007128483,0.0001474502622766337,0.004012326038881714
366,365.99999999999994,0.7309460681046356,0.007221144,0.00015016194879044993,0.004086114787987203
367,366.99999999999994,0.7305681228780707,0.007158428,0.0001528792940891709,0.00416005752047442
368,367.99999999999994,0.7301901776515058,0.007027855,0.00015556011306044312,0.00423300632095728
369,368.99999999999994,0.7298122324249419,0.006855231,0.000158183636102286,0.004304396019774116
370,369.99999999999994,0.729434287198377,0.006667533,0.00016073906815416576,0.0043739328683631935
371,370.99999999999994,0.7290563419718121,0.006240118,0.00016317826069497162,0.004440306678719395
372,371.99999999999994,0.7286783967452481,0.005975091,0.00016548660066149107,0.004503119809135406
373,372.99999999999994,0.7283004515186833,0.00563623,0.00016768082233452068,0.004562827622589533
374,373.99999999999994,0.7279225062921184,0.005371598,0.00016976100035824272,0.00461943215025345
375,374.99999999999994,0.7275445610655544,0.005164278,0.00017175199237918096,0.00467360980314788
376,375.99999999999994,0.7271666158389896,0.005270569,0.0001737238926859719,0.004727267944034551
377,376.99999999999994,0.7267886706124247,0.005384901,0.00017573748469762305,0.004782060574005426
378,377.99999999999994,0.7264107253858603,0.0056705,0.00017782665271547676,0.004838909731872009
379,378.99999999999994,0.7260327801592958,0.005834717,0.00018000082363834666,0.004898071936619018
380,379.99999999999994,0.725654834932731,0.005991316,0.00018223561999911937,0.004958883843573132
381,380.99999999999994,0.7252768897061665,0.006124178,0.00018452511656150537,0.0050211842188410795
382,381.99999999999994,0.7248989444796017,0.005953646,0.00018680749452554903,0.005083290887180003
383,382.99999999999994,0.7245209992530373,0.00577395,0.00018902368898918805,0.005143596610726305
384,383.99999999999994,0.7241430540264728,0.005507249,0.0001911555266451757,0.005201606868597127
385,384.99999999999994,0.723765108799908,0.005045105,0.0001931496325568356,0.0052558692547747116
386,385.99999999999994,0.7233871635733431,0.004331572,0.0001949215677134296,0.0053040860667236366
387,386.99999999999994,0.7230092183467791,0.003527531,0.00019640672294539435,0.0053444991993758795
388,387.99999999999994,0.7226312731202142,0.00271669,0.00019758670970567655,0.00537660827487507
389,388.99999999999994,0.7222533278936498,0.001967182,0.00019847183323779634,0.005400693713182995
390,389.99999999999994,0.7218753826670854,0.001309996,0.00019909113012864759,0.005417545640080888
391,390.99999999999994,0.7214974374405205,0.000697257,0.0001994704459735763,0.005427867350046467
392,391.99999999999994,0.7211194922139561,0.000418016,0.0001996812020269095,0.005433602314417396
393,392.99999999999994,0.7207415469873912,0.000155959,0.0001997896675826182,0.005436553812548171
394,393.99999999999994,0.7203636017608268,5.48e-07,0.00019981924311940517,0.005437358603903114
395,394.99999999999994,0.7199856565342624,-0.000169521,0.00019978731185002103,0.005436489709798578
396,395.99999999999994,0.7196077113076975,-0.000390836,0.00019968141972336,0.005433608238239595
397,396.99999999999994,0.7192297660811326,-0.000584915,0.0001994970295069772,0.005428590724841621
398,397.99999999999994,0.7188518208545687,-0.000879071,0.0001992203762467485,0.005421062606121327
399,398.99999999999994,0.7184738756280038,-0.001098403,0.0001988466878172707,0.005410894025931149
400,399.99999999999994,0.7180959304014389,-0.001418191,0.00019837112047252015,0.005397953179227163
401,400.99999999999994,0.717717985174875,-0.001557142,0.0001978088640201251,0.005382653401731742
402,401.99999999999994,0.7173400399483101,-0.00155046,0.0001972216123491438,0.005366673469689069
403,402.99999999999994,0.7169620947217452,-0.001109793,0.00019671889738774172,0.005352993898702719
404,403.99999999999994,0.7165841494951812,-0.000392097,0.00019643508130957917,0.005345270869777017
405,404.99999999999994,0.7162062042686164,0.000716656,0.00019649641407197346,0.005346939819264061
406,405.99999999999994,0.7158282590420515,0.001900682,0.00019699101927367653,0.005360398712446878
407,406.99999999999994,0.7154503138154871,0.00323398,0.00019796132977013784,0.0053868022061446235
408,407.99999999999994,0.7150723685889222,0.004567453,0.0001994355869514946,0.005426918787732444
409,408.99999999999994,0.7146944233623578,0.005879468,0.00020140976891361832,0.005480639015623655
410,409.99999999999994,0.7143164781357934,0.006935388,0.00020383142574077466,0.00554653565490264
411,410.99999999999994,0.7139385329092285,0.007853309,0.00020662608445990474,0.005622582192734606
412,411.99999999999994,0.7135605876826636,0.008418859,0.0002097010785706333,0.00570625704518578
413,412.99999999999994,0.7131826424560996,0.008652525,0.0002129271026174589,0.005794041631562797
414,413.99999999999994,0.7128046972295348,0.008552573,0.00021617839494829694,0.005882513802975849
415,414.99999999999994,0.7124267520029699,0.008205754,0.00021934525979572624,0.005968688585528089
416,415.99999999999994,0.7120488067764059,0.007832264,0.00022237600596905477,0.006051159390264082
417,416.99999999999994,0.711670861549841,0.007216479,0.00022521980626037845,0.006128543138397744
418,417.99999999999994,0.7112929163232762,0.006687579,0.0002278472924358671,0.006200040679574959
419,418.99999999999994,0.7109149710967122,0.006237692,0.000230289814674119,0.006266505095614447
420,419.99999999999994,0.7105370258701473,0.006000951,0.0002326025830248581,0.006329438728503905
421,420.99999999999994,0.7101590806435825,0.005838992,0.00023484000799468154,0.006390322163554189
422,421.99999999999994,0.709781135417018,0.005892807,0.0002370569967102142,0.006450649499795545
423,422.99999999999994,0.7094031901904536,0.006168942,0.00023933633693949935,0.006512673507160642
424,423.99999999999994,0.7090252449638887,0.006645006,0.0002417578221795228,0.006578565477315879
425,424.99999999999994,0.7086472997373243,0.007109319,0.00024435701291870685,0.006649293060446811
426,425.99999999999994,0.7082693545107595,0.007669168,0.00024714974222745533,0.006725287096347657
427,426.99999999999994,0.707891409284195,0.008215509,0.00025015151115129056,0.006806969389955342
428,427.99999999999994,0.7075134640576306,0.008445827,0.000253300047355985,0.006892645424730759
429,428.99999999999994,0.7071355188310657,0.008706445,0.0002565413570195538,0.006980845953928983
430,429.99999999999994,0.7067575736045018,0.008676826,0.00025982631916781815,0.007070234327748855
431,430.99999999999994,0.7063796283779369,0.008647129,0.0002631000722165531,0.007159317686431963
432,431.99999999999994,0.706001683151372,0.008343625,0.00026631085940156973,0.007246687656677118
433,432.99999999999994,0.7056237379248076,0.00804403,0.00026940767739248845,0.007330956367161532
434,433.99999999999994,0.7052457926982432,0.007456918,0.00027233693204440143,0.007410665446907594
435,434.99999999999994,0.7048678474716783,0.006947624,0.00027505899598927603,0.007484736580297854
436,435.99999999999994,0.7044899022451139,0.006295962,0.0002775616710449249,0.007552837837885314
437,436.99999999999994,0.704111957018549,0.005901555,0.0002798666677079701,0.007615559992379151
438,437.99999999999994,0.7037340117919846,0.005564802,0.0002820334951550879,0.007674522370971082
439,438.99999999999994,0.7033560665654202,0.005536567,0.00028413134986602896,0.007731607905798465
440,439.99999999999994,0.7029781213388553,0.005732545,0.00028626090341003985,0.007789556009816057
441,440.99999999999994,0.7026001761122904,0.006153917,0.0002885071191968606,0.007850678655183073
442,441.99999999999994,0.7022222308857264,0.006430662,0.0002908852599775481,0.007915391162513696
443,442.99999999999994,0.7018442856591616,0.006807155,0.0002933868448501909,0.0079834627547103
444,443.99999999999994,0.7014663404325967,0.007090755,0.0002960131692220531,0.008054928681600295
445,444.99999999999994,0.7010883952060327,0.007273502,0.00029872762040520165,0.008128792661190829
446,445.99999999999994,0.7007104499794679,0.007309321,0.0003014833745765448,0.008203780552346239
447,446.99999999999994,0.700332504752903,0.007066758,0.0003042000597939276,0.008277705323105207
448,447.99999999999994,0.699954559526339,0.006524493,0.00030676843401317323,0.008347594346009339
449,448.99999999999994,0.6995766142997741,0.005662503,0.0003090714424953541,0.008410262399345749
450,449.99999999999994,0.6991986690732093,0.004751418,0.00031103938836123953,0.008463812934413553
451,450.99999999999994,0.6988207238466448,0.003512983,0.00031260113381542236,0.008506310193185238
452,451.99999999999994,0.6984427786200804,0.002300353,0.0003136996951112304,0.008536203568920365
453,452.99999999999994,0.6980648333935155,0.001031041,0.00031432923734128336,0.008553334285700495
454,453.99999999999994,0.6976868881669511,-0.000160845,0.00031449368055347116,0.00855780901346287
455,454.99999999999994,0.6973089429403863,-0.00131322,0.0003142151226382732,0.00855022906644054
456,455.99999999999994,0.6969309977138218,-0.00219339,0.00031355246938281136,0.008532197352759006
457,456.99999999999994,0.6965530524872574,-0.002940746,0.00031258225828594466,0.008505796563862023
458,457.99999999999994,0.6961751072606925,-0.003279182,0.00031140686223735695,0.008473812407991894
459,458.99999999999994,0.6957971620341277,-0.003392001,0.0003101461913521625,0.008439507805605796
460,459.99999999999994,0.6954192168075637,-0.002872005,0.0003089624657687265,0.008407296991545663
461,460.99999999999994,0.6950412715809988,-0.002218942,0.0003080004162100548,0.008381118289416865
462,461.99999999999994,0.694663326354434,-0.001340918,0.0003073277001629357,0.008362812753224832
463,462.99999999999994,0.69428538112787,-0.000339602,0.00030701012790686254,0.008354171171903816
464,463.99999999999994,0.6939074359013051,0.00075521,0.0003070886664367236,0.008356308314175057
465,464.99999999999994,0.6935294906747402,0.001847415,0.0003075804912843674,0.008369691550069667
466,465.99999999999994,0.6931515454481758,0.002821528,0.0003084627936443435,0.008393700220372724
467,466.99999999999994,0.6927736002216114,0.003564363,0.00030966955215474943,0.008426537792305013
468,467.99999999999994,0.692395654995047,0.004146915,0.00031112677251015573,0.008466190778241489
469,468.99999999999994,0.6920177097684821,0.004489847,0.000312758883995593,0.008510602794268235
470,469.99999999999994,0.6916397645419172,0.004374973,0.00031443409219727016,0.00855618753168652
471,470.99999999999994,0.6912618193153532,0.00402786,0.00031602199750825486,0.00859939663642578
472,471.99999999999994,0.6908838740887884,0.003418401,0.0003174291369086069,0.008637686850150707
473,472.99999999999994,0.6905059288622235,0.002766111,0.0003185978403031226,0.00866948888962587
474,473.99999999999994,0.6901279836356595,0.001923021,0.00031948395783118824,0.008693601375941405
475,474.99999999999994,0.6897500384090947,0.001346374,0.0003201017839481903,0.008710413281044008
476,475.99999999999994,0.6893720931825298,0.000682377,0.0003204851623263594,0.008720845538170728
477,476.99999999999994,0.6889941479559658,0.000321775,0.00032067491955393204,0.008726009095383173
478,477.99999999999994,0.6886162027294009,0.000162113,0.00032076636113382797,0.008728497347532666
479,478.99999999999994,0.6882382575028361,0.000345288,0.00032086224602678005,0.00873110650838994
480,479.99999999999994,0.6878603122762716,0.000543146,0.0003210301357214889,0.008735675019719382
481,480.99999999999994,0.6874823670497072,0.000936602,0.0003213097675680481,0.008743284189902785
482,481.99999999999994,0.6871044218231424,0.001358483,0.0003217434757782031,0.00875508599152737
483,482.99999999999994,0.6867264765965779,0.001533581,0.0003222899966700628,0.008769957582607265
484,483.99999999999994,0.6863485313700131,0.001491086,0.0003228615758973615,0.008785511045731473
485,484.99999999999994,0.6859705861434486,0.001299488,0.00032338891795869915,0.008799860754246288
486,485.99999999999994,0.6855926409168842,0.001077877,0.00032383817483547505,0.008812085656643903
487,486.99999999999994,0.6852146956903193,0.000940184,0.00032421953309640816,0.008822462943580252
488,487.99999999999994,0.6848367504637545,0.00094891,0.00032457652012632404,0.0088321770555361
489,488.99999999999994,0.6844588052371905,0.001134544,0.0003249702358733575,0.008842890606799757
490,489.99999999999994,0.6840808600106256,0.00149469,0.0003254670890932682,0.008856410671674309
491,490.99999999999994,0.6837029147840608,0.001964537,0.0003261207882593949,0.008874198732172463
492,491.99999999999994,0.6833249695574968,0.002666508,0.0003269959289352728,0.00889801252312335
493,492.99999999999994,0.6829470243309319,0.003553984,0.0003281714315644144,0.008929999579198098
494,493.99999999999994,0.682569079104367,0.00444111,0.000329682285371032,0.00897111200569119
495,494.99999999999994,0.6821911338778026,0.005305405,0.00033152410978097715,0.009021230601107497
496,495.99999999999994,0.6818131886512382,0.005957125,0.00033365241950724744,0.009079144859120132
497,496.99999999999994,0.6814352434246733,0.006521055,0.00033601045379085437,0.009143310240792641
498,497.99999999999994,0.6810572981981089,0.006701146,0.0003385090876671682,0.009211301532288326
499,498.99999999999994,0.680679352971544,0.006549043,0.00034101301050898256,0.009279436743867088
500,499.99999999999994,0.6803014077449796,0.005948329,0.0003433746715549836,0.009343700814771927
501,500.99999999999994,0.6799234625184152,0.005203488,0.00034548205955631955,0.00940104576364644
502,501.99999999999994,0.6795455172918503,0.004140511,0.00034724781946585673,0.009449094538562538
503,502.99999999999994,0.6791675720652854,0.002898026,0.0003485779101964309,0.009485288151174399
504,503.99999999999994,0.6787896268387215,0.001643741,0.0003494361797753402,0.009508642856189282
505,504.99999999999994,0.6784116816121566,0.000487636,0.00034983895165692,0.009519602837427973
506,505.99999999999994,0.6780337363855917,-0.000579201,0.0003498216483795848,0.009519131991265082
507,506.99999999999994,0.6776557911590277,-0.001273831,0.00034947147608004904,0.009509603317569771
508,507.99999999999994,0.6772778459324629,-0.001724305,0.0003489049104851533,0.009494186282333374
509,508.99999999999994,0.6768999007058984,-0.001895093,0.00034822094338658456,0.009475574589434673
510,509.99999999999994,0.676521955479334,-0.002098758,0.00034746621492605444,0.009455037381784348
511,510.99999999999994,0.6761440102527692,-0.002112994,0.0003466703091441175,0.009433379682136646
512,511.99999999999994,0.6757660650262047,-0.002240225,0.00034584766997349735,0.009410994529923822
513,512.9999999999999,0.6753881197996399,-0.002226608,0.00034500356086839175,0.009388025151031038
514,513.9999999999999,0.6750101745730754,-0.002050078,0.00034419538433878394,0.009366033547328938
515,514.9999999999999,0.674632229346511,-0.001951817,0.0003434391357825526,0.009345454975767357
516,515.9999999999999,0.6742542841199461,-0.001621036,0.0003427639644142691,0.009327082626882761
517,516.9999999999999,0.6738763388933813,-0.001284738,0.00034221485270788133,0.009312140536148051
518,517.9999999999999,0.6734983936668173,-0.000867641,0.0003418081120234774,0.009301072558282778
519,518.9999999999999,0.6731204484402524,-0.000435848,0.00034156178830076266,0.009294369748322437
520,519.9999999999999,0.6727425032136876,0.000241085,0.00034152498342768196,0.009293368236705304
521,520.9999999999999,0.6723645579871236,0.000818211,0.0003417251613610414,0.009298815355767872
522,521.9999999999999,0.6719866127605587,0.001533886,0.00034216964327782486,0.009310910324884823
523,522.9999999999999,0.6716086675339938,0.002252062,0.00034288508376513575,0.009330378452321058
524,523.9999999999999,0.6712307223074294,0.002830894,0.00034384562324365467,0.009356516063075556
525,524.9999999999999,0.670852777080865,0.003497978,0.0003450416067246238,0.00938906043152003
526,525.9999999999999,0.6704748318543001,0.00396677,0.0003464522396616776,0.009427445709221513
527,526.9999999999999,0.6700968866277357,0.004484593,0.00034804931581358493,0.009470904365255318
528,527.9999999999999,0.6697189414011708,0.004825422,0.0003498086536778323,0.009518778387416545
529,528.9999999999999,0.6693409961746064,0.005011625,0.0003516675861564031,0.009569362517096147
530,529.9999999999999,0.668963050948042,0.005083187,0.0003535752291606366,0.009621272127703803
531,530.9999999999999,0.6685851057214771,0.004980555,0.0003554770007857754,0.009673021969947114
532,531.9999999999999,0.6682071604949122,0.004893607,0.0003573429469828882,0.009723796952630983
533,532.9999999999999,0.6678292152683483,0.004881661,0.000359190204922383,0.009774063401918543
534,533.9999999999999,0.6674512700417834,0.004723886,0.0003610053902409789,0.009823457110730904
535,534.9999999999999,0.6670733248152185,0.0047703,0.00036279953138038714,0.009872278178255159
536,535.9999999999999,0.6666953795886545,0.004809434,0.0003646098387489164,0.009921539151284166
537,536.9999999999999,0.6663174343620897,0.004888967,0.00036644257093054603,0.009971410334563943
538,537.9999999999999,0.6659394891355248,0.005200461,0.0003683491965062296,0.010023292259530346
539,538.9999999999999,0.6655615439089604,0.005728381,0.00037041444833911893,0.010079490624850333
540,539.9999999999999,0.665183598682396,0.006411515,0.00037270855621121426,0.01014191648024788
541,540.9999999999999,0.6648056534558311,0.007374705,0.0003753137742318989,0.01021280807406374
542,541.9999999999999,0.6644277082292667,0.008220427,0.0003782608270804213,0.010293001467412221
543,542.9999999999999,0.6640497630027018,0.009133977,0.00038154033415625804,0.010382241401149265
544,543.9999999999999,0.6636718177761374,0.009974088,0.00038515123513407603,0.010480499022352686
545,544.9999999999999,0.663293872549573,0.010665795,0.0003890516077624269,0.010586633568446021
546,545.9999999999999,0.6629159273230081,0.010969405,0.00039314006804531205,0.01069788624035499
547,546.9999999999999,0.6625379820964432,0.011016042,0.00039729471541908153,0.01081093995475851
548,547.9999999999999,0.6621600368698792,0.01081127,0.0004014194796086496,0.010923180506294468
549,548.9999999999999,0.6617820916433144,0.010327018,0.0004054140371323234,0.011031877953952973
550,549.9999999999999,0.6614041464167504,0.009809634,0.0004092193128835196,0.011135424782191265
551,550.9999999999999,0.6610262011901855,0.009043581,0.0004127820541908426,0.011232371911999368
552,551.9999999999999,0.6606482559636206,0.008465624,0.00041609081441618806,0.011322407864486605
553,552.9999999999999,0.6602703107370562,0.007809688,0.0004191664026568128,0.011406098884035864
554,553.9999999999999,0.6598923655104918,0.00722257,0.00042200708773460654,0.011483397862890923
555,554.9999999999999,0.6595144202839269,0.006559502,0.0004246115218968913,0.011554268126833099
556,555.9999999999999,0.6591364750573625,0.006010719,0.0004269869494087973,0.01161890680235892
557,556.9999999999999,0.6587585298307976,0.005404424,0.00042914409881249845,0.011677605827973335
558,557.9999999999999,0.6583805846042332,0.004776436,0.00043106800253215965,0.011729957915189129
559,558.9999999999999,0.6580026393776688,0.004118631,0.00043274892658847077,0.011775698188935584
560,559.9999999999999,0.6576246941511039,0.003222346,0.00043413617019620604,0.011813447010562946
561,560.9999999999999,0.657246748924539,0.002253952,0.00043517104054037866,0.011841607267212746
562,561.9999999999999,0.6568688036979751,0.001230542,0.00043582951447752513,0.011859525255849355
563,562.9999999999999,0.6564908584714102,0.000186729,0.0004360973398821243,0.011866813156380392
564,563.9999999999999,0.6561129132448453,-0.000738922,0.00043599299052787815,0.01186397366579748
565,564.9999999999999,0.6557349680182814,-0.001426696,0.00043558374803504696,0.011852837610256779
566,565.9999999999999,0.6553570227917165,-0.00197208,0.0004349414724523658,0.011835360401300074
567,566.9999999999999,0.6549790775651516,-0.002101004,0.00043417177112476746,0.011814415761180747
568,567.9999999999999,0.6546011323385872,-0.001970629,0.000433402343996431,0.011793478582403441
569,568.9999999999999,0.6542231871120228,-0.001576674,0.0004327320008784169,0.01177523761690182
570,569.9999999999999,0.6538452418854579,-0.001079276,0.00043223009906616974,0.011761580172831201
571,570.9999999999999,0.6534672966588935,-0.000404945,0.0004319496219451113,0.011753948001556918
572,571.9999999999999,0.6530893514323286,0.000289531,0.00043192781185992193,0.011753354518904772
573,572.9999999999999,0.6527114062057642,0.000755216,0.00043212524043073077,0.011758726824001045
574,573.9999999999999,0.6523334609791998,0.00104855,0.00043246610280550055,0.01176800216173763
575,574.9999999999999,0.6519555157526349,0.001146188,0.0004328808481808305,0.01177928795833947
576,575.9999999999999,0.65157757052607,0.001309914,0.0004333449841942584,0.01179191774267153
577,576.9999999999999,0.651199625299506,0.001315397,0.0004338410960746071,0.011805417634668922
578,577.9999999999999,0.6508216800729412,0.001522734,0.0004343774251065146,0.011820011891111093
579,578.9999999999999,0.6504437348463763,0.001711538,0.00043498861393842037,0.011836643186485316
580,579.9999999999999,0.6500657896198123,0.001915666,0.0004356740561572084,0.011855295019450063
581,580.9999999999999,0.6496878443932474,0.002314251,0.0004364733946266656,0.01187704612728374
582,581.9999999999999,0.6493098991666826,0.00261625,0.0004374051242854266,0.011902399782905129
583,582.9999999999999,0.6489319539401186,0.003049227,0.00043847574427960737,0.011931532837089458
584,583.9999999999999,0.6485540087135537,0.003308744,0.00043967722667465043,0.01196422683860873
585,584.9999999999999,0.6481760634869889,0.003568469,0.0004409768315873594,0.011999590889855638
586,585.9999999999999,0.6477981182604244,0.003879016,0.0004423842022901901,0.012037887397641653
587,586.9999999999999,0.64742017303386,0.004071574,0.0004438866460596262,0.012078770975364656
588,587.9999999999999,0.6470422278072956,0.004216601,0.00044545288414871723,0.012121390484960089
589,588.9999999999999,0.6466642825807307,0.004527698,0.000447105317182069,0.012166355478476255
590,589.9999999999999,0.6462863373541659,0.004821563,0.00044887207146549726,0.012214431311684374
591,590.9999999999999,0.6459083921276019,0.00512281,0.00045075128561876117,0.012265567333847765
592,591.9999999999999,0.645530446901037,0.005396933,0.0004527392289445293,0.012319662027520377
593,592.9999999999999,0.6451525016744721,0.005836976,0.00045486213008563486,0.012377429110433049
594,593.9999999999999,0.6447745564479082,0.006248757,0.00045714600263407695,0.012439576448485316
595,594.9999999999999,0.6443966112213433,0.006560367,0.00045956657627021396,0.012505443612635095
596,595.9999999999999,0.6440186659947784,0.006950899,0.00046211983551498623,0.012574921336130732
597,596.9999999999999,0.643640720768214,0.007248788,0.0004648031874751669,0.012647939062753138
598,597.9999999999999,0.6432627755416496,0.007536593,0.00046759721956111136,0.012723968549027456
599,598.9999999999999,0.6428848303150847,0.007531729,0.0004704447197472305,0.012801452976427466
600,599.9999999999999,0.6425068850885203,0.007564785,0.0004732975474492633,0.012879082372920736
601,600.9999999999999,0.6421289398619554,0.007600183,0.00047616331108256573,0.012957063774036234
602,601.9999999999999,0.641750994635391,0.007572423,0.0004790305180886884,0.01303508445132704
603,602.9999999999999,0.6413730494088266,0.007413786,0.0004818625011666131,0.013112146636702552
604,603.9999999999999,0.6409951041822617,0.007409482,0.00048466369285795697,0.013188370945764763
605,604.9999999999999,0.6406171589556968,0.007229576,0.00048743007390420807,0.013263648008917881
606,605.9999999999999,0.6402392137291328,0.007105519,0.0004901390142680081,0.013337362031474592
607,606.9999999999999,0.639861268502568,0.006946643,0.0004927944880434143,0.013409621154043263
608,607.9999999999999,0.6394833232760031,0.006753711,0.0004953834797416869,0.013480071207132613
609,608.9999999999999,0.6391053780494391,0.006455469,0.0004978796530056032,0.013547995541953947
610,609.9999999999999,0.6387274328228743,0.00619565,0.0005002703680239785,0.013613050211723043
611,610.9999999999999,0.6383494875963094,0.005666395,0.0005025119696665007,0.013674047299827356
612,611.9999999999999,0.6379715423697454,0.005273643,0.0005045793372367684,0.013730303237294338
613,612.9999999999999,0.6375935971431805,0.004812582,0.0005064853575331716,0.01378216869177246
614,613.9999999999999,0.6372156519166157,0.00439833,0.0005082259676445248,0.013829533105816163
615,614.9999999999999,0.6368377066900512,0.00394475,0.000509802581274948,0.0138724349482743
616,615.9999999999999,0.6364597614634868,0.003681479,0.0005112437296985673,0.0139116505946672
617,616.9999999999999,0.636081816236922,0.003254045,0.0005125543537933294,0.01394731449313307
618,617.9999999999999,0.6357038710103575,0.002992845,0.0005137348449215165,0.013979437293182132
619,618.9999999999999,0.6353259257837927,0.002564345,0.0005147850016383227,0.014008013513221965
620,619.9999999999999,0.6349479805572282,0.002292986,0.0005157029041709699,0.014032990913573998
621,620.9999999999999,0.6345700353306638,0.001830853,0.0005164821968035554,0.014054196546397934
622,621.9999999999999,0.6341920901040989,0.00137998,0.0005170889563063785,0.014070707313587677
623,622.9999999999999,0.6338141448775341,0.000894459,0.0005175187629879596,0.014082402949211287
624,623.9999999999999,0.6334361996509701,0.00023364,0.0005177319428040307,0.014088203867526246
625,624.9999999999999,0.6330582544244052,-0.000431645,0.0005176945252817378,0.014087185684874767
626,625.9999999999999,0.6326803091978404,-0.001043249,0.0005174158107082434,0.014079601474963024
627,626.9999999999999,0.6323023639712764,-0.001581916,0.0005169197264178961,0.014066102333727818
628,627.9999999999999,0.6319244187447115,-0.001794435,0.0005162816885460679,0.014048740438757932
629,628.9999999999999,0.6315464735181471,-0.001815643,0.000515599482672255,0.014030176671226326
630,629.9999999999999,0.6311685282915822,-0.001508205,0.0005149713664295418,0.01401308475753848
631,630.9999999999999,0.6307905830650178,-0.001107861,0.0005144770016010028,0.013999632405242674
632,631.9999999999999,0.6304126378384534,-0.000567367,0.0005141604293879992,0.013991018036479884
633,632.9999999999999,0.6300346926118885,6.9621e-05,0.0005140663690256284,0.013988458523628976
634,633.9999999999999,0.6296567473853236,0.000666533,0.0005142054819707866,0.013992243979711494
635,634.9999999999999,0.6292788021587596,0.001082766,0.0005145360515742287,0.014001239236871939
636,635.9999999999999,0.6289008569321948,0.00148462,0.0005150212172159531,0.014014441266542183
637,636.9999999999999,0.6285229117056299,0.001630887,0.0005156099627154424,0.014030461847729374
638,637.9999999999999,0.6281449664790659,0.001774691,0.0005162535236898392,0.01404797403397653
639,638.9999999999999,0.6277670212525011,0.001945338,0.0005169565072914551,0.014067103192284696
640,639.9999999999999,0.6273890760259362,0.002074079,0.0005177160670258164,0.014087771865593303
641,640.9999999999999,0.6270111307993722,0.002041634,0.0005184938240669464,0.014108935712845026
642,641.9999999999999,0.6266331855728073,0.002154063,0.0005192866958935771,0.014130510854363038
643,642.9999999999999,0.6262552403462425,0.002246645,0.0005201183091846295,0.01415314020483316
644,643.9999999999999,0.625877295119678,0.002511196,0.0005210174108319811,0.014177606007033649
645,644.9999999999999,0.6254993498931136,0.002589917,0.0005219813814862394,0.01420383698483647
646,645.9999999999999,0.6251214046665488,0.002866832,0.000523012557604795,0.014231896716486125
647,646.9999999999999,0.6247434594399843,0.003003868,0.0005241219591255915,0.014262085069770404
648,647.9999999999999,0.6243655142134195,0.003162024,0.0005252871438500479,0.014293791361355513
649,648.9999999999999,0.623987568986855,0.003286919,0.0005265058174616665,0.01432695315970906
650,649.9999999999999,0.6236096237602906,0.003406855,0.0005277707574271676,0.014361373929688299
651,650.9999999999999,0.6232316785337257,0.003521552,0.000529080036603841,0.014397001231068586
652,651.9999999999999,0.6228537333071609,0.00375694,0.0005304554722578353,0.014434428741905926
653,652.9999999999999,0.6224757880805969,0.003884602,0.0005318995144190817,0.014473723130911095
654,653.9999999999999,0.622097842854032,0.004010695,0.0005333915093258116,0.01451432238059517
655,654.9999999999999,0.6217198976274672,0.00429972,0.000534961950165822,0.014557056252869167
656,655.9999999999999,0.6213419524009032,0.004584812,0.0005366408833956522,0.0146027423534673
657,656.9999999999999,0.6209640071743383,0.004884408,0.0005384303066447972,0.014651435040657336
658,657.9999999999999,0.6205860619477734,0.00516615,0.0005403295868550025,0.014703117088046593
659,658.9999999999999,0.620208116721209,0.005454699,0.0005423366364458092,0.014757731689676885
660,659.9999999999999,0.6198301714946446,0.005760418,0.0005444559864135659,0.014815402140239934
661,660.9999999999999,0.6194522262680797,0.005748226,0.0005466308049455815,0.014874581967329546
662,661.9999999999999,0.6190742810415153,0.005738965,0.0005488015694481244,0.01493365147865732
663,662.9999999999999,0.6186963358149504,0.005713035,0.0005509656838154333,0.014992540030586653
664,663.9999999999999,0.618318390588386,0.005527286,0.0005530897966489352,0.015050340085329133
665,664.9999999999999,0.6179404453618216,0.005378603,0.0005551507109934318,0.015106420421577128
666,665.9999999999999,0.6175625001352567,0.005225557,0.0005571546068202954,0.015160949204918638
667,666.9999999999999,0.6171845549086918,0.005081571,0.0005591023717338905,0.015213950588298858
668,667.9999999999999,0.6168066096821279,0.004755479,0.0005609613047793792,0.01526453473340508
669,668.9999999999999,0.616428664455563,0.004402671,0.0005626919443177104,0.01531162783433519
670,669.9999999999999,0.616050719228999,0.004030315,0.0005642855477199035,0.015354991992035187
671,670.9999999999999,0.6156727740024341,0.00343025,0.000565695390184516,0.015393355759885752
672,671.9999999999999,0.6152948287758693,0.0028446,0.0005668811649869704,0.015425622336036098
673,672.9999999999999,0.6149168835493048,0.002240993,0.0005678422027862706,0.015451773506789852
674,673.9999999999999,0.61453893832274,0.001808329,0.0005686074137466321,0.01547259595779191
675,674.9999999999999,0.6141609930961756,0.001422141,0.0005692178841046621,0.015489207702495993
676,675.9999999999999,0.6137830478696111,0.001302962,0.0005697328539400355,0.015503220745591373
677,676.9999999999999,0.6134051026430463,0.001475146,0.000570257840268776,0.015517506351356593
678,677.9999999999999,0.6130271574164814,0.001781634,0.0005708732824962616,0.015534253387520795
679,678.9999999999999,0.6126492121899174,0.002190418,0.0005716238915427947,0.01555467850020574
680,679.9999999999999,0.6122712669633525,0.002625677,0.0005725340016007605,0.015579443856519406
681,680.9999999999999,0.6118933217367877,0.003234836,0.0005736414780575454,0.015609579826143319
682,681.9999999999999,0.6115153765102237,0.003694175,0.0005749508713736772,0.015645210233416494
683,682.9999999999999,0.6111374312836588,0.004199229,0.0005764425085552501,0.01568579974890315
684,683.9999999999999,0.610759486057094,0.004419421,0.0005780711973687157,0.015730118629280882
685,684.9999999999999,0.61038154083053,0.004507114,0.0005797580680152216,0.015776020717989975
686,685.9999999999999,0.6100035956039651,0.004421449,0.0005814453218981872,0.015821933235094395
687,686.9999999999999,0.6096256503774002,0.004268453,0.0005830874753882943,0.015866618507988896
688,687.9999999999999,0.6092477051508358,0.003935972,0.0005846378870210229,0.015908807357767348
689,688.9999999999999,0.6088697599242714,0.003715583,0.0005860838213650461,0.015948153235688902
690,689.9999999999999,0.6084918146977065,0.003705914,0.0005874862810476029,0.01598631610780538
691,690.9999999999999,0.6081138694711421,0.003672132,0.0005888805296811398,0.016024255545895497
692,691.9999999999999,0.6077359242445772,0.003967731,0.0005903242545573686,0.0160635413011355
693,692.9999999999999,0.6073579790180128,0.004252379,0.0005918776302255366,0.016105810806427135
694,693.9999999999999,0.6069800337914484,0.004804934,0.0005935892143324623,0.01615238538265319
695,694.9999999999999,0.6066020885648835,0.005326549,0.0005955037871513975,0.016204483563125302
696,695.9999999999999,0.6062241433383186,0.005683667,0.00059758441644172,0.016261100370378985
697,696.9999999999999,0.6058461981117547,0.006062206,0.0005998040647578121,0.016321500078038422
698,697.9999999999999,0.6054682528851898,0.006158675,0.0006021134765769941,0.016384342375051233
699,698.9999999999999,0.6050903076586249,0.006029611,0.0006044167288338461,0.01644701706183438
700,699.9999999999999,0.604712362432061,0.005893829,0.0006066699324499608,0.01650832985572333
701,700.9999999999999,0.6043344172054961,0.005793932,0.0006088785991895497,0.016568430739462955
702,701.9999999999999,0.6039564719789312,0.005747252,0.0006110595668904015,0.016627777893960857
703,702.9999999999999,0.6035785267523668,0.005830138,0.0006132473765336899,0.016687311227197073
704,703.9999999999999,0.6032005815258024,0.006091274,0.0006155001969133448,0.016748613592690698
705,704.9999999999999,0.6028226362992375,0.006442341,0.000617868706893769,0.0168130640325955
706,705.9999999999999,0.6024446910726731,0.006798564,0.0006203708753138417,0.016881151503926606
707,706.9999999999999,0.6020667458461082,0.007339351,0.0006230425540577546,0.016953851586152417
708,707.9999999999999,0.6016888006195442,0.008007041,0.0006259426018584491,0.017032765906988944
709,708.9999999999999,0.6013108553929793,0.008586748,0.0006290783735300342,0.017118094601123672
710,709.9999999999999,0.6009329101664145,0.009055638,0.0006324123013169892,0.017208815397850737
711,710.9999999999999,0.6005549649398505,0.009284605,0.0006358781049649316,0.01730312471956765
712,711.9999999999999,0.6001770197132856,0.009385461,0.0006394062361271045,0.017399130059348046
713,712.9999999999999,0.5997990744867208,0.009301882,0.0006429376321691172,0.017495224241034807
714,713.9999999999999,0.5994211292601568,0.009078415,0.000646411004926112,0.017589739528701683
715,714.9999999999999,0.5990431840335919,0.00861252,0.0006497541071444693,0.017680709974425224
716,715.9999999999999,0.598665238807027,0.008177827,0.0006529270228949759,0.01776704941043824
717,716.9999999999999,0.5982872935804626,0.007666602,0.0006559211860490717,0.017848524740507847
718,717.9999999999999,0.5979093483538982,0.007049103,0.0006587020512792131,0.01792419593838326
719,718.9999999999999,0.5975314031273333,0.006671558,0.0006612948804443436,0.01799475041426549
720,719.9999999999999,0.5971534579007689,0.006297067,0.0006637455954012718,0.018061437765537283
721,720.9999999999999,0.596775512674204,0.00596085,0.0006660620060101593,0.018124470509320024
722,721.9999999999999,0.5963975674476396,0.00583245,0.0006682906167303814,0.018185114096419937
723,722.9999999999999,0.5960196222210752,0.005680492,0.000670466247466689,0.018244316024714245
724,723.9999999999999,0.5956416769945103,0.00551025,0.000672580991226997,0.01830186113398728
725,724.9999999999999,0.5952637317679454,0.005313429,0.0006746263701329556,0.018357518729416718
726,725.9999999999999,0.5948857865413815,0.005097056,0.0006765936666889418,0.01841105159586206
727,726.9999999999999,0.5945078413148166,0.004732609,0.0006784512041716812,0.018461597765771283
728,727.9999999999999,0.5941298960882517,0.00452957,0.0006802015023419997,0.018509225805329464
729,728.9999999999999,0.5937519508616877,0.00411099,0.0006818343315454222,0.01855365735145752
730,729.9999999999999,0.5933740056351229,0.003842275,0.0006833372808165988,0.018594554684583636
731,730.9999999999999,0.592996060408558,0.003475311,0.0006847201041659368,0.018632183224852442
732,731.9999999999999,0.5926181151819936,0.003094921,0.0006859616980768478,0.01866596871632291
733,732.9999999999999,0.5922401699554292,0.002929198,0.0006871000915870013,0.018696945981827622
734,733.9999999999999,0.5918622247288643,0.00274617,0.0006881725807093,0.018726129897579113
735,734.9999999999999,0.5914842795022999,0.002775237,0.0006892159754190852,0.018754522114034097
736,735.9999999999999,0.591106334275735,0.003020913,0.0006903112890315614,0.018784327115803676
737,736.9999999999999,0.5907283890491706,0.003270355,0.0006915001663863806,0.01881667811670477
738,737.9999999999999,0.5903504438226062,0.003484735,0.0006927766933966377,0.018851414186234313
739,738.9999999999999,0.5899724985960413,0.003720128,0.0006941382151860886,0.01888846308152939
740,739.9999999999999,0.5895945533694764,0.003817128,0.0006955625501493863,0.01892722121035935
741,740.9999999999999,0.5892166081429124,0.003750284,0.0006969925837708101,0.018966134407576662
742,741.9999999999999,0.5888386629163476,0.003494389,0.0006983616285599958,0.01900338801412325
743,742.9999999999999,0.5884607176897827,0.003094906,0.0006996068248558338,0.01903727153148137
744,743.9999999999999,0.5880827724632187,0.002658986,0.0007006941528636179,0.019066859233877263
745,744.9999999999999,0.5877048272366538,0.002070054,0.0007015878119107344,0.019091176935380573
746,745.9999999999999,0.587326882010089,0.001692151,0.0007022987656212881,0.019110522971401468
747,746.9999999999999,0.586948936783525,0.001282428,0.0007028608795883328,0.019125818871672987
748,747.9999999999999,0.5865709915569601,0.001093251,0.0007033098178572826,0.019138035104309985
749,748.9999999999999,0.5861930463303957,0.001080825,0.0007037206586804769,0.019149214652635544
750,749.9999999999999,0.5858151011038308,0.001249574,0.0007041610402694974,0.01916119804615
751,750.9999999999999,0.5854371558772664,0.001433036,0.0007046679800916146,0.019174992581453106
752,751.9999999999999,0.585059210650702,0.001580432,0.0007052374430146172,0.0191904884570037
753,752.9999999999999,0.5846812654241371,0.001809325,0.0007058780142532992,0.019207919288397546
754,753.9999999999999,0.5843033201975723,0.002026723,0.0007066029222685356,0.019227645040392958
755,754.9999999999999,0.5839253749710083,0.002087551,0.000707380407378075,0.01924880148800914
756,755.9999999999999,0.5835474297444434,0.002016125,0.0007081558897558589,0.01926990343851797
757,756.9999999999999,0.5831694845178785,0.001828495,0.0007088824176443362,0.01928967326950981
758,757.9999999999999,0.5827915392913146,0.001481466,0.0007095079096243687,0.019306693773372244
759,758.9999999999999,0.5824135940647497,0.001198717,0.0007100143908099535,0.01932047582853952
760,759.9999999999999,0.5820356488381848,0.000957394,0.0007104218367401503,0.019331562997120456
761,760.9999999999999,0.5816577036116204,0.000912611,0.0007107752164718513,0.019341178949491278
762,761.9999999999999,0.581279758385056,0.000945678,0.0007111263822004151,0.01935073465576758
763,762.9999999999999,0.5809018131584911,0.001149801,0.0007115223703431233,0.019361510042067643
764,763.9999999999999,0.5805238679319267,0.00143168,0.0007120101995538319,0.01937478455114231
765,764.9999999999999,0.5801459227053618,0.00193353,0.0007126461320817756,0.019392089156786575
766,765.9999999999999,0.5797679774787974,0.002364205,0.0007134582862959204,0.019414188998798976
767,766.9999999999999,0.579390032252233,0.002588035,0.0007143941240303215,0.019439654440853337
768,767.9999999999999,0.5790120870256681,0.002795922,0.000715411544454411,0.01946733986098779
769,768.9999999999999,0.5786341417991032,0.002659745,0.000716442516104599,0.019495394028769722
770,769.9999999999999,0.5782561965725392,0.002214747,0.0007173636615962626,0.019520459674532132
771,770.9999999999999,0.5778782513459744,0.001699707,0.000718103386198216,0.019540588606391542
772,771.9999999999999,0.5775003061194095,0.000900435,0.000718594741826861,0.019553959074186743
773,772.9999999999999,0.5771223608928455,0.000189151,0.0007188006437406769,0.019559561950692375
774,773.9999999999999,0.5767444156662807,-0.000534283,0.0007187354232447095,0.019557787210585452
775,774.9999999999999,0.5763664704397158,-0.001221663,0.0007184035975403069,0.019548757773176606
776,775.9999999999999,0.5759885252131518,-0.001618106,0.0007178669589712588,0.019534155093799743
777,776.9999999999999,0.5756105799865869,-0.001792364,0.000717222473542838,0.01951661775187707
778,777.9999999999999,0.5752326347600221,-0.001634402,0.000716574908616711,0.019498996612552878
779,778.9999999999999,0.5748546895334576,-0.001417488,0.000715998184987961,0.01948330316313377
780,779.9999999999999,0.5744767443068932,-0.000942384,0.0007155522338091093,0.019471168213359185
781,780.9999999999999,0.5740987990803283,-0.000292037,0.0007153189620468487,0.01946482056533603
782,781.9999999999999,0.5737208538537639,0.000323088,0.0007153248298354637,0.019464980235998443
783,782.9999999999999,0.573342908627199,0.000822766,0.0007155413648602837,0.019470872454194602
784,783.9999999999999,0.5729649634006342,0.001414864,0.0007159642156489425,0.019482378810329222
785,784.9999999999999,0.5725870181740702,0.001798241,0.0007165714044975429,0.019498901260612742
786,785.9999999999999,0.5722090729475053,0.002001398,0.0007172894322089023,0.019518439790001865
787,786.9999999999999,0.5718311277209405,0.002193703,0.0007180821914078555,0.01954001186676464
788,787.9999999999999,0.5714531824943765,0.002422232,0.0007189544767075468,0.01956374795897124
789,788.9999999999999,0.5710752372678116,0.002615351,0.0007199064419316833,0.019589652252377965
790,789.9999999999999,0.5706972920412472,0.002852564,0.0007209397281184388,0.019617769401908413
791,790.9999999999999,0.5703193468146828,0.003202837,0.000722084033069881,0.019648907525925303
792,791.9999999999999,0.5699414015881179,0.003659288,0.0007233807867638008,0.019684193991556468
793,792.9999999999999,0.5695634563615535,0.004250404,0.000724875501931299,0.019724867263306994
794,793.9999999999999,0.5691855111349886,0.004804258,0.0007265865850718269,0.0197714282075429
795,794.9999999999999,0.5688075659084242,0.005456866,0.0007285256564893206,0.019824193028842876
796,795.9999999999999,0.5684296206818598,0.006137864,0.0007307167429177233,0.019883815527944482
797,796.9999999999999,0.5680516754552949,0.006640268,0.0007331314599146294,0.019949523324822048
798,797.9999999999999,0.56767373022873,0.006945432,0.0007356987851468987,0.0200193838033364
799,798.9999999999999,0.567295785002166,0.007045181,0.00073834262784693,0.020091326428220584
800,799.9999999999999,0.5669178397756012,0.007079653,0.0007410118346400886,0.02016395924523964
801,800.9999999999999,0.5665398945490363,0.007015685,0.0007436754674970458,0.020236440387727806
802,801.9999999999999,0.5661619493224723,0.007035574,0.0007463307706301822,0.020308694866883765
803,802.9999999999999,0.5657840040959075,0.006915531,0.0007489671474002079,0.020380434333462885
804,803.9999999999999,0.5654060588693426,0.006967787,0.0007515907142836971,0.02045182522527169
805,804.9999999999999,0.5650281136427782,0.007178237,0.0007542639254065312,0.0205245670056522
806,805.9999999999999,0.5646501684162137,0.007357938,0.0007570108643834099,0.020599315023146207
807,806.9999999999999,0.5642722231896489,0.007682417,0.0007598530795724533,0.020676655638449483
808,807.9999999999999,0.5638942779630844,0.007914334,0.0007628004383676367,0.020756857357030725
809,808.9999999999999,0.5635163327365196,0.008144476,0.0007658351136595405,0.020839435078529877
810,809.9999999999999,0.5631383875099552,0.00813824,0.000768912101053394,0.02092316417097806
811,810.9999999999999,0.5627604422833907,0.007966196,0.0007719553984097515,0.021005976510803298
812,811.9999999999999,0.5623824970568259,0.007678096,0.0007749117411519429,0.02108642269503659
813,812.9999999999999,0.562004551830261,0.007265218,0.0007777356182496208,0.021163264305452702
814,813.9999999999999,0.561626606603697,0.006674756,0.000780369891565488,0.021234946534128267
815,814.9999999999999,0.5612486613771321,0.00619737,0.000782802370854207,0.021301137667588965
816,815.9999999999999,0.5608707161505673,0.005753233,0.0007850607075334163,0.02136259013924041
817,816.9999999999999,0.5604927709240033,0.005381778,0.0007871649196610134,0.021419848668187948
818,817.9999999999999,0.5601148256974384,0.005409062,0.0007892040928953245,0.02147533739868927
819,818.9999999999999,0.5597368804708736,0.005424605,0.0007912513592597448,0.021531046354479926
820,819.9999999999999,0.5593589352443096,0.005717926,0.0007933569924613937,0.021588343552822374
821,820.9999999999999,0.5589809900177447,0.00607154,0.0007955848786606165,0.02164896742470153
822,821.9999999999999,0.5586030447911798,0.006483784,0.0007979574910475024,0.0217135294967731
823,822.9999999999999,0.5582250995646154,0.006830525,0.0008004735308132805,0.02178199442664995
824,823.9999999999999,0.557847154338051,0.007142333,0.0008031140183045629,0.021853845751652938
825,824.9999999999999,0.5574692091114861,0.007150326,0.0008058149394265456,0.021927341559523156
826,825.9999999999999,0.5570912638849217,0.007143317,0.0008085160464975799,0.02200084242732484
827,826.9999999999999,0.5567133186583568,0.006822854,0.0008111552703289973,0.022072659366391155
828,827.9999999999999,0.5563353734317928,0.006402311,0.0008136544643201368,0.022140665899387704
829,828.9999999999999,0.555957428205228,0.005972591,0.0008159929818901891,0.022204300204229428
830,829.9999999999999,0.5555794829786631,0.005382745,0.0008181388294088077,0.022262691689883554
831,830.9999999999999,0.5552015377520991,0.00495027,0.0008200914862564429,0.022315826189570426
832,831.9999999999999,0.5548235925255343,0.004542281,0.0008218853184256284,0.022364638849586612
833,832.9999999999999,0.5544456472989694,0.004307988,0.0008235577768868097,0.022410148762754187
834,833.9999999999999,0.554067702072405,0.004293486,0.0008251832199066694,0.022454379320588434
835,834.9999999999999,0.5536897568458405,0.004499421,0.0008268448385208077,0.022499594266491275
836,835.9999999999999,0.5533118116192757,0.004925399,0.0008286258713859229,0.022548058639700722
837,836.9999999999999,0.5529338663927112,0.005441925,0.0008305850116949472,0.022601369563359668
838,837.9999999999999,0.5525559211661464,0.006213647,0.0008327875955950872,0.022661304924605573
839,838.9999999999999,0.552177975939582,0.006998912,0.0008352844073974638,0.022729246634943582
840,839.9999999999999,0.5518000307130175,0.00784091,0.0008380887273414479,0.02280555606809666
841,840.9999999999999,0.5514220854864527,0.008601543,0.0008411959006536292,0.022890106561227655
842,841.9999999999999,0.5510441402598878,0.009314312,0.000844581506592166,0.022982233592097886
843,842.9999999999999,0.5506661950333238,0.009925632,0.000848217329089251,0.02308116936238792
844,843.9999999999999,0.550288249806759,0.010373762,0.0008520533586214781,0.02318555304364037
845,844.9999999999999,0.5499103045801941,0.010795561,0.0008560537809102052,0.02329441007968598
846,845.9999999999999,0.5495323593536301,0.011254569,0.0008602206515995195,0.02340779640745
847,846.9999999999999,0.5491544141270652,0.011550083,0.0008645301062829529,0.023525062643350487
848,847.9999999999999,0.5487764689005004,0.011852024,0.0008689524635990549,0.023645401116396708
849,848.9999999999999,0.5483985236739364,0.012140429,0.0008734863801415176,0.023768775270640738
850,849.9999999999999,0.5480205784473715,0.012467575,0.0008781366189650589,0.023895314715404205
851,850.9999999999999,0.5476426332208066,0.012743181,0.0008829007614092013,0.02402495363558267
852,851.9999999999999,0.5472646879942422,0.013216746,0.000887806476655009,0.024158444947949175
853,852.9999999999999,0.5468867427676778,0.013527483,0.0008928604034993591,0.024295969303369757
854,853.9999999999999,0.5465087975411129,0.013961299,0.0008980550304698465,0.024437322304267515
855,854.9999999999999,0.5461308523145485,0.014137888,0.0009033650072683445,0.02458181413388868
856,855.9999999999999,0.5457529070879836,0.014251825,0.0009087298855242889,0.024727799908273885
857,856.9999999999999,0.5453749618614192,0.014225743,0.0009141113659691733,0.024874237451234862
858,857.9999999999999,0.5449970166348548,0.013918524,0.000919429861653078,0.025018961091537215
859,858.9999999999999,0.5446190714082899,0.01333601,0.0009245802221668493,0.02515910954078353
860,859.9999999999999,0.544241126181725,0.012693746,0.0009294991331812699,0.025292959928306574
861,860.9999999999999,0.5438631809551611,0.011995095,0.000934164647983951,0.025419915053638706
862,861.9999999999999,0.5434852357285962,0.0113392,0.000938574190689201,0.025539904823359442
863,862.9999999999999,0.5431072905020313,0.010610724,0.0009427221251888288,0.025652775871151872
864,863.9999999999999,0.5427293452754673,0.010056698,0.0009466277019339769,0.025759052028477447
865,864.9999999999999,0.5423514000489025,0.009461925,0.0009503161871299589,0.02585942082380792
866,865.9999999999999,0.5419734548223376,0.009060553,0.0009538164282020827,0.025954667235575553
867,866.9999999999999,0.5415955095957732,0.00885319,0.0009572016350304603,0.02604678340610509
868,867.9999999999999,0.5412175643692088,0.008602538,0.0009605002895673652,0.02613654436880089
869,868.9999999999999,0.5408396191426443,0.008603391,0.0009637517389344449,0.02622502081338777
870,869.9999999999999,0.5404616739160795,0.008519744,0.0009669875425029805,0.026313071514107337
871,870.9999999999999,0.5400837286895146,0.008569905,0.0009702170181345877,0.026400950022891008
872,871.9999999999999,0.5397057834629506,0.008749135,0.0009734898423829283,0.02649000810762784
873,872.9999999999999,0.5393278382363857,0.008784212,0.0009768031647851036,0.026580168203270915
874,873.9999999999999,0.5389498930098209,0.008792721,0.0009801247237476015,0.026670552427138273
875,874.9999999999999,0.5385719477832569,0.008680772,0.0009834267353829814,0.02676040474113734
876,875.9999999999999,0.538194002556692,0.008428005,0.0009866598256827355,0.026848381610052104
877,876.9999999999999,0.5378160573301272,0.008136531,0.0009897900693384642,0.026933559879212192
878,877.9999999999999,0.5374381121035632,0.007797276,0.00099280112248679,0.027015494809438483
879,878.9999999999999,0.5370601668769983,0.007439108,0.0009956803817882426,0.027093843446392665
880,879.9999999999999,0.5366822216504334,0.006891496,0.0009983884734760364,0.02716753437529877
881,880.9999999999999,0.536304276423869,0.006449114,0.0010009094834105164,0.027236134550355878
882,881.9999999999999,0.5359263311973046,0.005792698,0.001003222850615467,0.027299084478898592
883,882.9999999999999,0.5355483859707397,0.005201655,0.0010053004822332251,0.027355619715326285
884,883.9999999999999,0.5351704407441753,0.004477667,0.001007129609006366,0.0274053927904431
885,884.9999999999999,0.5347924955176104,0.003638718,0.0010086633834902213,0.027447128920337526
886,885.9999999999999,0.534414550291046,0.002909437,0.0010099008054527488,0.02748080088730913
887,886.9999999999999,0.5340366050644816,0.002229749,0.0010108719708613126,0.0275072276443503
888,887.9999999999999,0.5336586598379167,0.001750458,0.001011624120979507,0.02752769469173146
889,888.9999999999999,0.5332807146113518,0.001581683,0.0010122538043721022,0.027544829249740048
890,889.9999999999999,0.5329027693847879,0.001573851,0.0010128501138783833,0.02756105565803762
891,890.9999999999999,0.532524824158223,0.001920401,0.0010135104318102902,0.02757902382432789
892,891.9999999999999,0.5321468789316581,0.002621849,0.0010143687926629718,0.027602381013028643
893,892.9999999999999,0.5317689337050941,0.003408386,0.001015508341929628,0.02763338972826996
894,893.9999999999999,0.5313909884785293,0.00425595,0.0010169566915326216,0.02767280132873624
895,894.9999999999999,0.5310130432519644,0.00520248,0.0010187440757672692,0.027721438531515225
896,895.9999999999999,0.5306350980254,0.006092173,0.001020878455860796,0.02777951797263593
897,896.9999999999999,0.5302571527988356,0.006888646,0.0010233314751497704,0.027846268027977072
898,897.9999999999999,0.5298792075722707,0.007561226,0.001026062105223205,0.027920572257600213
899,898.9999999999999,0.5295012623457063,0.008087856,0.001029019353144214,0.02800104307300393
900,899.9999999999999,0.5291233171191414,0.008417353,0.0010321383856217144,0.028085916270462977
901,900.9999999999999,0.528745371892577,0.008648794,0.0010353634200189641,0.028173673927103137
902,901.9999999999999,0.5283674266660126,0.008527144,0.0010386092019083989,0.028261996151766777
903,902.9999999999999,0.5279894814394477,0.008352125,0.0010417989214816237,0.028348792843090186
904,903.9999999999999,0.5276115362128828,0.00815151,0.001044917656516231,0.02843365794671578
905,904.9999999999999,0.5272335909863188,0.007859479,0.0010479432949487952,0.02851598976274499
906,905.9999999999999,0.526855645759754,0.007592939,0.0010508633787597857,0.02859544929119651
907,906.9999999999999,0.52647770053319,0.007411055,0.0010536987227156376,0.028672602930719424
908,907.9999999999999,0.5260997553066251,0.007193252,0.0010564585367746045,0.02874770129704508
909,908.9999999999999,0.5257218100800602,0.007088078,0.0010591573170258513,0.028821138848854802
910,909.9999999999999,0.5253438648534958,0.00710168,0.0010618387926769547,0.02889410551850619
911,910.9999999999999,0.5249659196269314,0.00700474,0.0010645045197284124,0.02896664364692978
912,911.9999999999999,0.5245879744003665,0.006834439,0.0010671197455497238,0.029037807566873967
913,912.9999999999999,0.5242100291738021,0.006774771,0.0010696915135281313,0.029107788938669478
914,913.9999999999999,0.5238320839472372,0.006585187,0.001072216179704733,0.02917648860514317
915,914.9999999999999,0.5234541387206728,0.006466883,0.0010746826634813766,0.02924360504785888
916,915.9999999999999,0.5230761934941084,0.006442247,0.0010771221355126775,0.029309986463538894
917,916.9999999999999,0.5226982482675435,0.006245701,0.0010795198102034275,0.029375230515641122
918,917.9999999999999,0.5223203030409787,0.006109203,0.0010818545486991594,0.02943876198663186
919,918.9999999999999,0.5219423578144147,0.00595094,0.0010841335854384277,0.029500777735612885
920,919.9999999999999,0.5215644125878498,0.005613625,0.0010863189715079507,0.029560245120047277
921,920.9999999999999,0.5211864673612849,0.005139692,0.0010883510539228937,0.029615540899523972
922,921.9999999999999,0.520808522134721,0.004553266,0.0010901827575265893,0.029665384093772302
923,922.9999999999999,0.5204305769081561,0.003913083,0.0010917826656220793,0.02970891981091676
924,923.9999999999999,0.5200526316815912,0.003270269,0.001093140122421646,0.029745858092202017
925,924.9999999999999,0.5196746864550268,0.00260549,0.001094250479954893,0.029776072459910343
926,925.9999999999999,0.5192967412284624,0.002191096,0.0010951569033461463,0.029800737496912134
927,926.9999999999999,0.5189187960018975,0.001806978,0.0010959124298380223,0.02982129642010165
928,927.9999999999999,0.5185408507753331,0.001464687,0.0010965306849228566,0.02983811999801362
929,928.9999999999999,0.5181629055487682,0.001388481,0.00109706985553595,0.02985279157781899
930,929.9999999999999,0.5177849603222038,0.001258592,0.0010975700798383091,0.029866403374520116
931,930.9999999999999,0.5174070150956394,0.001272524,0.0010980483914433496,0.02987941889635081
932,931.9999999999999,0.5170290698690745,0.001364142,0.0010985466491077222,0.029892977178106076
933,932.9999999999999,0.5166511246425096,0.001284148,0.0010990471033897515,0.029906595232872837
934,933.9999999999999,0.5162731794159456,0.001179783,0.0010995127188697688,0.029919265275541698
935,934.9999999999999,0.5158952341893808,0.001008259,0.0010999261988844803,0.029930516639927008
936,935.9999999999999,0.5155172889628159,0.000591674,0.0011002285424045668,0.029938743826231053
937,936.9999999999999,0.5151393437362519,-1.7642e-05,0.0011003370187317144,0.029941695617467613
938,937.9999999999999,0.514761398509687,-0.000781192,0.0011001860609831556,0.029937587847864752
939,938.9999999999999,0.5143834532831222,-0.001403462,0.001099773221207658,0.029926353905275982
940,939.9999999999999,0.5140055080565578,-0.002005229,0.001099129071961516,0.02990882571133915
941,940.9999999999999,0.5136275628299933,-0.002488628,0.0010982798560605091,0.02988571736945062
942,941.9999999999999,0.5132496176034285,-0.002593495,0.001097319473996177,0.029859584042154354
943,942.9999999999999,0.512871672376864,-0.002294814,0.0010963957174699155,0.029834447346521003
944,943.9999999999999,0.5124937271502992,-0.001806185,0.0010956207409718174,0.029813359161699693
945,944.9999999999999,0.5121157819237347,-0.000896291,0.0010951100470197647,0.029799462471316894
946,945.9999999999999,0.5117378366971703,0.000127426,0.0010949647525914533,0.029795508808508724
947,946.9999999999999,0.5113598914706055,0.001139563,0.0010952041788137832,0.029802023927921962
948,947.9999999999999,0.5109819462440415,0.002295765,0.001095853361723425,0.02981968909482052
949,948.9999999999999,0.5106040010174766,0.003297517,0.0010969103388397898,0.02984845090738709
950,949.9999999999999,0.5102260557909117,0.004208953,0.0010983288560922149,0.02988705072823943
951,950.9999999999999,0.5098481105643478,0.004971392,0.001100063689877698,0.0299342579604488
952,951.9999999999999,0.5094701653377829,0.005617516,0.0011020647034942637,0.02998870831485265
953,952.9999999999999,0.509092220111218,0.006009993,0.0011042619842559572,0.03004849937034997
954,953.9999999999999,0.5087142748846536,0.006449455,0.001106616478704572,0.030112568428205262
955,954.9999999999999,0.5083363296580892,0.006621311,0.0011090864955131934,0.030179781009618743
956,955.9999999999999,0.5079583844315243,0.006843771,0.0011116310272467939,0.030249021245436918
957,956.9999999999999,0.5075804392049599,0.007048885,0.0011142563587565458,0.030320460155172542
958,957.9999999999999,0.507202493978395,0.007388345,0.0011169845998382033,0.030394699377017696
959,958.9999999999999,0.5068245487518306,0.007708439,0.0011198374785628417,0.030472330161906792
960,959.9999999999999,0.5064466035252662,0.008046134,0.0011228146613937984,0.03055334343384488
961,960.9999999999999,0.5060686582987013,0.008508697,0.0011259430710703151,0.03063847179788826
962,961.9999999999999,0.5056907130721364,0.008993262,0.0011292504620001047,0.03072847048994524
963,962.9999999999999,0.5053127678455724,0.009409672,0.0011327281125301464,0.030823102181746772
964,963.9999999999999,0.5049348226190076,0.009728324,0.0011363446696472526,0.03092151371434103
965,964.9999999999999,0.5045568773924427,0.009877186,0.001140049574106685,0.031022329300591123
966,965.9999999999999,0.5041789321658787,0.009955063,0.0011437973260274802,0.031124310825662024
967,966.9999999999999,0.5038009869393139,0.009831017,0.0011475363532716927,0.031226054940188566
968,967.9999999999999,0.503423041712749,0.009607616,0.0011512097225483383,0.03132601241039951
969,968.9999999999999,0.5030450964861846,0.009352463,0.001154792658225007,0.03142350905699188
970,969.9999999999999,0.5026671512596201,0.009088838,0.0011582775590673025,0.03151833803984055
971,970.9999999999999,0.5022892060330553,0.008818055,0.001161661471433279,0.031610418986253705
972,971.9999999999999,0.5019112608064908,0.008587572,0.001164950658253286,0.03169992231924813
973,972.9999999999999,0.501533315579926,0.008360372,0.001168153355520728,0.031787072151621465
974,973.9999999999999,0.5011553703533616,0.008020277,0.001171248849569518,0.03187130483580525
975,974.9999999999999,0.5007774251267971,0.007706701,0.0011742208177012111,0.03195217620854752
976,975.9999999999999,0.5003994799002323,0.007221996,0.0011770419325862007,0.032028942655327276
977,976.9999999999999,0.5000215346736674,0.006635596,0.0011796606379602405,0.03210020125872472
978,977.9999999999999,0.4996435894471034,0.006203225,0.001182086823516074,0.032166221130988944
979,978.9999999999999,0.49926564422053854,0.005738598,0.0011843435010157387,0.03222762845406495
980,979.9999999999999,0.49888769899397367,0.005384134,0.0011864453927486174,0.032284823841855555
981,980.9999999999999,0.4985097537674097,0.005159031,0.001188437762190934,0.032339038976295136
982,981.9999999999999,0.4981318085408448,0.005128274,0.001190381781100416,0.03239193842571056
983,982.9999999999999,0.49775386331427995,0.005197111,0.0011923329960870119,0.032445033690359774
984,983.9999999999999,0.497375918087716,0.005556335,0.001194365102879422,0.03250033013318115
985,984.9999999999999,0.4969979728611511,0.006017892,0.0011965523148023344,0.032559847201617344
986,985.9999999999999,0.49662002763458624,0.006591682,0.0011989351789534908,0.03262468823840618
987,986.9999999999999,0.4962420824080218,0.00720724,0.0012015427973043095,0.03269564514853243
988,987.9999999999999,0.4958641371814574,0.007550421,0.0012043315910694138,0.03277153209283509
989,988.9999999999999,0.49548619195489296,0.007866345,0.0012072449376287955,0.032850808291330844
990,989.9999999999999,0.4951082467283281,0.007770321,0.001210199839265838,0.03293121526109531
991,990.9999999999999,0.4947303015017632,0.007412937,0.0012130690592082373,0.03300929071317263
992,991.9999999999999,0.49435235627519925,0.006850472,0.0012157644528812816,0.03308263611149483
993,992.9999999999999,0.4939744110486344,0.006006575,0.0012181940826519648,0.033148749705619644
994,993.9999999999999,0.4935964658220695,0.005004767,0.00122027492472545,0.03320537230299815
995,994.9999999999999,0.4932185205955055,0.003975756,0.0012219719976254019,0.03325155200916634
996,995.9999999999999,0.49284057536894066,0.003124713,0.0012233137918078619,0.03328806408892788
997,996.9999999999999,0.4924626301423758,0.002544896,0.0012243851926368808,0.033317218390710585
998,997.9999999999999,0.49208468491581137,0.002308812,0.00122530241052175,0.03334217716084749
999,998.9999999999999,0.49170673968924694,0.00221447,0.0012261571869419028,0.03336543681217023
1000,999.9999999999999,0.4913287944626821,0.002523827,0.0012270525953085004,0.03338980211508161
1001,1000.9999999999999,0.49095084923611765,0.002916101,0.001228080592718728,0.033417775349671185
1002,1001.9999999999999,0.4905729040095528,0.003546988,0.001229301939536934,0.0334510098896817
1003,1002.9999999999999,0.49019495878298835,0.004329813,0.0012307904392062088,0.03349151402910936
1004,1003.9999999999999,0.48981701355642393,0.005126224,0.0012325773712293928,0.03354013892658755
1005,1004.9999999999999,0.48943906832985906,0.005866653,0.0012346547239235736,0.03359666657311804
1006,1005.9999999999999,0.4890611231032942,0.006483711,0.0012369886044836412,0.033660174698490045
1007,1006.9999999999999,0.4886831778767302,0.007026717,0.0012395417053693634,0.0337296481128164
1008,1007.9999999999999,0.48830523265016534,0.007421405,0.001242272004740725,0.033803943343577704
1009,1008.9999999999999,0.4879272874236005,0.007808018,0.0012451499486038165,0.03388225618563055
1010,1009.9999999999999,0.4875493421970365,0.007920365,0.0012481221822420313,0.03396313478317334
1011,1010.9999999999999,0.4871713969704716,0.008183468,0.001251165365647903,0.03404594402224789
1012,1011.9999999999999,0.48679345174390676,0.008249551,0.0012542707561924507,0.03413044600380022
1013,1012.9999999999999,0.4864155065173428,0.008329697,0.001257403780013266,0.034215699925106306
1014,1013.9999999999999,0.4860375612907779,0.008311887,0.001260548583630903,0.0343012743910136
1015,1014.9999999999999,0.48565961606421304,0.008478393,0.0012637214867202444,0.03438761348249876
1016,1015.9999999999999,0.4852816708376486,0.008502768,0.001266930461090982,0.03447493412355438
1017,1016.9999999999999,0.4849037256110842,0.008645318,0.0012701709797151915,0.034563113127475065
1018,1017.9999999999999,0.4845257803845193,0.008600001,0.0012734298727135084,0.034651792123586614
1019,1018.9999999999999,0.4841478351579549,0.008370031,0.0012766367440080325,0.03473905553702308
1020,1019.9999999999999,0.48376988993139003,0.007869545,0.001279705579123349,0.034822562794671205
1021,1020.9999999999999,0.4833919447048256,0.007254235,0.0012825635593526556,0.03490033239857426
1022,1021.9999999999999,0.4830139994782612,0.006589454,0.001285179637440453,0.034971519509870985
1023,1022.9999999999999,0.4826360542516963,0.005748579,0.0012875111877792263,0.035034964226691306
1024,1023.9999999999999,0.48225810902513144,0.004873642,0.0012895184966404583,0.03508958588342929
1025,1024.9999999999998,0.48188016379856746,0.004044648,0.0012912038092077677,0.03513544557464356
1026,1025.9999999999998,0.4815022185720026,0.003428536,0.0012926160363177872,0.035173874232001356
1027,1026.9999999999998,0.48112427334543817,0.002922979,0.001293816298705639,0.03520653503543372
1028,1027.9999999999998,0.48074632811887374,0.00244647,0.0012948309775150549,0.03523414585243236
1029,1028.9999999999998,0.4803683828923089,0.002261201,0.0012957205984063982,0.0352583536701192
1030,1029.9999999999998,0.47999043766574445,0.002185794,0.0012965609586728015,0.03528122103791408
1031,1030.9999999999998,0.4796124924391796,0.0022966,0.0012974080083807424,0.03530427043468642
1032,1031.9999999999998,0.47923454721261516,0.002459906,0.0012983068577496553,0.03532872937204087
1033,1032.9999999999998,0.47885660198605073,0.002666855,0.001299275675173499,0.035355092237162926
1034,1033.9999999999998,0.47847865675948587,0.002796032,0.001300308011205955,0.035383183531677735
1035,1034.9999999999998,0.478100711532921,0.002916789,0.001301387577919539,0.03541256003849938
1036,1035.9999999999998,0.477722766306357,0.002956765,0.0013024975187681737,0.035442763067641776
1037,1036.9999999999998,0.47734482107979215,0.002859409,0.0013035966163682583,0.03547267103695972
1038,1037.9999999999998,0.4769668758532273,0.002884649,0.0013046820860193634,0.03550220817089424
1039,1038.9999999999998,0.4765889306266633,0.002694888,0.0013057364657071587,0.03553089930382876
1040,1039.9999999999998,0.47621098540009843,0.002568356,0.001306731074680181,0.035557963992757395
1041,1040.9999999999998,0.47583304017353356,0.002515696,0.0013076918212726841,0.03558410723937051
1042,1041.9999999999998,0.4754550949469696,0.002559956,0.0013086509804952357,0.03561020729144677
1043,1042.9999999999998,0.4750771497204047,0.002707595,0.0013096464033733035,0.035637294127859966
1044,1043.9999999999998,0.47469920449383984,0.003065712,0.0013107374002843746,0.0356669816662003
1045,1044.9999999999998,0.4743212592672754,0.003376346,0.0013119547728195507,0.03570010806046023
1046,1045.9999999999998,0.473943314040711,0.003587527,0.0013132707540989268,0.035735917735345825
1047,1046.9999999999998,0.4735653688141461,0.003886014,0.0013146830486721692,0.035774348228471434
1048,1047.9999999999998,0.4731874235875817,0.003892501,0.0013161529749791748,0.035814346960964506
1049,1048.9999999999998,0.47280947836101683,0.003860016,0.0013176179883761803,0.03585421200636597
1050,1049.9999999999998,0.47243153313445196,0.003787795,0.0013190632152067395,0.035893538631865375
1051,1050.9999999999998,0.472053587907888,0.003455005,0.0013204319060502205,0.03593078260705869
1052,1051.9999999999998,0.4716756426813231,0.002951325,0.0013216425269718692,0.035963725280555144
1053,1052.9999999999998,0.47129769745475825,0.002500719,0.0013226728139742793,0.03599176081812194
1054,1053.9999999999998,0.47091975222819427,0.001965328,0.0013235167745469108,0.036014726155240206
1055,1054.9999999999998,0.4705418070016294,0.001369685,0.0013241470006688512,0.036031875481666635
1056,1055.9999999999998,0.47016386177506453,0.00105707,0.001324605590902997,0.03604435435765662
1057,1056.9999999999998,0.46978591654850055,0.000772595,0.0013249513474794781,0.036053762873406336
1058,1057.9999999999998,0.4694079713219357,0.000793718,0.001325247337740306,0.03606181717871878
1059,1058.9999999999998,0.4690300260953708,0.001054482,0.0013255965969241744,0.036071321005270975
1060,1059.9999999999998,0.4686520808688064,0.001649605,0.001326107595311107,0.03608522597974888
1061,1060.9999999999998,0.46827413564224196,0.002295534,0.001326853118537699,0.036105512700223025
1062,1061.9999999999998,0.4678961904156771,0.003190437,0.0013278898168139599,0.03613372269743891
1063,1062.9999999999998,0.46751824518911267,0.004213304,0.0013292889210987952,0.03617179426453198
1064,1063.9999999999998,0.4671402999625478,0.00533248,0.0013310928128471035,0.03622088065964115
1065,1064.9999999999998,0.4667623547359834,0.006249,0.0013332813953883802,0.03628043502450306
1066,1065.9999999999998,0.46638440950941895,0.007124955,0.00133580870661465,0.03634920666644491
1067,1066.9999999999998,0.4660064642828541,0.007643275,0.001338599497631304,0.03642514795873091
1068,1067.9999999999998,0.4656285190562901,0.007941149,0.0013415445269610833,0.0365052862893293
1069,1068.9999999999998,0.46525057382972523,0.008037415,0.0013445640379566618,0.03658745136930399
1070,1069.9999999999998,0.46487262860316036,0.007677304,0.0013475336894730888,0.03666825970373347
1071,1070.9999999999998,0.46449468337659594,0.007265222,0.0013503574176603474,0.03674509726209065
1072,1071.9999999999998,0.4641167381500315,0.006454496,0.0013529500686243036,0.03681564688887189
1073,1072.9999999999998,0.46373879292346665,0.005641618,0.0013552359028974443,0.03687784760817264
1074,1073.9999999999998,0.4633608476969022,0.004653819,0.0013571814585322175,0.03693078887401351
1075,1074.9999999999998,0.46298290247033735,0.003562771,0.0013587341690167866,0.03697304027873732
1076,1075.9999999999998,0.46260495724377293,0.002633973,0.0013599051839243079,0.037004905217685694
1077,1076.9999999999998,0.4622270120172085,0.00188129,0.0013607584449730748,0.03702812363365234
1078,1077.9999999999998,0.46184906679064364,0.001423648,0.0013613829877436707,0.03704511830821017
1079,1078.9999999999998,0.46147112156407877,0.001379358,0.0013619126791125367,0.03705953194463955
1080,1079.9999999999998,0.4610931763375148,0.001662569,0.0013624875200071405,0.0370751741622526
1081,1080.9999999999998,0.4607152311109499,0.002156943,0.0013632093031712437,0.03709481488271687
1082,1081.9999999999998,0.46033728588438505,0.002967308,0.0013641776462738281,0.03712116484089993
1083,1082.9999999999998,0.45995934065782107,0.003765157,0.0013654498977787098,0.0371557845680013
1084,1083.9999999999998,0.4595813954312562,0.004550682,0.0013670213636061746,0.03719854633160482
1085,1084.9999999999998,0.45920345020469133,0.004963184,0.0013688192237266122,0.03724746859775831
1086,1085.9999999999998,0.45882550497812735,0.0052571,0.0013707505775025794,0.037300023411333795
1087,1086.9999999999998,0.4584475597515625,0.005059021,0.0013727000418468857,0.037353071038579495
1088,1087.9999999999998,0.4580696145249976,0.004763653,0.0013745562582220857,0.037403581259321195
1089,1088.9999999999998,0.4576916692984332,0.004268265,0.0013762630433694972,0.03745002524920632
1090,1089.9999999999998,0.45731372407186877,0.003956407,0.001377817281130727,0.037492318213245245
1091,1090.9999999999998,0.4569357788453039,0.003526032,0.0013792312571822823,0.03753079446172669
1092,1091.9999999999998,0.4565578336187395,0.003209137,0.0013805040196691102,0.03756542809335517
1093,1092.9999999999998,0.4561798883921746,0.003093937,0.0013816951280346019,0.037597839803149395
1094,1093.9999999999998,0.4558019431656102,0.00321994,0.0013828882778712348,0.037630307064203346
1095,1094.9999999999998,0.45542399793904575,0.003328475,0.0013841257489666417,0.03766398036814871
1096,1095.9999999999998,0.4550460527124809,0.003500163,0.0013854161745346606,0.03769909463670177
1097,1096.9999999999998,0.454668107485916,0.00362068,0.0013867618188451436,0.037735711483784046
1098,1097.9999999999998,0.45429016225935204,0.003603886,0.001388127063961994,0.037772861695979106
1099,1098.9999999999998,0.45391221703278717,0.003519617,0.0013894732109396282,0.03780949222133138
1100,1099.9999999999998,0.4535342718062223,0.003377013,0.0013907764851335692,0.03784495611880714
1101,1100.9999999999998,0.4531563265796583,0.002955594,0.001391973174427249,0.037877519693393896
1102,1101.9999999999998,0.45277838135309345,0.00261862,0.0013930265482138238,0.03790618345436179
1103,1102.9999999999998,0.4524004361265286,0.002201258,0.0013939373731551856,0.03793096826364366
1104,1103.9999999999998,0.45202249089996416,0.001810831,0.0013946955480982368,0.03795159925486105
1105,1104.9999999999998,0.45164454567339973,0.001618637,0.0013953436236283647,0.03796923428842794
1106,1105.9999999999998,0.45126660044683486,0.001635329,0.0013959585340869165,0.037985966854422286
1107,1106.9999999999998,0.45088865522027044,0.001875975,0.0013966220743798251,0.0380040227056224
1108,1107.9999999999998,0.45051070999370557,0.002374849,0.0013974253636997083,0.038025881321573016
1109,1108.9999999999998,0.4501327647671416,0.003084184,0.0013984569714317126,0.038053952798022934
1110,1109.9999999999998,0.4497548195405767,0.003833623,0.0013997642474986851,0.03808952559201146
1111,1110.9999999999998,0.44937687431401185,0.004597313,0.001401357463507021,0.03813287920818758
1112,1111.9999999999998,0.4489989290874479,0.005286271,0.001403225190204096,0.03818370264074363
1113,1112.9999999999998,0.448620983860883,0.005652309,0.0014052922822522936,0.03823995108087315
1114,1113.9999999999998,0.44824303863431814,0.005818834,0.0014074600141223386,0.03829893807006668
1115,1114.9999999999998,0.44786509340775416,0.005724506,0.0014096413892481447,0.03835829631116238
1116,1115.9999999999998,0.4474871481811893,0.005624967,0.0014117861288203315,0.03841665764805821
1117,1116.9999999999998,0.4471092029546244,0.005672158,0.0014139209760541582,0.038474749800714046
1118,1117.9999999999998,0.44673125772806,0.005703016,0.001416070572411479,0.038533243297466074
1119,1118.9999999999998,0.44635331250149557,0.006005371,0.0014182831369001895,0.03859345024436253
1120,1119.9999999999998,0.4459753672749307,0.006475504,0.0014206416804649893,0.03865762948428229
1121,1120.9999999999998,0.4455974220483663,0.007150233,0.0014232165715937766,0.03872769584132909
1122,1121.9999999999998,0.4452194768218014,0.007811598,0.0014260439478973347,0.03880463266998796
1123,1122.9999999999998,0.444841531595237,0.008390771,0.0014291057519086289,0.0388879486015488
1124,1123.9999999999998,0.44446358636867256,0.008875565,0.001432368616544359,0.03897673567142003
1125,1124.9999999999998,0.4440856411421077,0.009105023,0.0014357664552470714,0.0390691955727611
1126,1125.9999999999998,0.4437076959155428,0.00900644,0.001439189025740547,0.03916232846041319
1127,1126.9999999999998,0.44332975068897884,0.008655591,0.0014425266658944901,0.03925315027579225
1128,1127.9999999999998,0.44295180546241397,0.008076242,0.0014456885241015032,0.03933918882071833
1129,1128.9999999999998,0.4425738602358491,0.007309823,0.0014485960690126844,0.03941830714832404
1130,1129.9999999999998,0.4421959150092851,0.006581183,0.0014512210887176245,0.0394897375734185
1131,1130.9999999999998,0.44181796978272025,0.005727592,0.0014535471100956784,0.039553031839553145
1132,1131.9999999999998,0.4414400245561554,0.005247038,0.0014556210146065846,0.039609465656236714
1133,1132.9999999999998,0.44106207932959096,0.004863895,0.0014575317040383168,0.0396614581643597
1134,1133.9999999999998,0.44068413410302654,0.004694819,0.0014593380392025148,0.03971061104820241
1135,1134.9999999999998,0.44030618887646167,0.004882802,0.0014611479472719123,0.03975986115574851
1136,1135.9999999999998,0.43992824364989724,0.005327409,0.001463077397526746,0.03981236417187521
1137,1136.9999999999998,0.4395502984233324,0.006094796,0.001465235881455042,0.039871099511753834
1138,1137.9999999999998,0.43917235319676795,0.0067751,0.0014676679393348334,0.039937279178093435
1139,1138.9999999999998,0.4387944079702035,0.007577833,0.0014703802505921092,0.04001108492733451
1140,1139.9999999999998,0.43841646274363866,0.008210324,0.0014733637798793103,0.040092270895144756
1141,1140.9999999999998,0.4380385175170738,0.008684979,0.0014765565294394165,0.040179150036611516
1142,1141.9999999999998,0.4376605722905098,0.00879339,0.0014798594625052587,0.04026902742401079
1143,1142.9999999999998,0.43728262706394494,0.008536444,0.0014831343265239872,0.0403581410137275
1144,1143.9999999999998,0.43690468183738007,0.008201393,0.0014862973193225703,0.04044421043246302
1145,1144.9999999999998,0.4365267366108161,0.007687015,0.0014892997933032255,0.04052591191164416
1146,1145.9999999999998,0.4361487913842512,0.00716723,0.001492106838799211,0.04060229551084549
1147,1146.9999999999998,0.4357708461576868,0.006612754,0.0014947108783866794,0.040673155037859926
1148,1147.9999999999998,0.4353929009311224,0.00628587,0.001497148365071705,0.04073948242951562
1149,1148.9999999999998,0.4350149557045575,0.005884334,0.0014994482003257638,0.040802064134915945
1150,1149.9999999999998,0.4346370104779931,0.00566646,0.0015016309840534293,0.04086146070602091
1151,1150.9999999999998,0.4342590652514282,0.005681799,0.0015037754942128637,0.040919815800277724
1152,1151.9999999999998,0.4338811200248638,0.005698598,0.0015059260775741438,0.04097833615477571
1153,1152.9999999999998,0.43350317479829936,0.005973374,0.0015081317606251417,0.041038355848212645
1154,1153.9999999999998,0.4331252295717345,0.00636871,0.0015104640764919714,0.0411018213961126
1155,1154.9999999999998,0.4327472843451696,0.006923677,0.001512975973600121,0.04117017359853264
1156,1155.9999999999998,0.43236933911860564,0.007388341,0.0015156805530429243,0.04124376895438372
1157,1156.9999999999998,0.4319913938920408,0.008000824,0.0015185886837692068,0.041322903222830415
1158,1157.9999999999998,0.4316134486654759,0.008449408,0.001521697327099347,0.04140749371718787
1159,1158.9999999999998,0.4312355034389119,0.008885446,0.0015249731397605942,0.04149663312078257
1160,1159.9999999999998,0.43085755821234706,0.009279028,0.0015284057278812724,0.041590038601957736
1161,1160.9999999999998,0.4304796129857822,0.009261324,0.001531909346649886,0.04168537692552917
1162,1161.9999999999998,0.43010166775921777,0.009186535,0.0015353954867745794,0.041780239630969836
1163,1162.9999999999998,0.42972372253265334,0.008728467,0.001538780931519477,0.0418723622755377
1164,1163.9999999999998,0.42934577730608847,0.008271988,0.001541993551927815,0.041959782130330726
1165,1164.9999999999998,0.42896783207952405,0.007833648,0.0015450370760513085,0.04204260064080409
1166,1165.9999999999998,0.4285898868529592,0.007566813,0.0015479473414122306,0.04212179299561846
1167,1166.9999999999998,0.42821194162639475,0.007361795,0.0015507684394786576,0.04219855898474181
1168,1167.9999999999998,0.4278339963998299,0.007350019,0.0015535485694163607,0.04227421017429069
1169,1168.9999999999998,0.42745605117326546,0.007424004,0.0015563404551513635,0.042350181255380516
1170,1169.9999999999998,0.42707810594670104,0.007723247,0.0015592028707568763,0.042428071552018665
1171,1170.9999999999998,0.42670016072013617,0.008081815,0.0015621895946261052,0.04250934444883436
1172,1171.9999999999998,0.42632221549357174,0.008562493,0.0015653349130051405,0.0425949329221129
1173,1172.9999999999998,0.4259442702670073,0.008913871,0.0015686374671808933,0.04268479999938761
1174,1173.9999999999998,0.42556632504044245,0.009078007,0.0015720374393844096,0.042777317956243115
1175,1174.9999999999998,0.425188379813878,0.009094172,0.0015754714835390733,0.042870763058121444
1176,1175.9999999999998,0.4248104345873136,0.008809855,0.0015788548543095402,0.04296282926697001
1177,1176.9999999999998,0.4244324893607492,0.008265106,0.0015820815543114036,0.043050632247020645
1178,1177.9999999999998,0.4240545441341843,0.0072916,0.001585021345698288,0.04313062804593178
1179,1178.9999999999998,0.4236765989076199,0.006288559,0.0015875876238333072,0.04320046003147843
1180,1179.9999999999998,0.423298653681055,0.005206801,0.0015897599320531279,0.0432595715494933
1181,1180.9999999999998,0.42292070845449015,0.004064375,0.001591511930410048,0.04330724585348579
1182,1181.9999999999998,0.4225427632279257,0.003191976,0.0015928831820214116,0.04334455951072304
1183,1182.9999999999998,0.4221648180013613,0.002481791,0.0015939553685985564,0.043373735193801485
1184,1183.9999999999998,0.42178687277479643,0.002155053,0.0015948316051266186,0.043397578804409434
1185,1184.9999999999998,0.421408927548232,0.00199545,0.0015956159365249647,0.043418921549034685
1186,1185.9999999999998,0.4210309823216676,0.002137187,0.0015963968917386017,0.04344017242299378
1187,1186.9999999999998,0.4206530370951027,0.002455007,0.001597264690639481,0.04346378643406945
1188,1187.9999999999998,0.4202750918685383,0.002879076,0.0015982726862434557,0.04349121539178346
1189,1188.9999999999998,0.41989714664197386,0.003194682,0.00159942046016516,0.04352244791129003
1190,1189.9999999999998,0.419519201415409,0.00333736,0.0016006548372119696,0.04355603702188395
1191,1190.9999999999998,0.41914125618884457,0.003253692,0.0016019003655326893,0.04358992957409937
1192,1191.9999999999998,0.41876331096228014,0.00306345,0.0016030941323649046,0.04362241362445843
1193,1192.9999999999998,0.4183853657357153,0.002827035,0.0016042072727088547,0.04365270371630365
1194,1193.9999999999998,0.41800742050915085,0.00251674,0.0016052170998353973,0.04368018251228567
1195,1194.9999999999998,0.417629475282586,0.002279412,0.0016061234412125364,0.04370484531756973
1196,1195.9999999999998,0.41725153005602156,0.002152797,0.0016069610073298798,0.043727636652695315
1197,1196.9999999999998,0.4168735848294567,0.001961609,0.0016077385173838043,0.043748793779082785
1198,1197.9999999999998,0.41649563960289226,0.001781349,0.0016084458339384702,0.043768040843049985
1199,1198.9999999999998,0.41611769437632784,0.001869399,0.0016091357253284653,0.043786813744130924
1200,1199.9999999999998,0.41573974914976297,0.002001397,0.001609867199764068,0.043806718177527175
1201,1200.9999999999998,0.41536180392319855,0.00241321,0.0016107014395854724,0.04382941899952919
1202,1201.9999999999998,0.4149838586966341,0.00298611,0.0016117217631958197,0.043857183419386256
1203,1202.9999999999998,0.41460591347006925,0.003786778,0.001613001653540648,0.043892011009911885
1204,1203.9999999999998,0.41422796824350483,0.004447561,0.0016145577181001303,0.043934353683663656
1205,1204.9999999999998,0.4138500230169404,0.004901307,0.0016163243981173216,0.043982427495984515
1206,1205.9999999999998,0.41347207779037554,0.005297159,0.0016182516288888124,0.04403487011689271
1207,1206.9999999999998,0.4130941325638111,0.005569479,0.0016203051258692652,0.04409074861638278
1208,1207.9999999999998,0.41271618733724624,0.00588022,0.0016224688054105908,0.04414962533609433
1209,1208.9999999999998,0.4123382421106818,0.006063733,0.0016247258854219218,0.044211043612070754
1210,1209.9999999999998,0.41196029688411695,0.006241437,0.0016270512255537046,0.04427431934055
1211,1210.9999999999998,0.4115823516575525,0.00631239,0.0016294235550485885,0.044338873714738034
1212,1211.9999999999998,0.41120440643098766,0.006325544,0.0016318117784630578,0.04440386058451087
1213,1212.9999999999998,0.41082646120442323,0.006542548,0.0016342434954362548,0.04447003097430945
1214,1213.9999999999998,0.4104485159778588,0.006723059,0.0016367503318578207,0.04453824546843219
1215,1214.9999999999998,0.41007057075129394,0.006916919,0.0016393279141455937,0.04460838505564561
1216,1215.9999999999998,0.4096926255247295,0.007209042,0.0016419973339108875,0.04468102366793169
1217,1216.9999999999998,0.4093146802981651,0.007509632,0.0016447787602007176,0.044756710133019004
1218,1217.9999999999998,0.40893673507160067,0.007671708,0.0016476476176936446,0.044834775722343734
1219,1218.9999999999998,0.4085587898450358,0.008112215,0.0016506303468708011,0.04491593991805052
1220,1219.9999999999998,0.4081808446184714,0.00847395,0.0016537646778151825,0.04500122940800083
1221,1220.9999999999998,0.40780289939190695,0.00879331,0.0016570277170616073,0.04509002122927112
1222,1221.9999999999998,0.4074249541653421,0.009025631,0.0016603950089083004,0.04518164990831445
1223,1222.9999999999998,0.40704700893877765,0.009073419,0.0016638152336847273,0.0452747189657539
1224,1223.9999999999998,0.4066690637122128,0.008881322,0.0016672081880123042,0.04536704595647659
1225,1224.9999999999998,0.40629111848564836,0.008367568,0.001670467755831823,0.04545574331540851
1226,1225.9999999999998,0.4059131732590835,0.007668521,0.0016734981374769806,0.045538204200827645
1227,1226.9999999999998,0.40553522803251907,0.006922788,0.00167625549526992,0.04561323572874971
1228,1227.9999999999998,0.4051572828059542,0.006261546,0.0016787469733202868,0.045681032300301634
1229,1228.9999999999998,0.4047793375793898,0.005987073,0.0016810616268618161,0.04574401723184583
1230,1229.9999999999998,0.40440139235282535,0.005942767,0.0016833160399026559,0.045805362935858115
1231,1230.9999999999998,0.4040234471262605,0.00617851,0.0016856066292936646,0.04586769304850782
1232,1231.9999999999998,0.40364550189969606,0.006754378,0.0016880505909363118,0.04593419663273627
1233,1232.9999999999998,0.40326755667313163,0.007378216,0.0016907212641569494,0.046006869353279856
1234,1233.9999999999998,0.40288961144656676,0.008184797,0.0016936622473941057,0.04608689758408909
1235,1234.9999999999998,0.40251166622000234,0.008798621,0.0016968716482760314,0.04617422983110538
1236,1235.9999999999998,0.4021337209934379,0.009334499,0.001700298311349393,0.04626747408352949
1237,1236.9999999999998,0.40175577576687305,0.009388249,0.001703836397966779,0.04636375032504694
1238,1237.9999999999998,0.4013778305403086,0.009212866,0.0017073514992782934,0.04645940110452834
1239,1238.9999999999998,0.40099988531374375,0.008509972,0.0017107006302899321,0.04655053560207446
1240,1239.9999999999998,0.40062194008717933,0.007631868,0.0017137509959779169,0.04663354028100172
1241,1240.9999999999998,0.40024399486061446,0.006648863,0.0017164496630345683,0.04670697475262959
1242,1241.9999999999998,0.39986604963405004,0.005483332,0.0017187423156285687,0.0467693610078928
1243,1242.9999999999998,0.3994881044074856,0.004527905,0.001720634165246647,0.046820840858569655
1244,1243.9999999999998,0.39911015918092074,0.003567544,0.0017221639833998707,0.04686246933122315
1245,1244.9999999999998,0.3987322139543563,0.002725297,0.0017233531580086107,0.04689482842081549
1246,1245.9999999999998,0.3983542687277919,0.002184043,0.001724280888817902,0.04692007326219942
1247,1246.9999999999998,0.397976323501227,0.001948336,0.001725061795276605,0.04694132280946917
1248,1247.9999999999998,0.3975983782746626,0.002181765,0.0017258422712556948,0.0469625606427919
1249,1248.9999999999998,0.3972204330480982,0.002870543,0.0017267970191015619,0.04698854065519332
1250,1249.9999999999998,0.3968424878215333,0.003812316,0.001728059896430989,0.04702290529798566
1251,1250.9999999999998,0.3964645425949689,0.00484502,0.0017296958958389719,0.04706742310977449
1252,1251.9999999999998,0.39608659736840446,0.005892132,0.0017317249235116211,0.047122635765478746
1253,1252.9999999999998,0.3957086521418396,0.006880994,0.0017341386945116252,0.04718831782046922
1254,1253.9999999999998,0.39533070691527517,0.007600904,0.001736875376621973,0.04726278673440638
1255,1254.9999999999998,0.3949527616887103,0.008046593,0.0017398323250213898,0.04734324939941237
1256,1255.9999999999998,0.39457481646214587,0.008546651,0.0017429679937029006,0.047428575291044404
1257,1256.9999999999998,0.394196871235581,0.008824661,0.0017462506959276826,0.04751790216921351
1258,1257.9999999999998,0.3938189260090166,0.009252774,0.0017496668360610734,0.04761086007785363
1259,1258.9999999999998,0.39344098078245215,0.009594687,0.0017532284900199796,0.04770777761940398
1260,1259.9999999999998,0.3930630355558873,0.009982947,0.001756928126678844,0.04780844986149815
1261,1260.9999999999998,0.39268509032932286,0.010356339,0.00176077169470656,0.047913038675663065
1262,1261.9999999999998,0.39230714510275844,0.01093756,0.0017647956584475593,0.04802253630725925
1263,1262.9999999999998,0.39192919987619357,0.011402955,0.0017690174039491817,0.04813741585473616
1264,1263.9999999999998,0.39155125464962914,0.01195226,0.0017734308999615017,0.04825751319942253
1265,1264.9999999999998,0.3911733094230647,0.012306499,0.0017780151410447171,0.048382256754182625
1266,1265.9999999999998,0.39079536419649985,0.012508081,0.0017827044170748197,0.048509858455451804
1267,1266.9999999999998,0.3904174189699354,0.01243132,0.0017874172808554848,0.04863810201211221
1268,1267.9999999999998,0.39003947374337056,0.012350823,0.0017921004271809304,0.04876553691562039
1269,1268.9999999999998,0.38966152851680613,0.012163921,0.001796733042418557,0.04889159679818049
1270,1269.9999999999998,0.38928358329024126,0.011984913,0.0018012965106872574,0.049015775095861414
1271,1270.9999999999998,0.38890563806367684,0.011731296,0.0018057782246791365,0.04913772874633848
1272,1271.9999999999998,0.38852769283711197,0.011549239,0.0018101776082166965,0.04925744207102327
1273,1272.9999999999998,0.38814974761054755,0.011153854,0.0018144678710304975,0.049374186069546404
1274,1273.9999999999998,0.3877718023839831,0.010940785,0.0018186431527018564,0.049487801271791546
1275,1274.9999999999998,0.38739385715741825,0.01101473,0.001822792143747365,0.04960070106966203
1276,1275.9999999999998,0.38701591193085383,0.011252926,0.0018270001208933564,0.04971520596109589
1277,1276.9999999999998,0.3866379667042894,0.011799041,0.0018313563113386436,0.049833743941863684
1278,1277.9999999999998,0.386260021477725,0.012615261,0.0018359699457890467,0.049959287330891396
1279,1278.9999999999998,0.3858820762511601,0.013294085,0.001840866102611102,0.05009251854529727
1280,1279.9999999999998,0.3855041310245957,0.014012182,0.0018460262392450762,0.05023293301632642
1281,1280.9999999999998,0.38512618579803126,0.014636651,0.0018514400840845744,0.05038025123932985
1282,1281.9999999999998,0.3847482405714664,0.014922001,0.0018570258597981164,0.0505322479397545
1283,1282.9999999999998,0.38437029534490197,0.015143413,0.0018627073996511105,0.0506868505151663
1284,1283.9999999999998,0.3839923501183371,0.01516336,0.0018684345497450739,0.05084269420846188
1285,1284.9999999999998,0.3836144048917727,0.015134816,0.001874160075241481,0.050998493694205865
1286,1285.9999999999998,0.3832364596652078,0.014995071,0.0018798537987257712,0.05115342780311474
1287,1286.9999999999998,0.3828585144386434,0.014667557,0.0018854592230557517,0.0513059591696305
1288,1287.9999999999998,0.3824805692120785,0.014084245,0.0018908925262162669,0.051453806880522826
1289,1288.9999999999998,0.3821026239855141,0.013543357,0.0018961133863649301,0.05159587372256439
1290,1289.9999999999998,0.38172467875894966,0.013014282,0.001901132052809368,0.05173243859362377
1291,1290.9999999999998,0.3813467335323848,0.01233848,0.0019059230304984322,0.051862807738016804
1292,1291.9999999999998,0.38096878830582037,0.011797398,0.0019104840504379549,0.05198691941326681
1293,1292.9999999999998,0.38059084307925595,0.011106761,0.001914812309219218,0.05210469733473635
1294,1293.9999999999998,0.3802128978526911,0.01056987,0.0019189085988264441,0.052216163053414005
1295,1294.9999999999998,0.37983495262612665,0.009881587,0.0019227733641011646,0.05232132867405451
1296,1295.9999999999998,0.37945700739956223,0.00935997,0.0019264094914110748,0.05242027273872406
1297,1296.9999999999998,0.37907906217299736,0.008993988,0.0019298778868184084,0.05251465258580682
1298,1297.9999999999998,0.37870111694643294,0.008795572,0.0019332396264607507,0.052606130181673046
1299,1298.9999999999998,0.37832317171986807,0.00871317,0.0019365482991917761,0.05269616375331855
1300,1299.9999999999998,0.37794522649330364,0.008767561,0.001939851678610931,0.05278605328661022
1301,1300.9999999999998,0.3775672812667388,0.008502828,0.0019431153091526627,0.052874861197845485
1302,1301.9999999999998,0.37718933604017435,0.008353743,0.0019463007394255113,0.05296154117135963
1303,1302.9999999999998,0.3768113908136099,0.008194775,0.0019494279561179204,0.05304663707265168
1304,1303.9999999999998,0.37643344558704506,0.008075112,0.0019525025191821181,0.05313030019572921
1305,1304.9999999999998,0.37605550036048063,0.00818484,0.0019555752048034027,0.05321391223098248
1306,1305.9999999999998,0.3756775551339162,0.008252652,0.0019586814406224494,0.05329843721362568
1307,1306.9999999999998,0.37529960990735134,0.008220382,0.0019617943929061176,0.053383144960581906
1308,1307.9999999999998,0.3749216646807869,0.007975459,0.0019648549633041923,0.053466427323816956
1309,1308.9999999999998,0.3745437194542225,0.007524601,0.0019677840501484247,0.0535461318372834
1310,1309.9999999999998,0.3741657742276576,0.006902213,0.001970510322891342,0.05362031749790284
1311,1310.9999999999998,0.3737878290010932,0.006286372,0.0019730026042642877,0.05368813592897574
1312,1311.9999999999998,0.3734098837745288,0.005539324,0.0019752373369412895,0.053748946103006165
1313,1312.9999999999998,0.3730319385479639,0.004959109,0.0019772212532606684,0.05380293121625251
1314,1313.9999999999998,0.37265399332139904,0.00453942,0.0019790162151081363,0.053851774616380764
1315,1314.9999999999998,0.3722760480948346,0.004137322,0.0019806558817186525,0.053896392217834176
1316,1315.9999999999998,0.37189810286826974,0.003776059,0.001982151294006121,0.05393708445918547
1317,1316.9999999999998,0.3715201576417053,0.003623393,0.0019835495877874175,0.0539751339713537
1318,1317.9999999999998,0.3711422124151409,0.003766775,0.0019849461271469727,0.05401313574327428
1319,1318.9999999999998,0.37076426718857647,0.003912114,0.0019863972268684073,0.05405262217827568
1320,1319.9999999999998,0.3703863219620116,0.00414045,0.0019879189409311103,0.05409403012739185
1321,1320.9999999999998,0.3700083767354472,0.004391749,0.001989531292873185,0.05413790445885211
1322,1321.9999999999998,0.36963043150888275,0.00476668,0.0019912619851348754,0.05418499899445791
1323,1322.9999999999998,0.3692524862823179,0.004928474,0.00199309410372243,0.05423485348099231
1324,1323.9999999999998,0.36887454105575346,0.005333497,0.001995033335199727,0.05428762265774142
1325,1324.9999999999998,0.36849659582918903,0.005631468,0.001997105413290326,0.05434400677499655
1326,1325.9999999999998,0.36811865060262416,0.006169391,0.001999335452454532,0.05440468923203744
1327,1326.9999999999998,0.36774070537605974,0.006762038,0.0020017791383861363,0.05447118531378622
1328,1327.9999999999998,0.36736276014949487,0.007450895,0.0020044649934775525,0.0545442711540795
1329,1328.9999999999998,0.36698481492293045,0.007891443,0.0020073642751832726,0.05462316462840977
1330,1329.9999999999998,0.3666068696963656,0.008140421,0.0020103938584191392,0.05470560378800531
1331,1330.9999999999998,0.36622892446980115,0.008392148,0.002013518061187339,0.05479061767624158
1332,1331.9999999999998,0.3658509792432363,0.008726506,0.0020167530179695946,0.05487864533473261
1333,1332.9999999999998,0.36547303401667186,0.009080632,0.0020201180793725333,0.05497021332030944
1334,1333.9999999999998,0.36509508879010744,0.009421693,0.002023614512079582,0.05506535610118405
1335,1334.9999999999998,0.36471714356354257,0.009621713,0.0020272131942771976,0.05516328123243993
1336,1335.9999999999998,0.36433919833697814,0.009739445,0.002030871922900629,0.05526284031018137
1337,1336.9999999999998,0.3639612531104137,0.00955251,0.002034517574052303,0.05536204353178771
1338,1337.9999999999998,0.3635833078838493,0.009365109,0.002038092485951812,0.05545932184028062
1339,1338.9999999999998,0.3632053626572844,0.009072325,0.002041576656037012,0.055554130938215714
1340,1339.9999999999998,0.36282741743072,0.008790279,0.0020449521989949187,0.05564598414143324
1341,1340.9999999999998,0.36244947220415513,0.008665454,0.0020482508544766866,0.05573574512984008
1342,1341.9999999999998,0.3620715269775907,0.00861167,0.002051515757748969,0.05582458767383794
1343,1342.9999999999998,0.36169358175102584,0.008745596,0.002054795805664425,0.05591384232457076
1344,1343.9999999999998,0.3613156365244614,0.009005897,0.002058150351686297,0.05600512417205187
1345,1344.9999999999998,0.36093769129789655,0.009306539,0.002061610900572782,0.05609929050442513
1346,1345.9999999999998,0.3605597460713321,0.009338681,0.002065134336521405,0.056195168080936116
1347,1346.9999999999998,0.3601818008447677,0.009361635,0.0020686681841051296,0.05629132897247129
1348,1347.9999999999998,0.35980385561820283,0.009092134,0.0020721554410579675,0.056386222068353975
1349,1348.9999999999998,0.3594259103916384,0.008557384,0.0020754907165976004,0.05647697953929972
1350,1349.9999999999998,0.359047965165074,0.008051056,0.0020786292569069426,0.05656238357190583
1351,1350.9999999999998,0.3586700199385091,0.007295227,0.0020815292841096225,0.056641297332241825
1352,1351.9999999999998,0.3582920747119447,0.006649829,0.0020841645177843105,0.0567130056936122
1353,1352.9999999999998,0.35791412948538026,0.006250372,0.0020866023024791475,0.05677934119452797
1354,1353.9999999999998,0.3575361842588154,0.005912061,0.0020889006692270283,0.05684188293983948
1355,1354.9999999999998,0.35715823903225097,0.005992073,0.002091150224537871,0.056903096458284536
1356,1355.9999999999998,0.35678029380568654,0.00634608,0.002093481797553358,0.05696654179216967
1357,1356.9999999999998,0.3564023485791217,0.006632019,0.0020959343028368244,0.05703327786070841
1358,1357.9999999999998,0.35602440335255725,0.006894504,0.0020984904452367573,0.05710283403885273
1359,1358.9999999999998,0.3556464581259924,0.00701428,0.002101118824496816,0.05717435588209914
1360,1359.9999999999998,0.35526851289942796,0.006987181,0.0021037647171717566,0.05724635428964237
1361,1360.9999999999998,0.3548905676728631,0.006973741,0.002106402949085927,0.05731814423726535
1362,1361.9999999999998,0.35451262244629866,0.006637026,0.0021089750112946934,0.0573881336154768
1363,1362.9999999999998,0.35413467721973424,0.006235436,0.0021114075540782104,0.05745432647671898
1364,1363.9999999999998,0.35375673199316937,0.005758336,0.0021136740485161623,0.05751600093229447
1365,1364.9999999999998,0.35337878676660495,0.005005941,0.0021157082020709468,0.05757135307035736
1366,1365.9999999999998,0.3530008415400405,0.004347563,0.002117475758165173,0.0576194507219488
1367,1366.9999999999998,0.35262289631347565,0.003551521,0.0021189684687111894,0.05766006944516991
1368,1367.9999999999998,0.35224495108691123,0.002917474,0.0021201909316016497,0.05769333435505361
1369,1368.9999999999998,0.3518670058603468,0.002502069,0.0021212150768051556,0.057721202765758185
1370,1369.9999999999998,0.35148906063378194,0.002323977,0.002122127067329596,0.057746019292171415
1371,1370.9999999999998,0.3511111154072175,0.00243753,0.002123026861750548,0.057770503945701934
1372,1371.9999999999998,0.35073317018065264,0.002834573,0.0021240231448319516,0.05779761418944034
1373,1372.9999999999998,0.3503552249540882,0.0035794,0.0021252352100712838,0.057830596164823146
1374,1373.9999999999998,0.34997727972752335,0.004430811,0.0021267489205768963,0.05787178632605598
1375,1374.9999999999998,0.3495993345009589,0.005319347,0.0021285914334140715,0.05792192365453155
1376,1375.9999999999998,0.34922138927439406,0.006008094,0.0021307320095416424,0.057980171698327816
1377,1376.9999999999998,0.34884344404782963,0.006575781,0.00213311001728561,0.05804488058554488
1378,1377.9999999999998,0.3484654988212652,0.006785935,0.0021356350156760662,0.05811358929201807
1379,1378.9999999999998,0.3480875535947008,0.006833473,0.002138208710797184,0.058183623104038226
1380,1379.9999999999998,0.3477096083681359,0.006690604,0.002140764390970105,0.05825316670434479
1381,1380.9999999999998,0.3473316631415715,0.006354064,0.002143229475971465,0.058320245084445985
1382,1381.9999999999998,0.34695371791500706,0.006110011,0.0021455848447963616,0.05838433793529201
1383,1382.9999999999998,0.3465757726884422,0.006129549,0.002147897786434987,0.05844727628358508
1384,1383.9999999999998,0.34619782746187777,0.006235151,0.002150234376106439,0.05851085812763334
1385,1384.9999999999998,0.34581988223531335,0.006674061,0.002152673863633494,0.058577239964974305
1386,1385.9999999999998,0.3454419370087485,0.007106105,0.002155277937613978,0.05864810042787038
1387,1386.9999999999998,0.34506399178218405,0.007765241,0.0021580882147306233,0.05872457196394968
1388,1387.9999999999998,0.3446860465556192,0.008434404,0.002161149503980519,0.05880787388813928
1389,1388.9999999999998,0.34430810132905476,0.009072964,0.002164457917063174,0.05889790039439268
1390,1389.9999999999998,0.3439301561024899,0.009883008,0.00216804007662932,0.058995375921941845
1391,1390.9999999999998,0.34355221087592547,0.010453822,0.002171883180540298,0.05909995210684693
1392,1391.9999999999998,0.3431742656493606,0.010929364,0.0021759240170790193,0.05920990887065898
1393,1392.9999999999998,0.3427963204227962,0.011311882,0.0021801270034582936,0.05932427795641204
1394,1393.9999999999998,0.34241837519623175,0.011265742,0.0021843935560672788,0.059440376767393964
1395,1394.9999999999998,0.3420404299696669,0.011083713,0.002188616990984064,0.059555302286199395
1396,1395.9999999999998,0.34166248474310246,0.010814815,0.0021927552130472593,0.059667909045132674
1397,1396.9999999999998,0.34128453951653803,0.010382182,0.0021967608649640863,0.059776908386608436
1398,1397.9999999999998,0.3409065942899736,0.010100974,0.0022006316204816754,0.059882237010061345
1399,1398.9999999999998,0.34052864906340874,0.010008049,0.002204431675108539,0.059985641764268786
1400,1399.9999999999998,0.3401507038368443,0.010106291,0.0022082327345027877,0.06008907385958962
1401,1400.9999999999998,0.33977275861027945,0.010582873,0.0022121424198904937,0.06019546181877479
1402,1401.9999999999998,0.339394813383715,0.011357988,0.0022162886417313272,0.060308286262747264
1403,1402.9999999999998,0.33901686815715015,0.012286819,0.0022207568627006726,0.06042987274937654
1404,1403.9999999999998,0.33863892293058573,0.013221051,0.0022255771515538375,0.06056103949117724
1405,1404.9999999999998,0.33826097770402086,0.014208272,0.0022307605424017117,0.060702086741602664
1406,1405.9999999999998,0.33788303247745644,0.014850569,0.0022362518675244363,0.06085151331051942
1407,1406.9999999999998,0.337505087250892,0.015053287,0.0022419028773399737,0.06100528512128988
1408,1407.9999999999998,0.33712714202432714,0.014952787,0.002247573203558096,0.06115958255815195
1409,1408.9999999999998,0.3367491967977627,0.014271148,0.002253095726925438,0.06130985807455319
1410,1409.9999999999998,0.3363712515711983,0.013474923,0.002258338974470624,0.061452534108688575
1411,1410.9999999999998,0.3359933063446334,0.012456006,0.0022632392098885915,0.06158587630734316
1412,1411.9999999999998,0.335615361118069,0.01142783,0.0022677526007927173,0.06170869193051446
1413,1412.9999999999998,0.3352374158915046,0.010380091,0.002271873700614341,0.061820832769518934
1414,1413.9999999999998,0.3348594706649397,0.009372673,0.0022756064320469697,0.061922405566284734
1415,1414.9999999999998,0.3344815254383753,0.008350127,0.002278955555877649,0.062013539868426996
1416,1415.9999999999998,0.33410358021181086,0.00752381,0.0022819552952356176,0.06209516693473397
1417,1416.9999999999998,0.333725634985246,0.006845381,0.00228467067880964,0.062169056285972704
1418,1417.9999999999998,0.33334768975868156,0.006409131,0.0022871754185800615,0.06223721372731133
1419,1418.9999999999998,0.3329697445321167,0.006122715,0.002289543594267933,0.062301655070652356
1420,1419.9999999999998,0.33259179930555227,0.006169432,0.002291866473409373,0.06236486383217283
1421,1420.9999999999998,0.3322138540789874,0.00630345,0.0022942235065160745,0.06242900197043387
1422,1421.9999999999998,0.331835908852423,0.006525224,0.002296647774566801,0.062494969664725994
1423,1422.9999999999998,0.33145796362585855,0.006747627,0.0022991559799059778,0.06256322140899458
1424,1423.9999999999998,0.3310800183992937,0.007055636,0.0023017644185869108,0.06263420064144043
1425,1424.9999999999998,0.33070207317272926,0.007462351,0.002304507920529899,0.0627088551324777
1426,1425.9999999999998,0.33032412794616484,0.00760218,0.0023073547043208414,0.06278632006577185
1427,1426.9999999999998,0.32994618271959997,0.007702696,0.0023102469067345227,0.06286502090275212
1428,1427.9999999999998,0.32956823749303554,0.007643794,0.0023131469730545335,0.06294393572752491
1429,1428.9999999999998,0.3291902922664711,0.007358222,0.0023159819432225564,0.06302107919576283
1430,1429.9999999999998,0.32881234703990625,0.006813532,0.0023186600166107303,0.06309395328512353
1431,1430.9999999999998,0.3284344018133418,0.006439606,0.0023211644967327813,0.06316210366107006
1432,1431.9999999999998,0.32805645658677696,0.005765545,0.0023234709360127562,0.06322486507117038
1433,1432.9999999999998,0.32767851136021253,0.005176163,0.002325538619167288,0.06328112959612267
1434,1433.9999999999998,0.32730056613364766,0.004428505,0.002327353638378957,0.06333051878493527
1435,1434.9999999999998,0.32692262090708324,0.00372182,0.0023288938265933067,0.06337242944132747
1436,1435.9999999999998,0.32654467568051837,0.002958275,0.0023301561816024305,0.06340677987106029
1437,1436.9999999999998,0.32616673045395395,0.00242332,0.0023311731556732076,0.06343445314530236
1438,1437.9999999999998,0.3257887852273895,0.001957957,0.0023320010970374113,0.06345698257755274
1439,1438.9999999999998,0.3254108400008251,0.002084505,0.0023327650116456455,0.06347776975301635
1440,1439.9999999999998,0.32503289477426023,0.00235569,0.0023336040868982785,0.0635006021538052
1441,1440.9999999999998,0.3246549495476958,0.002814023,0.002334581021073808,0.06352718588699244
1442,1441.9999999999998,0.3242770043211314,0.00320305,0.0023357180830829286,0.06355812692050826
1443,1442.9999999999998,0.3238990590945665,0.003459017,0.0023369770312937806,0.06359238464653745
1444,1443.9999999999998,0.3235211138680021,0.003444697,0.0023382816441697143,0.06362788497140597
1445,1444.9999999999998,0.32314316864143766,0.00347511,0.0023395892981819136,0.06366346804980803
1446,1445.9999999999998,0.3227652234148728,0.003496591,0.0023409067587389066,0.06369931797788823
1447,1446.9999999999998,0.3223872781883079,0.003573581,0.002342242827618102,0.06373567426421127
1448,1447.9999999999998,0.3220093329617435,0.003488776,0.002343577419676325,0.06377199036418839
1449,1448.9999999999998,0.32163138773517863,0.003688248,0.0023449336806571947,0.06380889610558921
1450,1449.9999999999998,0.3212534425086142,0.003727758,0.002346335102691132,0.0638470307418483
1451,1450.9999999999998,0.3208754972820498,0.004141571,0.00234782219035704,0.06388749645870698
1452,1451.9999999999998,0.3204975520554849,0.004617043,0.0023494773285333507,0.06393253506291305
1453,1452.9999999999998,0.3201196068289205,0.005365057,0.0023513636720563958,0.06398386508511124
1454,1453.9999999999998,0.31974166160235606,0.006315342,0.0023535709475796056,0.06404392811192462
1455,1454.9999999999998,0.3193637163757912,0.00736309,0.0023561557966202498,0.06411426543755716
1456,1455.9999999999998,0.31898577114922677,0.008335115,0.002359122327442941,0.06419498885358405
1457,1456.9999999999998,0.31860782592266235,0.009256766,0.002362446711168062,0.06428544994315818
1458,1457.9999999999998,0.3182298806960979,0.009881878,0.0023660633907394216,0.06438386480790242
1459,1458.9999999999998,0.31785193546953305,0.01062035,0.002369937750342691,0.06448929150352284
1460,1459.9999999999998,0.31747399024296863,0.010833449,0.0023739919308045543,0.06459961137398154
1461,1460.9999999999998,0.31709604501640376,0.010994744,0.0023781168614789945,0.06471185645580166
1462,1461.9999999999998,0.31671809978983934,0.010669188,0.0023822107513230043,0.06482325687359554
1463,1462.9999999999998,0.31634015456327447,0.010031518,0.002386122617832613,0.06492970418413124
1464,1463.9999999999998,0.31596220933671004,0.00931837,0.0023897792167346926,0.06502920530920239
1465,1464.9999999999998,0.3155842641101452,0.008454602,0.002393137821699326,0.06512059760614271
1466,1465.9999999999998,0.31520631888358075,0.007773831,0.0023962045510928123,0.0652040475641808
1467,1466.9999999999998,0.3148283736570163,0.007442309,0.0023990799848326817,0.06528229210230113
1468,1467.9999999999998,0.31445042843045146,0.007209873,0.0024018488459555095,0.0653576366517759
1469,1468.9999999999998,0.31407248320388703,0.007052066,0.002404543961838812,0.06543097449105414
1470,1469.9999999999998,0.3136945379773226,0.006712775,0.0024071451398139975,0.06550175614963147
1471,1470.9999999999998,0.31331659275075774,0.006480464,0.0024096383006654855,0.06556959851253469
1472,1471.9999999999998,0.3129386475241933,0.006369144,0.0024120665246688986,0.06563567385378334
1473,1472.9999999999998,0.3125607022976289,0.006592521,0.002414515924376438,0.06570232541529601
1474,1473.9999999999998,0.312182757071064,0.006827368,0.0024170519158707264,0.06577133325936363
1475,1474.9999999999998,0.3118048118444996,0.007341465,0.0024197294372698967,0.06584419232833835
1476,1475.9999999999998,0.31142686661793473,0.007709104,0.0024225735826252123,0.06592158546614157
1477,1476.9999999999998,0.3110489213913703,0.008160216,0.0024255724494966252,0.0660031887908799
1478,1477.9999999999998,0.31067097616480543,0.008541418,0.0024287286009196897,0.06608907204630372
1479,1478.9999999999998,0.310293030938241,0.009004351,0.002432044270739667,0.06617929601843929
1480,1479.9999999999998,0.3099150857116766,0.009282415,0.002435499968699169,0.06627333035036477
1481,1480.9999999999998,0.3095371404851117,0.009710326,0.0024390890765993325,0.06637099495171464
1482,1481.9999999999998,0.3091591952585473,0.009810316,0.0024427779433310206,0.06647137412916058
1483,1482.9999999999998,0.30878125003198287,0.009733716,0.0024464712301321334,0.06657187358282288
1484,1483.9999999999998,0.308403304805418,0.009443878,0.0024500952701867803,0.0666704887365208
1485,1484.9999999999998,0.3080253595788536,0.009124675,0.002453604218172061,0.06676597207546536
1486,1485.9999999999998,0.30764741435228915,0.008650017,0.002456963148169589,0.06685737321700133
1487,1486.9999999999998,0.3072694691257243,0.008248731,0.002460156548740348,0.06694427007337041
1488,1487.9999999999998,0.30689152389915986,0.007689821,0.0024631684985637237,0.06702622940336782
1489,1488.9999999999998,0.30651357867259543,0.006959797,0.0024659368751607713,0.06710156076822443
1490,1489.9999999999998,0.30613563344603056,0.006065293,0.0024683982604563086,0.0671685384742015
1491,1490.9999999999998,0.30575768821946614,0.00498441,0.0024704863517082116,0.0672253583317739
1492,1491.9999999999998,0.30537974299290127,0.003988462,0.002472181978778699,0.0672714986949181
1493,1492.9999999999998,0.30500179776633685,0.003226462,0.002473545401821612,0.06730859932595548
1494,1493.9999999999998,0.304623852539772,0.002709895,0.002474667210717279,0.06733912530110965
1495,1494.9999999999998,0.30424590731320755,0.002420032,0.0024756366264284163,0.06736550444645834
1496,1495.9999999999998,0.3038679620866427,0.002482278,0.002476563028760236,0.06739071313812867
1497,1496.9999999999998,0.30349001686007826,0.002596521,0.0024775227826796015,0.06741682937272962
1498,1497.9999999999998,0.30311207163351384,0.002871946,0.0024785561731792394,0.0674449493607582
1499,1498.9999999999998,0.3027341264069494,0.003334256,0.0024797289753897373,0.0674768629346982
1500,1499.9999999999998,0.30235618118038454,0.003986232,0.002481112347137599,0.06751450639765107
1501,1500.9999999999998,0.3019782359538201,0.004667354,0.0024827476378982824,0.06755900492616451
1502,1501.9999999999998,0.3016002907272557,0.00532393,0.002484635716945808,0.0676103821743897
1503,1502.9999999999998,0.3012223455006908,0.006084313,0.0024867915624384777,0.0676690457187774
1504,1503.9999999999998,0.3008444002741264,0.006554272,0.002489179908874118,0.06773403593612684
1505,1504.9999999999998,0.30046645504756153,0.007018273,0.0024917447481716598,0.06780382876891114
1506,1505.9999999999998,0.3000885098209971,0.007262898,0.002494443498376261,0.06787726550310998
1507,1506.9999999999998,0.29971056459443224,0.007489784,0.002497231351246724,0.06795312684436512
1508,1507.9999999999998,0.2993326193678678,0.007585348,0.0025000801383363394,0.06803064629019324
1509,1508.9999999999998,0.29895467414130295,0.007285082,0.0025028902423540706,0.06810711311601113
1510,1509.9999999999998,0.2985767289147385,0.006788497,0.0025055497633559355,0.0681794823692222
1511,1510.9999999999998,0.2981987836881741,0.006130897,0.0025079911750021393,0.0682459165645125
1512,1511.9999999999998,0.2978208384616092,0.005454174,0.0025101804361440704,0.06830548939503892
1513,1512.9999999999998,0.2974428932350448,0.005117401,0.00251217817429833,0.06835985061957282
1514,1513.9999999999998,0.2970649480084804,0.00487971,0.002514067354489273,0.06841125783143684
1515,1514.9999999999998,0.2966870027819155,0.004756074,0.0025158882537727766,0.06846080702515529
1516,1515.9999999999998,0.2963090575553511,0.004572746,0.002517651145267017,0.06850877774651483
1517,1516.9999999999998,0.29593111232878666,0.004312405,0.0025193301954708944,0.06855446703013895
1518,1517.9999999999998,0.29555316710222224,0.003902595,0.0025208826054890087,0.068596710258754
1519,1518.9999999999998,0.29517522187565737,0.003686896,0.0025223168114367612,0.06863573699075459
1520,1519.9999999999998,0.29479727664909294,0.003486065,0.002523672304621903,0.06867262183936929
1521,1520.9999999999998,0.2944193314225281,0.0034097,0.002524975415354534,0.0687080812888362
1522,1521.9999999999998,0.29404138619596365,0.003513127,0.002526283640064025,0.06874367989670271
1523,1522.9999999999998,0.2936634409693988,0.003649821,0.00252763724106639,0.06878051325640101
1524,1523.9999999999998,0.29328549574283436,0.003670355,0.0025290205538547965,0.06881815511498536
1525,1524.9999999999998,0.2929075505162695,0.003881324,0.0025304476143700955,0.06885698740986355
1526,1525.9999999999998,0.29252960528970506,0.004024343,0.0025319415689228253,0.06889763998423185
1527,1526.9999999999998,0.29215166006314064,0.00450971,0.002533554271220125,0.06894152384934345
1528,1527.9999999999998,0.29177371483657577,0.004982923,0.0025353481188850648,0.0689903369310206
1529,1528.9999999999998,0.29139576961001135,0.005550352,0.0025373386193882357,0.06904450120903521
1530,1529.9999999999998,0.2910178243834469,0.005954117,0.0025395126489595908,0.06910365956741156
1531,1530.9999999999998,0.29063987915688205,0.006463192,0.0025418591802912546,0.06916751193781577
1532,1531.9999999999998,0.29026193393031763,0.006889832,0.0025443825361317557,0.06923617594822772
1533,1532.9999999999998,0.2898839887037532,0.007488382,0.002547099624805668,0.06931011169759814
1534,1533.9999999999998,0.28950604347718834,0.007923771,0.0025500120996343844,0.06938936417509407
1535,1534.9999999999998,0.2891280982506239,0.008522278,0.002553119952492083,0.0694739331596006
1536,1535.9999999999998,0.28875015302405904,0.008696197,0.002556373772709569,0.06956247411831361
1537,1536.9999999999998,0.2883722077974946,0.008707855,0.0025596626618977097,0.06965196935233237
1538,1537.9999999999998,0.28799426257092975,0.008598309,0.0025629330529346817,0.06974096122601484
1539,1538.9999999999998,0.2876163173443653,0.008458624,0.0025661563461382726,0.06982867150236181
1540,1539.9999999999998,0.2872383721178009,0.008477281,0.0025693567683644234,0.06991575942770785
1541,1540.9999999999998,0.28686042689123603,0.008764865,0.0025726150617526385,0.07000442210759732
1542,1541.9999999999998,0.2864824816646716,0.008913618,0.0025759558108840153,0.07009532852256216
1543,1542.9999999999998,0.2861045364381072,0.009007781,0.00257934246448672,0.07018748406182672
1544,1543.9999999999998,0.2857265912115423,0.009085019,0.002582761508184314,0.07028052098047385
1545,1544.9999999999998,0.2853486459849779,0.009220504,0.002586220750703123,0.07037465176477173
1546,1545.9999999999998,0.28497070075841346,0.009491249,0.002589756759566626,0.07047087146772574
1547,1546.9999999999998,0.2845927555318486,0.009870526,0.00259341560478616,0.07057043371820876
1548,1547.9999999999998,0.28421481030528417,0.010515026,0.002597267915820802,0.07067526044171209
1549,1548.9999999999998,0.28383686507871975,0.011424502,0.002601413885761142,0.07078807803112293
1550,1549.9999999999998,0.2834589198521549,0.012217677,0.0026058816101104595,0.07090965100403282
1551,1550.9999999999998,0.28308097462559045,0.012866868,0.002610621902132107,0.07103864092115264
1552,1551.9999999999998,0.2827030293990256,0.01323201,0.0026155538753115026,0.07117284674829204
1553,1552.9999999999998,0.28232508417246116,0.013402295,0.0026205870295303102,0.07130980585177563
1554,1553.9999999999998,0.2819471389458963,0.013585444,0.0026256869730957207,0.07144858238596676
1555,1554.9999999999998,0.28156919371933187,0.013482055,0.0026308019891167667,0.07158776906256985
1556,1555.9999999999998,0.281191248492767,0.013393399,0.002635880713892295,0.07172596820407381
1557,1556.9999999999998,0.2808133032662026,0.013079571,0.002640883380214539,0.0718620976896282
1558,1557.9999999999998,0.28043535803963815,0.012759745,0.002645766303284486,0.07199496879529398
1559,1558.9999999999998,0.2800574128130737,0.012155861,0.002650474670461818,0.07212308999314429
1560,1559.9999999999998,0.27967946758650886,0.011628159,0.0026549691988755762,0.07224539234180463
1561,1560.9999999999998,0.27930152235994443,0.011420487,0.002659324761742815,0.07236391324530375
1562,1561.9999999999998,0.27892357713338,0.0110519,0.002663571427440896,0.07247947090587183
1563,1562.9999999999998,0.27854563190681514,0.01100974,0.002667740473204989,0.07259291642043576
1564,1563.9999999999998,0.2781676866802507,0.010496802,0.0026718046206493946,0.07270350750630612
1565,1564.9999999999998,0.27778974145368585,0.010032308,0.0026756840602144543,0.07280907243472892
1566,1565.9999999999998,0.2774117962271214,0.009516976,0.002679378339499732,0.07290959889526118
1567,1566.9999999999998,0.27703385100055655,0.009112703,0.0026828988386249724,0.07300539655673675
1568,1567.9999999999998,0.27665590577399213,0.008749888,0.0026862743791262354,0.07309724969310559
1569,1568.9999999999998,0.27627796054742726,0.008606666,0.0026895542924931905,0.07318650068258718
1570,1569.9999999999998,0.27590001532086283,0.008271108,0.0026927437295523587,0.07327328968631149
1571,1570.9999999999998,0.2755220700942984,0.007911972,0.002695801888470915,0.07335650642984594
1572,1571.9999999999998,0.27514412486773354,0.007581992,0.002698729823338097,0.07343617959641992
1573,1572.9999999999998,0.2747661796411691,0.007436367,0.0027015678818855388,0.07351340710374309
1574,1573.9999999999998,0.2743882344146047,0.007491603,0.0027043888593874387,0.07359016981213852
1575,1574.9999999999998,0.2740102891880398,0.007791041,0.0027072768605619817,0.07366875632757788
1576,1575.9999999999998,0.2736323439614754,0.008086875,0.0027102773518419784,0.07375040385472559
1577,1576.9999999999998,0.273254398734911,0.008570347,0.0027134251106133416,0.07383605873446235
1578,1577.9999999999998,0.2728764535083461,0.008874786,0.002716721762985409,0.07392576521547742
1579,1578.9999999999998,0.2724985082817817,0.009141142,0.0027201262799802744,0.07401840684240574
1580,1579.9999999999998,0.2721205630552168,0.009571436,0.0027236624447461834,0.07411463078768034
1581,1580.9999999999998,0.2717426178286524,0.009884721,0.002727339125578904,0.07421467836992272
1582,1581.9999999999998,0.2713646726020875,0.010199948,0.002731134577966744,0.0743179578908265
1583,1582.9999999999998,0.2709867273755231,0.010198934,0.002734989408006321,0.07442285315994607
1584,1583.9999999999998,0.27060878214895867,0.010041588,0.002738814312342859,0.07452693410920155
1585,1584.9999999999998,0.2702308369223938,0.009813664,0.0027425664112006778,0.0746290339204548
1586,1585.9999999999998,0.2698528916958294,0.009408182,0.0027461988136714076,0.0747278766270867
1587,1586.9999999999998,0.26947494646926495,0.009004352,0.002749678278338537,0.07482255768407323
1588,1587.9999999999998,0.2690970012427001,0.008857323,0.0027530536457408858,0.07491440611018066
1589,1588.9999999999998,0.26871905601613566,0.008663729,0.002756364644724781,0.0750045029823915
1590,1589.9999999999998,0.26834111078957124,0.008491103,0.0027596064381582397,0.07509271667563905
1591,1590.9999999999998,0.26796316556300637,0.008300951,0.0027627796764849973,0.07517906488939903
1592,1591.9999999999998,0.26758522033644194,0.008040805,0.002765867820821939,0.07526309757773492
1593,1592.9999999999998,0.2672072751098775,0.007857601,0.002768872184150782,0.07534485046869935
1594,1593.9999999999998,0.26682932988331265,0.00788727,0.0027718475335694447,0.07542581385094735
1595,1594.9999999999998,0.2664513846567482,0.008072747,0.002774863539689965,0.07550788355841308
1596,1595.9999999999998,0.26607343943018336,0.008083035,0.002777916540034124,0.07559095992998713
1597,1596.9999999999998,0.26569549420361893,0.008104727,0.0027809755837224556,0.07567420074933368
1598,1597.9999999999998,0.26531754897705406,0.008131526,0.002784043790881778,0.0757576909194287
1599,1598.9999999999998,0.26493960375048964,0.007984561,0.0027870892899580528,0.07584056317110502
1600,1599.9999999999998,0.2645616585239252,0.008037282,0.0027901169794993614,0.0759229508006465
1601,1600.9999999999998,0.26418371329736035,0.008114757,0.002793169272519029,0.07600600792494061
1602,1601.9999999999998,0.2638057680707959,0.008196463,0.0027962516463882515,0.07608988359085056
1603,1602.9999999999998,0.2634278228442315,0.008401203,0.0027993881507066584,0.07617523222132094
1604,1603.9999999999998,0.2630498776176666,0.008586503,0.0028025983619031497,0.07626258651811986
1605,1604.9999999999998,0.2626719323911022,0.008645998,0.0028058548326505097,0.07635119960142504
1606,1605.9999999999998,0.2622939871645378,0.008735752,0.002809139507371429,0.0764405801539484
1607,1606.9999999999998,0.2619160419379729,0.008822482,0.0028124575327350314,0.07653086822369137
1608,1607.9999999999998,0.2615380967114085,0.00889154,0.0028158049977641117,0.07662195738754261
1609,1608.9999999999998,0.2611601514848436,0.008804721,0.0028191491064506074,0.07671295522065942
1610,1609.9999999999998,0.2607822062582792,0.00863878,0.0028224454504193696,0.07680265330959303
1611,1610.9999999999998,0.2604042610317143,0.008222606,0.0028256317905953512,0.07688935804283278
1612,1611.9999999999998,0.2600263158051499,0.007744953,0.0028286492219473207,0.07697146653282198
1613,1612.9999999999998,0.25964837057858503,0.00723915,0.002831480807048922,0.07704851788871003
1614,1613.9999999999998,0.2592704253520206,0.006683497,0.002834111806036319,0.0771201110183689
1615,1614.9999999999998,0.2588924801254562,0.00630361,0.0028365660135850857,0.07718689340790622
1616,1615.9999999999998,0.2585145348988913,0.005977249,0.002838886759603667,0.07725004412419666
1617,1616.9999999999998,0.2581365896723269,0.005521792,0.002841059763431677,0.07730917457067465
1618,1617.9999999999998,0.25775864444576246,0.004925787,0.0028430340697377806,0.07736289818213793
1619,1618.9999999999998,0.25738069921919804,0.00425069,0.0028447681725771953,0.0774100855242915
1620,1619.9999999999998,0.25700275399263317,0.003666291,0.0028462642651660717,0.07745079627758718
1621,1620.9999999999998,0.25662480876606875,0.003366891,0.0028475933439483015,0.07748696235368178
1622,1621.9999999999998,0.2562468635395043,0.003129559,0.002848820995081859,0.07752036844285234
1623,1622.9999999999998,0.25586891831293945,0.003036674,0.002849986244245977,0.07755207648792997
1624,1623.9999999999998,0.25549097308637503,0.003054408,0.0028511372919292335,0.07758339809102661
1625,1624.9999999999998,0.25511302785981016,0.003070188,0.0028522946728406517,0.07761489203004095
1626,1625.9999999999998,0.25473508263324574,0.003266148,0.0028534920668132065,0.07764747477991675
1627,1626.9999999999998,0.25435713740668087,0.003444398,0.0028547601762273773,0.07768198179498793
1628,1627.9999999999998,0.25397919218011644,0.003747751,0.002856119295419023,0.07771896531226613
1629,1628.9999999999998,0.2536012469535516,0.004006403,0.0028575846181641963,0.07775883877546008
1630,1629.9999999999998,0.25322330172698715,0.004316776,0.0028591574710506427,0.07780163828286128
1631,1630.9999999999998,0.2528453565004227,0.004287701,0.00286078348155526,0.07784588428274247
1632,1631.9999999999998,0.25246741127385786,0.004243959,0.002862395731641096,0.07788975584255328
1633,1632.9999999999998,0.25208946604729343,0.004096437,0.002863971838069025,0.07793264388332843
1634,1633.9999999999998,0.251711520820729,0.004152844,0.002865530726257295,0.07797506339193376
1635,1634.9999999999998,0.25133357559416414,0.004182398,0.002867105858720375,0.07801792492977523
1636,1635.9999999999998,0.2509556303675997,0.004220721,0.0028686938180775274,0.07806113550518563
1637,1636.9999999999998,0.2505776851410353,0.004273813,0.002870299052366123,0.0781048161554279
1638,1637.9999999999998,0.2501997399144704,0.004301337,0.0028719195208709108,0.07814891134981114
1639,1638.9999999999998,0.249821794687906,0.004204125,0.002873526820252224,0.078192648194089
1640,1639.9999999999998,0.24944384946134113,0.004260775,0.0028751264545263974,0.07823617646017585
1641,1640.9999999999998,0.2490659042347767,0.004347283,0.002876753141741943,0.07828044087429947
1642,1641.9999999999998,0.24868795900821183,0.004625056,0.0028784486680900278,0.07832657849664745
1643,1642.9999999999998,0.2483100137816474,0.004997571,0.0028802670810608587,0.07837606003435145
1644,1643.9999999999998,0.24793206855508299,0.005292849,0.002882211688620031,0.07842897550174097
1645,1644.9999999999998,0.24755412332851812,0.00556673,0.002884263851642807,0.07848481770239345
1646,1645.9999999999998,0.2471761781019537,0.005695167,0.0028863920417494127,0.07854272870538918
1647,1646.9999999999998,0.24679823287538927,0.006222413,0.0028886441379860138,0.07860401136594647
1648,1647.9999999999998,0.2464202876488244,0.006749037,0.0028910953867905746,0.07867071324395239
1649,1648.9999999999998,0.24604234242225997,0.007595214,0.0028938060573876216,0.07874447434855429
1650,1649.9999999999998,0.24566439719569555,0.008256088,0.0028968015193504885,0.07882598502101101
1651,1650.9999999999998,0.24528645196913068,0.009012293,0.002900064770435213,0.0789147826066951
1652,1651.9999999999998,0.24490850674256626,0.009488379,0.0029035608907705315,0.0790099168875019
1653,1652.9999999999998,0.24453056151600183,0.009897057,0.0029072242072710683,0.07910960080773931
1654,1653.9999999999998,0.24415261628943696,0.0102044,0.00291102283213114,0.07921296665601034
1655,1654.9999999999998,0.24377467106287254,0.010266264,0.002914891227002844,0.07931823104301626
1656,1655.9999999999998,0.24339672583630767,0.010166657,0.0029187524894812044,0.07942330134771208
1657,1656.9999999999998,0.24301878060974325,0.009881486,0.0029225410394553715,0.07952639304437137
1658,1657.9999999999998,0.24264083538317838,0.009419057,0.002926188313503849,0.07962564042724946
1659,1658.9999999999998,0.24226289015661395,0.009061811,0.002929680691425534,0.0797206728717934
1660,1659.9999999999998,0.24188494493004953,0.008955953,0.0029330855553741176,0.07981332393981333
1661,1660.9999999999998,0.24150699970348466,0.009056452,0.002936489406618467,0.07990594745074721
1662,1661.9999999999998,0.24112905447692023,0.009283775,0.002939955207242847,0.08000025669018881
1663,1662.9999999999998,0.2407511092503558,0.009516584,0.0029435079602137225,0.08009693202351588
1664,1663.9999999999998,0.24037316402379094,0.00984378,0.002947166538792899,0.08019648701834514
1665,1664.9999999999998,0.23999521879722652,0.010016839,0.002950919651866733,0.08029861442782212
1666,1665.9999999999998,0.2396172735706621,0.009988005,0.002954700019515718,0.08040148347207048
1667,1666.9999999999998,0.23923932834409722,0.010001921,0.0029584775680712577,0.08050427580487825
1668,1667.9999999999998,0.2388613831175328,0.010029159,0.0029622628936057244,0.08060727976006342
1669,1668.9999999999998,0.23848343789096793,0.010217293,0.002966088918549859,0.08071139120260505
1670,1669.9999999999998,0.2381054926644035,0.010375984,0.002969980483920595,0.08081728609100966
1671,1670.9999999999998,0.23772754743783864,0.010601065,0.002973944571689076,0.08092515441439078
1672,1671.9999999999998,0.2373496022112742,0.010617645,0.0029779543267682554,0.08103426540860216
1673,1672.9999999999998,0.23697165698470934,0.010633547,0.0029819702200558594,0.08114354343197382
1674,1673.9999999999998,0.23659371175814492,0.010712419,0.0029860040230339146,0.0812533088028499
1675,1674.9999999999998,0.2362157665315805,0.010812286,0.002990071602787895,0.08136399328662182
1676,1675.9999999999998,0.23583782130501563,0.011030865,0.002994199360114685,0.08147631528557081
1677,1676.9999999999998,0.2354598760784512,0.011215635,0.0029984033393560695,0.08159071138847823
1678,1677.9999999999998,0.23508193085188678,0.011272937,0.0030026530635758964,0.08170635227566288
1679,1678.9999999999998,0.23470398562532235,0.01130018,0.0030069187644853135,0.08182242791071889
1680,1679.9999999999998,0.23432604039875748,0.011038937,0.0030111402458032227,0.08193730026939074
1681,1680.9999999999998,0.23394809517219306,0.010740908,0.003015256040029756,0.08204929673579794
1682,1681.9999999999998,0.23357014994562864,0.010393947,0.0030192499488104485,0.0821579765302606
1683,1682.9999999999998,0.23319220471906377,0.010213183,0.0030231441320187967,0.08226394265365561
1684,1683.9999999999998,0.23281425949249934,0.009682455,0.0030269038627245754,0.08236625013807146
1685,1684.9999999999998,0.23243631426593447,0.009190583,0.0030304703500360114,0.08246329920184436
1686,1685.9999999999998,0.23205836903937005,0.008426627,0.0030337995202484543,0.08255389053837378
1687,1686.9999999999998,0.23168042381280518,0.008104491,0.0030369234488173925,0.08263889696526804
1688,1687.9999999999998,0.23130247858624076,0.007962296,0.0030399596315438325,0.08272151570615059
1689,1688.9999999999998,0.2309245333596759,0.008102293,0.0030429953989084685,0.08280412314446266
1690,1689.9999999999998,0.23054658813311146,0.008404806,0.003046114788544208,0.08288900606069251
1691,1690.9999999999998,0.23016864290654704,0.008790723,0.00304936427259611,0.08297742902632899
1692,1691.9999999999998,0.22979069767998217,0.009131373,0.003052751057912726,0.08306958814971167
1693,1692.9999999999998,0.22941275245341775,0.009293867,0.0030562329236658798,0.08316433454357741
1694,1693.9999999999998,0.22903480722685332,0.009292969,0.0030597453266374493,0.08325991189748834
1695,1694.9999999999998,0.22865686200028845,0.009258035,0.0030632509583423395,0.0833553049958463
1696,1695.9999999999998,0.22827891677372403,0.009168196,0.0030667330113673527,0.08345005648563894
1697,1696.9999999999998,0.2279009715471596,0.008954217,0.003070157651110944,0.08354324568045515
1698,1697.9999999999998,0.22752302632059473,0.008730814,0.003073499637634992,0.08363418576658992
1699,1698.9999999999998,0.2271450810940303,0.008186404,0.0030766965285299185,0.08372117759951804
1700,1699.9999999999998,0.22676713586746544,0.007756102,0.003079709225551007,0.08380315726180103
1701,1700.9999999999998,0.22638919064090102,0.007323388,0.0030825588361832715,0.08388069911736624
1702,1701.9999999999998,0.22601124541433615,0.006882252,0.003085243313097419,0.08395374745554555
1703,1702.9999999999998,0.22563330018777172,0.006676059,0.0030878054625587833,0.08402346709415869
1704,1703.9999999999998,0.2252553549612073,0.006320102,0.003090261381065591,0.08409029604123609
1705,1704.9999999999998,0.22487740973464243,0.006140195,0.0030926160359519544,0.08415436946482494
1706,1705.9999999999998,0.224499464508078,0.005793464,0.003094871170679204,0.08421573480692487
1707,1706.9999999999998,0.22412151928151358,0.00558075,0.003097020585622816,0.0842742233671584
1708,1707.9999999999998,0.2237435740549487,0.005525014,0.0030991192708683924,0.08433133150198453
1709,1708.9999999999998,0.2233656288283843,0.005495959,0.003101201932937116,0.08438800362395643
1710,1709.9999999999998,0.22298768360181986,0.005409508,0.00310326276753517,0.08444408179019318
1711,1710.9999999999998,0.222609738375255,0.005300223,0.0031052866133897904,0.0844991534414456
1712,1711.9999999999998,0.22223179314869057,0.005086098,0.0031072493436115492,0.08455256205160655
1713,1712.9999999999998,0.2218538479221257,0.004725068,0.0031091033852899156,0.08460301309583274
1714,1713.9999999999998,0.22147590269556128,0.004587883,0.0031108632779777556,0.08465090221551304
1715,1714.9999999999998,0.2210979574689964,0.004817102,0.0031126405625710864,0.0846992645930512
1716,1715.9999999999998,0.22072001224243198,0.005071049,0.0031145091523060863,0.08475011151006558
1717,1716.9999999999998,0.22034206701586756,0.005323745,0.0031164734836927974,0.0848035636901445
1718,1717.9999999999998,0.2199641217893027,0.005744531,0.003118565084733047,0.08486047905392324
1719,1718.9999999999998,0.21958617656273827,0.0060336,0.0031207908289276986,0.08492104463888867
1720,1719.9999999999998,0.21920823133617384,0.006224498,0.003123107273740629,0.08498407831341083
1721,1720.9999999999998,0.21883028610960897,0.00626606,0.003125467647127243,0.08504830734531874
1722,1721.9999999999998,0.21845234088304455,0.006415515,0.0031278641174955287,0.08511351862613722
1723,1722.9999999999998,0.21807439565648012,0.006449037,0.0031302951655056747,0.08517967081252384
1724,1723.9999999999998,0.21769645042991526,0.006735623,0.0031327867051611133,0.08524746906043518
1725,1724.9999999999998,0.21731850520335083,0.006909008,0.003135365166738456,0.0853176325743367
1726,1725.9999999999998,0.2169405599767864,0.007197754,0.0031380309584185476,0.085390172461395
1727,1726.9999999999998,0.21656261475022154,0.007525204,0.003140813194267053,0.08546588095569613
1728,1727.9999999999998,0.2161846695236571,0.007570233,0.003143665818445581,0.0855435048140327
1729,1728.9999999999998,0.21580672429709225,0.00753235,0.003146519793022404,0.08562116541857884
1730,1729.9999999999998,0.21542877907052782,0.007226384,0.003149308789555122,0.08569705788046937
1731,1730.9999999999998,0.21505083384396295,0.006706678,0.0031519417566922866,0.08576870456621175
1732,1731.9999999999998,0.21467288861739853,0.006001245,0.0031543432061109868,0.0858340513338942
1733,1732.9999999999998,0.21429494339083366,0.005052538,0.0031564320683711523,0.08589089217167023
1734,1733.9999999999998,0.21391699816426923,0.004190078,0.003158178669670237,0.08593841961423736
1735,1734.9999999999998,0.2135390529377048,0.003398709,0.00315961274258127,0.08597744272612438
1736,1735.9999999999998,0.21316110771113994,0.002724198,0.003160769804317944,0.08600892797995148
1737,1736.9999999999998,0.21278316248457552,0.002478007,0.0031617528785916242,0.0860356787937211
1738,1737.9999999999998,0.2124052172580111,0.002223596,0.0031626413527971503,0.08605985540849725
1739,1738.9999999999998,0.21202727203144667,0.001966406,0.0031634331484247484,0.08608140126514771
1740,1739.9999999999998,0.2116493268048818,0.001566458,0.0031641007629671994,0.08609956798232578
1741,1740.9999999999998,0.21127138157831737,0.001446957,0.0031646702158746533,0.08611506358533941
1742,1741.9999999999998,0.2108934363517525,0.001618256,0.00316524945718553,0.08613082554437931
1743,1742.9999999999998,0.21051549112518808,0.001930261,0.0031659200297162967,0.08614907275251996
1744,1743.9999999999998,0.2101375458986232,0.002524991,0.003166761950329568,0.08617198257951614
1745,1744.9999999999998,0.2097596006720588,0.003150588,0.003167834479325088,0.08620116758027326
1746,1745.9999999999998,0.20938165544549392,0.003720053,0.0031691328423097825,0.08623649783693726
1747,1746.9999999999998,0.2090037102189295,0.004324864,0.0031706531112989118,0.08627786646359827
1748,1747.9999999999998,0.20862576499236507,0.004903815,0.0031723970788866854,0.08632532223922966
1749,1748.9999999999998,0.2082478197658002,0.00543176,0.0031743502195042106,0.08637846990296587
1750,1749.9999999999998,0.20786987453923578,0.005973282,0.003176505460095545,0.08643711698714969
1751,1750.9999999999998,0.20749192931267135,0.006465259,0.003178856003693734,0.08650107853688804
1752,1751.9999999999998,0.20711398408610648,0.006860723,0.003181374249336827,0.08656960349174453
1753,1752.9999999999998,0.20673603885954206,0.007076202,0.0031840079464751964,0.08664127004183166
1754,1753.9999999999998,0.20635809363297763,0.006966002,0.0031866615384613197,0.08671347795830531
1755,1754.9999999999998,0.20598014840641277,0.006785093,0.0031892601188189627,0.08678418893210837
1756,1755.9999999999998,0.20560220317984834,0.006664586,0.003191801739807401,0.08685334996251567
1757,1756.9999999999998,0.20522425795328392,0.006289183,0.003194249647387186,0.08691996092116369
1758,1757.9999999999998,0.20484631272671905,0.006083449,0.0031965877359894064,0.08698358355319605
1759,1758.9999999999998,0.20446836750015462,0.005793734,0.0031988321982993487,0.08704465848402645
1760,1759.9999999999998,0.20409042227358976,0.005512287,0.003200968726633543,0.08710279638175371
1761,1760.9999999999998,0.20371247704702533,0.005455738,0.0032030413829803386,0.08715919623416156
1762,1761.9999999999998,0.20333453182046046,0.005725553,0.0032051543407604784,0.08721669274443841
1763,1762.9999999999998,0.20295658659389604,0.006220341,0.0032074117875676516,0.08727812100143817
1764,1763.9999999999998,0.2025786413673316,0.006994242,0.0032099089818505974,0.08734607311960269
1765,1764.9999999999998,0.20220069614076674,0.007825185,0.0032127094476981336,0.08742227767744869
1766,1765.9999999999998,0.20182275091420232,0.008564184,0.0032158065895881113,0.08750655520167551
1767,1766.9999999999998,0.2014448056876379,0.009069019,0.0032191387820395584,0.0875972287775178
1768,1767.9999999999998,0.20106686046107303,0.009621647,0.0032226708060375648,0.08769334004675765
1769,1768.9999999999998,0.2006889152345086,0.010095499,0.003226396806643653,0.08779472968840271
1770,1769.9999999999998,0.20031097000794418,0.010558361,0.00323029982054222,0.08790093610712006
1771,1770.9999999999998,0.1999330247813793,0.01124996,0.003234420995952889,0.08801307900300726
1772,1771.9999999999998,0.19955507955481488,0.011764239,0.0032387700492805182,0.08813142277290976
1773,1772.9999999999998,0.19917713432825002,0.012428459,0.0032433418066439277,0.08825582662834844
1774,1773.9999999999998,0.1987991891016856,0.012924703,0.003248132859922037,0.08838619782962419
1775,1774.9999999999998,0.19842124387512072,0.013320022,0.0032530923941901622,0.08852115363219434
1776,1775.9999999999998,0.1980432986485563,0.013802755,0.0032582178562393254,0.08866062455970328
1777,1776.9999999999998,0.19766535342199187,0.01410161,0.0032634910170153586,0.08880411457431711
1778,1777.9999999999998,0.197287408195427,0.0142824,0.0032688548175604897,0.08895007102269711
1779,1778.9999999999998,0.19690946296886258,0.014253187,0.003274247262007424,0.08909680691135269
1780,1779.9999999999998,0.19653151774229816,0.013970015,0.0032795806742445584,0.08924193645174643
1781,1780.9999999999998,0.1961535725157333,0.013410976,0.0032847549316680877,0.08938273516903425
1782,1781.9999999999998,0.19577562728916886,0.012589641,0.0032896683362095298,0.08951643571779422
1783,1782.9999999999998,0.19539768206260444,0.011750621,0.0032942679791276457,0.0896415983778327
1784,1783.9999999999998,0.19501973683603957,0.010737361,0.003298517591853631,0.08975723623111535
1785,1784.9999999999998,0.19464179160947515,0.009975734,0.0033024317995449456,0.08986374724845073
1786,1785.9999999999998,0.19426384638291072,0.009218041,0.003306058897365448,0.08996244560819641
1787,1786.9999999999998,0.19388590115634585,0.008715282,0.003309447804277594,0.0900546624631345
1788,1787.9999999999998,0.19350795592978143,0.008344556,0.0033126716464466264,0.09014238767759215
1789,1788.9999999999998,0.19313001070321656,0.008202833,0.0033157986497889553,0.09022747777333276
1790,1789.9999999999998,0.19275206547665213,0.008521804,0.003318959148149043,0.09031347931493892
1791,1790.9999999999998,0.19237412025008727,0.008958245,0.0033222623986888756,0.09040336534124557
1792,1791.9999999999998,0.19199617502352284,0.009446012,0.0033257402992296846,0.09049800383618666
1793,1792.9999999999998,0.19161822979695797,0.009714548,0.0033293611203248368,0.09059653139753446
1794,1793.9999999999998,0.19124028457039355,0.009850787,0.0033330584328095303,0.09069714039562757
1795,1794.9999999999998,0.19086233934382912,0.009805945,0.00333677301682416,0.09079821937599283
1796,1795.9999999999998,0.19048439411726426,0.009623257,0.00334044460390009,0.09089812835005173
1797,1796.9999999999998,0.19010644889069983,0.009425554,0.0033440443074946803,0.0909960812749352
1798,1797.9999999999998,0.1897285036641354,0.009036157,0.003347533065268013,0.09109101521022406
1799,1798.9999999999998,0.18935055843757098,0.008809074,0.0033509053252047095,0.09118277907788337
1800,1799.9999999999998,0.1889726132110061,0.008480437,0.0033541725692807526,0.0912716853183965
1801,1800.9999999999998,0.1885946679844417,0.008352889,0.0033573536068852053,0.09135824576131428
1802,1801.9999999999998,0.18821672275787682,0.008197409,0.003360481159948866,0.09144335081573438
1803,1802.9999999999998,0.1878387775313124,0.008219147,0.003363583439437281,0.09152776814113664
1804,1803.9999999999998,0.18746083230474753,0.008204755,0.0033666871071185134,0.09161222324118984
1805,1804.9999999999998,0.1870828870781831,0.008035065,0.0033697559883431477,0.09169573175353643
1806,1805.9999999999998,0.18670494185161823,0.00770627,0.0033727306695546496,0.09177667695294128
1807,1806.9999999999998,0.1863269966250538,0.007230825,0.0033755533714316453,0.09185348658397349
1808,1807.9999999999998,0.18594905139848938,0.006500725,0.003378148258319562,0.09192409705334524
1809,1808.9999999999998,0.18557110617192452,0.005778114,0.0033804686226134644,0.09198723738237802
1810,1809.9999999999998,0.1851931609453601,0.004826948,0.0033824726888936254,0.09204177080399004
1811,1810.9999999999998,0.18481521571879567,0.004022242,0.003384144943453357,0.09208727516871651
1812,1811.9999999999998,0.1844372704922308,0.003102835,0.0033854913878738845,0.09212391378790225
1813,1812.9999999999998,0.18405932526566637,0.00238419,0.00338652828532728,0.09215212920500407
1814,1813.9999999999998,0.18368138003910195,0.001966589,0.0033873504634047234,0.09217450181023236
1815,1814.9999999999998,0.18330343481253708,0.001608318,0.0033880260229227546,0.09219288472120966
1816,1815.9999999999998,0.18292548958597266,0.001620563,0.003388636193003302,0.09220948829494718
1817,1816.9999999999998,0.18254754435940823,0.00182414,0.0033892871475311934,0.09222720167003422
1818,1817.9999999999998,0.18216959913284336,0.00213246,0.003390034836572906,0.09224754732534016
1819,1818.9999999999998,0.18179165390627894,0.002528547,0.0033909156392462232,0.09227151518709029
1820,1819.9999999999998,0.18141370867971407,0.002814665,0.0033919253599811847,0.0922989910880099
1821,1820.9999999999998,0.18103576345314965,0.003055826,0.003393034722006705,0.09232917836657296
1822,1821.9999999999998,0.18065781822658478,0.003283943,0.003394232764722241,0.0923617787696446
1823,1822.9999999999998,0.18027987300002035,0.003359548,0.003395488202577828,0.09239594097404083
1824,1823.9999999999998,0.17990192777345593,0.003490583,0.0033967826897342243,0.09243116576404399
1825,1824.9999999999998,0.17952398254689106,0.00354967,0.003398113104741803,0.09246736820068267
1826,1825.9999999999998,0.17914603732032663,0.003648183,0.0033994733018332347,0.0925043810491083
1827,1826.9999999999998,0.1787680920937622,0.003551821,0.0034008339054047575,0.09254140495842067
1828,1827.9999999999998,0.17839014686719734,0.003663174,0.0034021973418647262,0.09257850595455475
1829,1828.9999999999998,0.17801220164063292,0.003637479,0.0034035769653408036,0.09261604742183631
1830,1829.9999999999998,0.1776342564140685,0.003780246,0.003404978712218663,0.09265419089754885
1831,1830.9999999999998,0.17725631118750362,0.003722867,0.0034063965950900253,0.09269277345601307
1832,1831.9999999999998,0.1768783659609392,0.003716518,0.0034078024351146883,0.09273102831192424
1833,1832.9999999999998,0.17650042073437433,0.003497867,0.003409165756301363,0.09276812617131219
1834,1833.9999999999998,0.1761224755078099,0.003356799,0.0034104611004485605,0.09280337428122305
1835,1834.9999999999998,0.17574453028124504,0.003187763,0.0034116978434324888,0.09283702777224574
1836,1835.9999999999998,0.1753665850546806,0.003070237,0.0034128804340464096,0.09286920770221202
1837,1836.9999999999998,0.1749886398281162,0.002897529,0.0034140081783828866,0.09289989518893862
1838,1837.9999999999998,0.17461069460155132,0.002844236,0.0034150932147197894,0.09292942053179301
1839,1838.9999999999998,0.1742327493749869,0.002627409,0.0034161272057743925,0.09295755686175472
1840,1839.9999999999998,0.17385480414842247,0.002602141,0.003417115447504183,0.09298444828916845
1841,1840.9999999999998,0.1734768589218576,0.002767659,0.0034181301926429863,0.09301206091108166
1842,1841.9999999999998,0.17309891369529318,0.003037803,0.0034192272659684373,0.09304191379708068
1843,1842.9999999999998,0.17272096846872875,0.003308115,0.0034204264706765727,0.09307454581958176
1844,1843.9999999999998,0.17234302324216388,0.003795109,0.0034217687854785823,0.09311107206612296
1845,1844.9999999999998,0.17196507801559946,0.003958061,0.003423233922274704,0.09315094046938543
1846,1845.9999999999998,0.1715871327890346,0.00409584,0.0034247558889937907,0.09319235529363204
1847,1846.9999999999998,0.17120918756247017,0.003971631,0.00342628042007124,0.09323383989762452
1848,1847.9999999999998,0.1708312423359053,0.003859836,0.003427760352856064,0.09327411092025047
1849,1848.9999999999998,0.17045329710934087,0.003931459,0.0034292326942330672,0.09331417537014605
1850,1849.9999999999998,0.170075351882776,0.004015383,0.0034307344297331488,0.09335503967487808
1851,1850.9999999999998,0.16969740665621158,0.004135925,0.003432274803707578,0.09339695538605955
1852,1851.9999999999998,0.16931946142964716,0.004467527,0.0034339006205152665,0.09344119611517877
1853,1852.9999999999998,0.1689415162030823,0.005019267,0.0034356933647691173,0.09348997917151058
1854,1853.9999999999998,0.16856357097651786,0.005548092,0.0034376903062148397,0.09354431871650076
1855,1854.9999999999998,0.16818562574995344,0.006338074,0.003439936466065767,0.09360543983977457
1856,1855.9999999999998,0.167807680523389,0.007233437,0.003442501109965626,0.09367522735551706
1857,1856.9999999999998,0.16742973529682414,0.008048731,0.0034453890211892054,0.093753811423266
1858,1857.9999999999998,0.16705179007025972,0.008665122,0.003448547481668632,0.09383975751131436
1859,1858.9999999999998,0.1666738448436953,0.009007027,0.003451887033847476,0.09393063135554151
1860,1859.9999999999998,0.16629589961713043,0.009133739,0.0034553151418054385,0.09402391492527858
1861,1860.9999999999998,0.165917954390566,0.008859708,0.003458715410506985,0.09411644095025651
1862,1861.9999999999998,0.16554000916400113,0.008587869,0.003462012524728119,0.09420615999882492
1863,1862.9999999999998,0.1651620639374367,0.008235876,0.003465191751785964,0.09429267117425964
1864,1863.9999999999998,0.16478411871087184,0.007882824,0.0034682377446476776,0.09437555686252225
1865,1864.9999999999998,0.16440617348430742,0.007533287,0.0034711509674299978,0.09445482969287258
1866,1865.9999999999998,0.16402822825774255,0.007129363,0.0034739218067181415,0.09453022807096782
1867,1866.9999999999998,0.16365028303117812,0.006698559,0.0034765349052747452,0.09460133410509039
1868,1867.9999999999998,0.1632723378046137,0.006500713,0.003479029206198009,0.09466920749092705
1869,1868.9999999999998,0.16289439257804883,0.006494761,0.003481484994880631,0.0947360329053084
1870,1869.9999999999998,0.1625164473514844,0.006676221,0.003483973949768665,0.09480376081811553
1871,1870.9999999999998,0.16213850212491998,0.006958699,0.0034865505762329604,0.09487387439604711
1872,1871.9999999999998,0.1617605568983551,0.007358208,0.00348925607956287,0.09494749489214709
1873,1872.9999999999998,0.1613826116717907,0.007529586,0.003492069464901058,0.09502405100724333
1874,1873.9999999999998,0.16100466644522626,0.007730488,0.0034949532009637195,0.09510252146307589
1875,1874.9999999999998,0.1606267212186614,0.008038642,0.0034979331346690077,0.09518360959011792
1876,1875.9999999999998,0.16024877599209697,0.008255385,0.00350101225953209,0.09526739684606687
1877,1876.9999999999998,0.1598708307655321,0.008577165,0.0035041931504937946,0.0953539532986322
1878,1877.9999999999998,0.15949288553896768,0.008669785,0.003507452351706444,0.09544264068168298
1879,1878.9999999999998,0.1591149403124028,0.008903006,0.0035107731279443773,0.0955330036065299
1880,1879.9999999999998,0.15873699508583838,0.008995224,0.003514155403240605,0.09562504000600582
1881,1880.9999999999998,0.15835904985927396,0.009267518,0.0035176065613220456,0.09571895080155585
1882,1881.9999999999998,0.1579811046327091,0.009434505,0.003521140731482021,0.09581512047083798
1883,1882.9999999999998,0.15760315940614467,0.009702788,0.00352475715575138,0.09591352838846089
1884,1883.9999999999998,0.15722521417958024,0.010039893,0.0035284879817731487,0.09601504933635581
1885,1884.9999999999998,0.15684726895301537,0.010478444,0.0035323653855362457,0.09612055886778509
1886,1885.9999999999998,0.15646932372645095,0.010574133,0.0035363437460282626,0.09622881557175914
1887,1886.9999999999998,0.15609137849988652,0.010751865,0.0035403737756011756,0.09633847826305043
1888,1887.9999999999998,0.15571343327332166,0.010798219,0.0035444461512911087,0.09644929325088797
1889,1888.9999999999998,0.15533548804675723,0.010981063,0.0035485618391260607,0.09656128682223276
1890,1889.9999999999998,0.1549575428201928,0.011181328,0.0035527499240699148,0.09667525041927098
1891,1890.9999999999998,0.15457959759362794,0.011353202,0.003557008333093103,0.09679112763199436
1892,1891.9999999999998,0.1542016523670635,0.011553733,0.0035613371164623406,0.0969089198282299
1893,1892.9999999999998,0.15382370714049864,0.011579199,0.0035657086070752624,0.09702787414776883
1894,1893.9999999999998,0.15344576191393422,0.011374386,0.0035700462060169096,0.09714590622795018
1895,1894.9999999999998,0.15306781668736935,0.011128483,0.0035742986319781886,0.097261620633265
1896,1895.9999999999998,0.15268987146080493,0.010899675,0.003578461350561244,0.09737489397646187
1897,1896.9999999999998,0.1523119262342405,0.010485478,0.0035825025588090958,0.09748486085499464
1898,1897.9999999999998,0.15193398100767563,0.010227412,0.0035864167277610244,0.09759137081817762
1899,1898.9999999999998,0.1515560357811112,0.009938359,0.0035902275062057467,0.09769506738233485
1900,1899.9999999999998,0.15117809055454678,0.009698545,0.0035939383432714,0.09779604440302427
1901,1900.9999999999998,0.15080014532798192,0.009672237,0.003597598890567262,0.09789565296936367
1902,1901.9999999999998,0.1504222001014175,0.009840395,0.0036012862436283176,0.09799599095773338
1903,1902.9999999999998,0.15004425487485307,0.010239281,0.0036050807524758994,0.09809924480359876
1904,1903.9999999999998,0.1496663096482882,0.010701971,0.0036090380755917427,0.09820692905140414
1905,1904.9999999999998,0.14928836442172377,0.011155988,0.00361316863122499,0.09831932719615098
1906,1905.9999999999998,0.1489104191951589,0.011502462,0.0036174504577344163,0.09843584163113729
1907,1906.9999999999998,0.14853247396859448,0.011676782,0.0036218307000470042,0.09855503409655614
1908,1907.9999999999998,0.1481545287420296,0.011663103,0.0036262412991091625,0.09867505261121272
1909,1908.9999999999998,0.1477765835154652,0.011423158,0.0036306039701812496,0.09879376693881949
1910,1909.9999999999998,0.14739863828890032,0.011136129,0.003634867057599425,0.09890977145715586
1911,1910.9999999999998,0.1470206930623359,0.010799785,0.003639012344592741,0.09902257046263145
1912,1911.9999999999998,0.14664274783577147,0.010357848,0.003643010557791619,0.09913136738627992
1913,1912.9999999999998,0.1462648026092066,0.009827956,0.003646825121924703,0.09923516696426538
1914,1913.9999999999998,0.14588685738264218,0.009112879,0.003650404421012402,0.09933256465423065
1915,1914.9999999999998,0.14550891215607775,0.008666182,0.003653764176631277,0.099423988262068
1916,1915.9999999999998,0.14513096692951333,0.00822657,0.003656956444122247,0.0995108542857653
1917,1916.9999999999998,0.14475302170294846,0.007895531,0.003660003079679818,0.09959375746267311
1918,1917.9999999999998,0.14437507647638403,0.007687586,0.003662947862022392,0.09967388907240726
1919,1918.9999999999998,0.1439971312498196,0.007545819,0.0036658265583744297,0.09975222239072748
1920,1919.9999999999998,0.14361918602325474,0.007404563,0.003668651771130538,0.09982910034626104
1921,1920.9999999999998,0.14324124079669032,0.007096791,0.0036713921298920497,0.0999036693069731
1922,1921.9999999999998,0.14286329557012545,0.006853709,0.0036740283923336445,0.09997540566251713
1923,1922.9999999999998,0.14248535034356102,0.006433511,0.0036765393130203015,0.1000437312951548
1924,1923.9999999999998,0.14210740511699615,0.006003859,0.0036788896353315602,0.10010768682336903
1925,1924.9999999999998,0.14172945989043173,0.005579709,0.0036810786124476533,0.10016725192515866
1926,1925.9999999999998,0.14135151466386686,0.004863257,0.0036830520470230916,0.1002209518156221
1927,1926.9999999999998,0.14097356943730244,0.004392562,0.0036848011433275895,0.10026854715074522
1928,1927.9999999999998,0.140595624210738,0.00400095,0.0036863872872248456,0.10031170832497517
1929,1928.9999999999998,0.14021767898417314,0.003811402,0.003687863607798167,0.10035188105431872
1930,1929.9999999999998,0.13983973375760872,0.004011521,0.003689341926000983,0.10039210814193002
1931,1930.9999999999998,0.1394617885310443,0.004331365,0.0036909185029707194,0.10043500898680005
1932,1931.9999999999998,0.13908384330447943,0.004742652,0.003692633243676177,0.10048166945844798
1933,1932.9999999999998,0.138705898077915,0.005102009,0.0036944936149922256,0.10053229274088993
1934,1933.9999999999998,0.13832795285135058,0.005529349,0.0036965026504962254,0.10058696138197117
1935,1934.9999999999998,0.1379500076247857,0.005984698,0.0036986784900472705,0.10064616899240396
1936,1935.9999999999998,0.13757206239822128,0.00635103,0.00370100960480417,0.10070960185643768
1937,1936.9999999999998,0.13719411717165642,0.006617661,0.003703460332233291,0.10077628954709511
1938,1937.9999999999998,0.136816171945092,0.006712522,0.003705979371750332,0.10084483610436223
1939,1938.9999999999998,0.13643822671852712,0.006696991,0.003708513402464785,0.1009137905928924
1940,1939.9999999999998,0.1360602814919627,0.006669635,0.0037110393287107723,0.10098252454760084
1941,1940.9999999999998,0.13568233626539827,0.006433185,0.0037135154028475397,0.10104990195731013
1942,1941.9999999999998,0.1353043910388334,0.006202438,0.0037159031895462997,0.10111487694344312
1943,1942.9999999999998,0.13492644581226898,0.005785386,0.003718168559975148,0.10117652081317274
1944,1943.9999999999998,0.13454850058570456,0.005424203,0.0037202868653022983,0.10123416283761677
1945,1944.9999999999998,0.1341705553591397,0.005020132,0.003722260558581244,0.10128786976776127
1946,1945.9999999999998,0.13379261013257526,0.004559769,0.0037240708975081996,0.1013371315995388
1947,1946.9999999999998,0.13341466490601084,0.003997922,0.003725688066740132,0.10138113701613405
1948,1947.9999999999998,0.13303671967944597,0.003643915,0.0037271321646482995,0.10142043292209021
1949,1948.9999999999998,0.13265877445288154,0.003496442,0.0037284814965703583,0.1014571501141954
1950,1949.9999999999998,0.13228082922631712,0.003378991,0.0037297807651118157,0.10149250501231426
1951,1950.9999999999998,0.13190288399975225,0.003466935,0.003731074457638373,0.10152770817933796
1952,1951.9999999999998,0.13152493877318783,0.003697501,0.0037324283398319866,0.10156454919063994
1953,1952.9999999999998,0.13114699354662296,0.003896301,0.003733863360440675,0.10160359809069391
1954,1953.9999999999998,0.13076904832005853,0.00444125,0.0037354389292415194,0.10164647150189082
1955,1954.9999999999998,0.13039110309349367,0.004942856,0.0037372122682756575,0.10169472651529383
1956,1955.9999999999998,0.13001315786692924,0.0055524,0.0037391955842290443,0.10174869529174928
1957,1956.9999999999998,0.12963521264036482,0.00600683,0.0037413799621296754,0.10180813524251055
1958,1957.9999999999998,0.12925726741379995,0.006479825,0.00374373959795618,0.10187234420438544
1959,1958.9999999999998,0.12887932218723552,0.006823216,0.0037462535083785517,0.10194075119187641
1960,1959.9999999999998,0.1285013769606711,0.006895616,0.0037488459919127726,0.10201129626266246
1961,1960.9999999999998,0.12812343173410623,0.006918095,0.003751456404979569,0.10208232922088463
1962,1961.9999999999998,0.1277454865075418,0.006947803,0.003754076679960135,0.10215363053545151
1963,1962.9999999999998,0.12736754128097738,0.007010302,0.0037567143795384536,0.10222540599747802
1964,1963.9999999999998,0.1269895960544125,0.007188285,0.0037593975236287595,0.10229841806767297
1965,1964.9999999999998,0.1266116508278481,0.007357172,0.003762146216649435,0.10237321381513022
1966,1965.9999999999998,0.12623370560128322,0.007665724,0.003764985132565623,0.1024504646526455
1967,1966.9999999999998,0.1258557603747188,0.00787114,0.003767921174357915,0.10253035841988992
1968,1967.9999999999998,0.12547781514815393,0.008037218,0.0037709274183422054,0.10261216248609611
1969,1968.9999999999998,0.1250998699215895,0.00820282,0.0037739963407628693,0.10269567211944378
1970,1969.9999999999998,0.12472192469502463,0.008356315,0.0037771255637775135,0.1027808226155451
1971,1970.9999999999998,0.12434397946846021,0.00807238,0.003780230137204481,0.10286530236219535
1972,1971.9999999999998,0.12396603424189578,0.007613453,0.003783194330058001,0.10294596215884007
1973,1972.9999999999998,0.12358808901533092,0.006890461,0.0037859351725894027,0.10302054428360147
1974,1973.9999999999998,0.12321014378876649,0.005856175,0.0037883439377048808,0.10308609012153461
1975,1974.9999999999998,0.12283219856220207,0.004689193,0.003790336723453864,0.1031403165842557
1976,1975.9999999999998,0.12245425333563764,0.003578891,0.0037918991648941817,0.10318283278177491
1977,1976.9999999999998,0.12207630810907277,0.002564991,0.00379306019033142,0.10321442589338901
1978,1977.9999999999998,0.12169836288250835,0.002003342,0.0037939234801567735,0.10323791720626894
1979,1978.9999999999998,0.12132041765594348,0.001546396,0.003794594283423101,0.10325617069304406
1980,1979.9999999999998,0.12094247242937906,0.001502957,0.0037951705276283313,0.10327185109668459
1981,1980.9999999999998,0.12056452720281419,0.001617433,0.0037957601958810913,0.10328789678726744
1982,1981.9999999999998,0.12018658197624976,0.001879287,0.0037964209801974076,0.10330587764452402
1983,1982.9999999999998,0.1198086367496849,0.002447827,0.003797238686237958,0.1033281285594291
1984,1983.9999999999998,0.11943069152312047,0.003015439,0.0037982710938910345,0.10335622180284029
1985,1984.9999999999998,0.11905274629655604,0.003456292,0.0037994940738105645,0.1033895007818017
1986,1985.9999999999998,0.11867480106999118,0.003943114,0.003800892358899121,0.10342755005742843
1987,1986.9999999999998,0.11829685584342675,0.004118748,0.0038024158300291825,0.10346900581878314
1988,1987.9999999999998,0.11791891061686233,0.004240879,0.003803995570589438,0.1035119927493367
1989,1988.9999999999998,0.11754096539029746,0.004374857,0.0038056237087367084,0.10355629664532391
1990,1989.9999999999998,0.11716302016373303,0.00439238,0.0038072804764238636,0.10360137959077896
1991,1990.9999999999998,0.11678507493716861,0.004409469,0.00380894378483111,0.10364664051829474
1992,1991.9999999999998,0.11640712971060374,0.004580172,0.0038106425807833493,0.10369286711110424
1993,1992.9999999999998,0.11602918448403932,0.004720478,0.0038124001489190733,0.10374069297649907
1994,1993.9999999999998,0.11565123925747489,0.004999398,0.0038142369392875734,0.10379067458866924
1995,1994.9999999999998,0.11527329403091002,0.005248584,0.0038161735272269834,0.10384337183108784
1996,1995.9999999999998,0.1148953488043456,0.005733244,0.00381824879196276,0.10389984266137574
1997,1996.9999999999998,0.11451740357778073,0.006090005,0.0038204830622237773,0.10396064025242621
1998,1997.9999999999998,0.1141394583512163,0.006527747,0.003822867471792965,0.104025523342182
1999,1998.9999999999998,0.11376151312465144,0.006851143,0.0038253957155990814,0.10409432036091426
2000,1999.9999999999998,0.11338356789808701,0.006976501,0.0038280087616212985,0.10416542496550335
2001,2000.9999999999998,0.11300562267152259,0.006873018,0.0038306259414194314,0.10423664205586554
2002,2001.9999999999998,0.11262767744495772,0.006620704,0.003833175885328676,0.1043060295644856
2003,2002.9999999999998,0.1122497322183933,0.006154751,0.0038355900964458967,0.10437172359567566
2004,2003.9999999999998,0.11187178699182887,0.005801147,0.0038378494337350934,0.10443320329531194
2005,2004.9999999999998,0.111493841765264,0.005377453,0.003839961882989931,0.10449068596791039
2006,2005.9999999999998,0.11111589653869958,0.005042016,0.0038419308772758747,0.10454426503194135
2007,2006.9999999999998,0.11073795131213515,0.00472704,0.003843776961317496,0.10459449953784045
2008,2007.9999999999998,0.11036000608557028,0.004742184,0.003845566385322531,0.10464319224559931
2009,2008.9999999999998,0.10998206085900586,0.004937976,0.003847395670454722,0.1046929696298854
2010,2009.9999999999998,0.10960411563244099,0.005502408,0.003849368617102873,0.10474665624317096
2011,2010.9999999999998,0.10922617040587657,0.006204183,0.00385158084219677,0.10480685395466406
2012,2011.9999999999998,0.1088482251793117,0.007014862,0.0038540788796755164,0.10487482901735519
2013,2012.9999999999998,0.10847027995274727,0.007786448,0.0038568759219062177,0.10495094041384113
2014,2013.9999999999998,0.1080923347261824,0.008495171,0.0038599527019971143,0.1050346638652885
2015,2014.9999999999998,0.10771438949961798,0.008882171,0.0038632365437267545,0.10512402175096443
2016,2015.9999999999998,0.10733644427305356,0.009160227,0.003866646062826694,0.10521679949210595
2017,2016.9999999999998,0.10695849904648913,0.009357455,0.0038701453975861647,0.10531202124184992
2018,2017.9999999999998,0.10658055381992426,0.00934871,0.0038736803504707045,0.10540821221015251
2019,2018.9999999999998,0.10620260859335984,0.009162849,0.003877178528150864,0.10550340247416441
2020,2019.9999999999998,0.10582466336679541,0.008964469,0.003880604094805123,0.10559661689150483
2021,2020.9999999999998,0.10544671814023054,0.0087699,0.0038839554048599656,0.10568781068383722
2022,2021.9999999999998,0.10506877291366612,0.008514498,0.003887221682719037,0.10577669063224712
2023,2022.9999999999998,0.1046908276871017,0.008193858,0.0038903791044160078,0.10586260845358486
2024,2023.9999999999998,0.10431288246053683,0.008074864,0.003893453447327111,0.1059462655859915
2025,2024.9999999999998,0.1039349372339724,0.007939396,0.0038964797038890933,0.10602861422217906
2026,2025.9999999999998,0.10355699200740753,0.007911468,0.0038994750830819557,0.10611012264234924
2027,2026.9999999999998,0.10317904678084311,0.007616217,0.00390240939029463,0.1061899692092777
2028,2027.9999999999998,0.10280110155427824,0.007485802,0.0039052632582908986,0.10626762691361924
2029,2028.9999999999998,0.10242315632771382,0.007070639,0.003908014026986758,0.10634247914307564
2030,2029.9999999999998,0.10204521110114895,0.00660891,0.003910599087109811,0.10641282221255315
2031,2030.9999999999998,0.10166726587458452,0.006099737,0.003913000673344684,0.1064781727031933
2032,2031.9999999999998,0.1012893206480201,0.005575304,0.003915206936352632,0.10653820817806281
2033,2032.9999999999998,0.10091137542145523,0.005075309,0.0039172196105243,0.1065929758323354
2034,2033.9999999999998,0.1005334301948908,0.004608779,0.003919049637940915,0.10664277341520967
2035,2034.9999999999998,0.10015548496832638,0.004247461,0.00392072322475757,0.10668831403249386
2036,2035.9999999999998,0.09977753974176196,0.004154153,0.0039223108997109395,0.10673151686888308
2037,2036.9999999999998,0.09939959451519709,0.004345262,0.00392391705637486,0.10677522261823659
2038,2037.9999999999998,0.09902164928863266,0.004834064,0.00392565169759725,0.10682242461053726
2039,2038.9999999999998,0.0986437040620678,0.005629892,0.003927629098707842,0.1068762324359208
2040,2039.9999999999998,0.09826575883550337,0.006550978,0.003929930949543793,0.10693886898809854
2041,2040.9999999999998,0.0978878136089385,0.007331185,0.003932554298163914,0.10701025394065852
2042,2041.9999999999998,0.09750986838237408,0.007998829,0.003935451250971148,0.10708908404243256
2043,2042.9999999999998,0.09713192315580921,0.008545024,0.003938577586106316,0.10717415595533002
2044,2043.9999999999998,0.09675397792924478,0.008839603,0.003941862804501444,0.10726355130198227
2045,2044.9999999999998,0.09637603270268036,0.008813834,0.003945198820624748,0.10735432892523634
2046,2045.9999999999998,0.09599808747611549,0.008799573,0.003948527272174343,0.10744490070595343
2047,2046.9999999999998,0.09562014224955107,0.008453722,0.0039517876724182235,0.10753362071630618
2048,2047.9999999999998,0.09524219702298664,0.008275305,0.003954949000368083,0.10761964483220005
2049,2048.9999999999995,0.09486425179642177,0.007947161,0.003958014602161986,0.10770306410669034
2050,2049.9999999999995,0.09448630656985735,0.007868981,0.0039610034198477705,0.10778439397915705
2051,2050.9999999999995,0.09410836134329292,0.007874936,0.00396397858898656,0.10786535245573979
2052,2051.9999999999995,0.09373041611672805,0.008053541,0.003966988634910857,0.107947259978004
2053,2052.9999999999995,0.09335247089016363,0.00802366,0.0039700267855980916,0.10802993226982785
2054,2053.9999999999995,0.0929745256635992,0.00799514,0.003973053900095738,0.10811230425163415
2055,2054.9999999999995,0.09259658043703434,0.007860796,0.003976050237757695,0.10819383875307705
2056,2055.9999999999995,0.09221863521046991,0.00742636,0.003978939091576669,0.10827244847015335
2057,2056.9999999999995,0.09184068998390504,0.007006871,0.003981666576956846,0.10834666712831363
2058,2057.9999999999995,0.09146274475734062,0.006464976,0.003984212387090175,0.1084159421511606
2059,2058.9999999999995,0.09108479953077575,0.005919883,0.0039865527862605376,0.10847962765695512
2060,2059.9999999999995,0.09070685430421133,0.005477062,0.0039887064967406224,0.10853823310469075
2061,2060.9999999999995,0.0903289090776469,0.005093414,0.0039907040272139805,0.10859258867793943
2062,2061.9999999999995,0.08995096385108203,0.005019468,0.003992615084953336,0.10864459120822341
2063,2062.9999999999995,0.08957301862451761,0.005160534,0.003994538826534495,0.1086969388834258
2064,2063.9999999999995,0.08919507339795318,0.005553512,0.003996563487805942,0.10875203272330045
2065,2064.9999999999995,0.08881712817138832,0.006167512,0.003998778440341567,0.10881230465226385
2066,2065.9999999999995,0.08843918294482389,0.006796817,0.004001228343472148,0.10887896991261536
2067,2066.9999999999995,0.08806123771825947,0.007363107,0.004003904181314307,0.10895178316966998
2068,2067.9999999999995,0.0876832924916946,0.007754361,0.004006760968748479,0.10902952031596391
2069,2068.9999999999995,0.08730534726513017,0.008011093,0.004009740207790441,0.10911058954025385
2070,2069.9999999999995,0.0869274020385653,0.008104747,0.00401278566019048,0.1091934605218051
2071,2070.9999999999995,0.08654945681200088,0.008030178,0.004015834719132844,0.10927642964237254
2072,2071.9999999999995,0.08617151158543601,0.007995276,0.004018863091054259,0.10935883584042268
2073,2072.9999999999995,0.08579356635887159,0.007690225,0.004021827221168871,0.10943949392985475
2074,2073.9999999999995,0.08541562113230672,0.007614464,0.004024719388244674,0.10951819380524234
2075,2074.9999999999995,0.0850376759057423,0.007440624,0.004027564387567229,0.10959561018067798
2076,2075.9999999999995,0.08465973067917787,0.007600636,0.004030406773776488,0.10967295544967838
2077,2076.9999999999995,0.08428178545261344,0.007811056,0.00403331916148883,0.109752205556617
2078,2077.9999999999995,0.08390384022604858,0.008152357,0.004036335809360345,0.10983429272701692
2079,2078.9999999999995,0.08352589499948415,0.008485945,0.004039479992769865,0.1099198503162016
2080,2079.9999999999995,0.08314794977291973,0.008656185,0.0040427193858731895,0.11000799869313876
2081,2080.9999999999995,0.08277000454635486,0.008804562,0.0040460189888636405,0.11009778546457033
2082,2081.9999999999995,0.08239205931979043,0.008713724,0.004049329465149287,0.11018786811343725
2083,2082.9999999999995,0.08201411409322601,0.008400098,0.004052563508815875,0.11027587092478518
2084,2083.9999999999995,0.08163616886666114,0.007973667,0.004055657701977196,0.11036006821001756
2085,2084.9999999999995,0.08125822364009672,0.007512142,0.004058584095772717,0.11043969944189534
2086,2085.9999999999995,0.08088027841353185,0.00699276,0.004061325125009061,0.11051428664715704
2087,2086.9999999999995,0.08050233318696698,0.006419378,0.0040638596517766235,0.11058325463397999
2088,2087.9999999999995,0.08012438796040255,0.005831295,0.004066174693467901,0.1106462501276169
2089,2088.9999999999995,0.07974644273383813,0.005483843,0.00406831294466541,0.11070443490684329
2090,2089.9999999999995,0.07936849750727326,0.005381728,0.004070366240012085,0.11076030791959872
2091,2090.9999999999995,0.07899055228070884,0.005499691,0.004072422530196735,0.11081626242604707
2092,2091.9999999999995,0.07861260705414441,0.005892314,0.00407457530715211,0.11087484247128125
2093,2092.9999999999995,0.07823466182757954,0.006458719,0.004076909314134855,0.11093835403678957
2094,2093.9999999999995,0.07785671660101512,0.006974551,0.004079447834271682,0.11100743068872598
2095,2094.9999999999995,0.0774787713744507,0.007398411,0.004082163930461429,0.11108133943122644
2096,2095.9999999999995,0.07710082614788627,0.007866866,0.004085048649748597,0.11115983664196082
2097,2096.9999999999995,0.0767228809213214,0.008404181,0.004088123432021026,0.1112435057299982
2098,2097.9999999999995,0.07634493569475698,0.00880766,0.004091375998594195,0.11133201257531149
2099,2098.9999999999995,0.07596699046819211,0.009092409,0.0040947586214110585,0.11142405843130565
2100,2099.9999999999995,0.07558904524162768,0.009272673,0.0040982291189497425,0.11151849548029653
2101,2100.9999999999995,0.07521110001506282,0.009319214,0.004101742476421982,0.11161409880749387
2102,2101.9999999999995,0.07483315478849839,0.009511044,0.004105300879485022,0.11171092788766117
2103,2102.9999999999995,0.07445520956193352,0.009704083,0.004108932012248764,0.1118097360438058
2104,2103.9999999999995,0.0740772643353691,0.010132225,0.004112680531209396,0.11191173844109399
2105,2104.9999999999995,0.07369931910880467,0.010323014,0.00411654601117854,0.1120169235095605
2106,2105.9999999999995,0.0733213738822398,0.010626288,0.0041205048555239205,0.11212464915213037
2107,2106.9999999999995,0.07294342865567538,0.0106781,0.0041245308013986605,0.11223420072033337
2108,2107.9999999999995,0.07256548342911096,0.010486531,0.004128530337027886,0.1123430336291448
2109,2108.9999999999995,0.07218753820254609,0.010297157,0.0041324578848628895,0.11244990765028269
2110,2109.9999999999995,0.07180959297598166,0.009823907,0.00413626021490899,0.11255337432180186
2111,2110.9999999999995,0.07143164774941724,0.009443604,0.004139901246814105,0.1126524518473059
2112,2111.9999999999995,0.07105370252285237,0.008801414,0.004143349055544948,0.11274627150238317
2113,2112.9999999999995,0.07067575729628794,0.008289352,0.004146578742258964,0.1128341557550118
2114,2113.9999999999995,0.07029781206972308,0.007703576,0.00414960096765716,0.11291639469764453
2115,2114.9999999999995,0.06991986684315865,0.007290221,0.004152434384659274,0.112993495902085
2116,2115.9999999999995,0.06954192161659378,0.007037614,0.004155141953081902,0.11306717259222057
2117,2116.9999999999995,0.06916397639002936,0.007030414,0.00415780042509679,0.11313951330104184
2118,2117.9999999999995,0.06878603116346493,0.007159453,0.004160481921345908,0.11321248053119377
2119,2118.9999999999995,0.06840808593690006,0.007332609,0.0041632205241738975,0.11328700171052054
2120,2119.9999999999995,0.06803014071033564,0.007629649,0.004166047981168762,0.1133639407349017
2121,2120.9999999999995,0.06765219548377122,0.00775719,0.004168955672344745,0.11344306304257545
2122,2121.9999999999995,0.06727425025720635,0.007856356,0.004171906204934969,0.1135233511245194
2123,2122.9999999999995,0.06689630503064192,0.007990675,0.0041749008597958045,0.11360483983461102
2124,2123.9999999999995,0.0665183598040775,0.007911146,0.004177905868466122,0.11368661028621158
2125,2124.9999999999995,0.06614041457751263,0.007800203,0.004180874883144842,0.11376740129140424
2126,2125.9999999999995,0.0657624693509482,0.007526127,0.004183771139776969,0.11384621244928854
2127,2126.9999999999995,0.06538452412438378,0.007206411,0.00418655518598311,0.11392197020593052
2128,2127.9999999999995,0.06500657889781891,0.006822204,0.004189206210020391,0.11399410824495637
2129,2128.9999999999995,0.06462863367125449,0.00655662,0.004191734441354315,0.114062904924303
2130,2129.9999999999995,0.06425068844468962,0.006368832,0.00419417699779661,0.11412937027108191
2131,2130.9999999999995,0.0638727432181252,0.006234211,0.004196558627767629,0.11419417772411833
2132,2131.9999999999995,0.06349479799156033,0.006119778,0.00419889319335342,0.11425770448998987
2133,2132.9999999999995,0.0631168527649959,0.006019638,0.004201187210518661,0.11432012787712818
2134,2133.9999999999995,0.06273890753843103,0.005994935,0.004203457635775942,0.11438190929574671
2135,2134.9999999999995,0.06236096231186661,0.005904133,0.004205706233751526,0.11444309676377226
2136,2135.9999999999995,0.06198301708530218,0.005722857,0.004207903416436433,0.11450288515046426
2137,2136.9999999999995,0.06160507185873776,0.005575573,0.00421003851027952,0.11456098401369993
2138,2137.9999999999995,0.06122712663217289,0.005348792,0.00421210291608202,0.11461715935736022
2139,2138.9999999999995,0.060849181405608466,0.004867605,0.004214033535321439,0.11466969418317799
2140,2139.9999999999995,0.06047123617904404,0.004181845,0.004215743633536707,0.11471622832623221
2141,2140.9999999999995,0.06009329095247917,0.003437488,0.004217183478805185,0.11475540851196724
2142,2141.9999999999995,0.05971534572591475,0.002740308,0.00421835091305963,0.11478717601638172
2143,2142.9999999999995,0.05933740049934988,0.002039996,0.004219254259598793,0.11481175732797289
2144,2143.9999999999995,0.058959455272785455,0.001680364,0.004219957305750344,0.1148308881883515
2145,2144.9999999999995,0.058581510046220586,0.001303817,0.004220521234232421,0.11484623346409241
2146,2145.9999999999995,0.05820356481965616,0.001307061,0.004221014618671043,0.1148596591386195
2147,2146.9999999999995,0.05782561959309129,0.001367009,0.0042215199446670425,0.11487340975947678
2148,2147.9999999999995,0.05744767436652687,0.001752902,0.00422210952240192,0.11488945298694257
2149,2148.9999999999995,0.057069729139962444,0.002396846,0.004222893711125943,0.11491079184920171
2150,2149.9999999999995,0.056691783913397575,0.002965739,0.004223907092827341,0.11493836737009307
2151,2150.9999999999995,0.05631383868683315,0.003655362,0.004225158299586117,0.1149724144404797
2152,2151.9999999999995,0.055935893460268726,0.004106699,0.004226625116537743,0.11501232856310258
2153,2152.9999999999995,0.05555794823370386,0.004454251,0.004228242901631422,0.11505635073814968
2154,2153.9999999999995,0.05518000300713943,0.004682562,0.004229969509061104,0.11510333411981394
2155,2154.9999999999995,0.05480205778057501,0.004995858,0.0042317984653809475,0.11515310255666024
2156,2155.9999999999995,0.054424112554010584,0.005314778,0.00423374689321047,0.1152061219789018
2157,2156.9999999999995,0.054046167327445716,0.00565559,0.0042358199923200985,0.11526253387950013
2158,2157.9999999999995,0.05366822210088129,0.00607761,0.004238037245786262,0.11532286841997315
2159,2158.9999999999995,0.05329027687431642,0.00648409,0.00424041106306253,0.11538746327875508
2160,2159.9999999999995,0.052912331647752,0.00686796,0.004242934234843706,0.11545612228065764
2161,2160.9999999999995,0.05253438642118713,0.007488271,0.004245647169332661,0.11552994498889664
2162,2161.9999999999995,0.052156441194622705,0.007948706,0.00424856433521753,0.11560932511653343
2163,2162.9999999999995,0.051778495968057836,0.008431871,0.0042516598156602916,0.11569355743047832
2164,2163.9999999999995,0.05140055074149341,0.008652032,0.004254888205455263,0.1157814063921419
2165,2164.9999999999995,0.05102260551492899,0.008615938,0.004258151378872243,0.11587020186437899
2166,2165.9999999999995,0.05064466028836412,0.00832479,0.004261352712513308,0.11595731459058829
2167,2166.9999999999995,0.050266715061799694,0.007881608,0.004264415277895261,0.1160406512401002
2168,2167.9999999999995,0.04988876983523527,0.007401537,0.0042673033737450836,0.11611924033178515
2169,2168.9999999999995,0.0495108246086704,0.006717899,0.004269971560464075,0.11619184539117206
2170,2169.9999999999995,0.049132879382105976,0.006081737,0.004272390341128057,0.11625766376606399
2171,2170.9999999999995,0.04875493415554155,0.005585922,0.004274595209140174,0.11631766128116312
2172,2171.9999999999995,0.04837698892897668,0.00514905,0.004276623824852526,0.11637286272685661
2173,2172.9999999999995,0.04799904370241226,0.004937601,0.004278529925651263,0.11642473037191482
2174,2173.9999999999995,0.04762109847584739,0.004901902,0.004280389322246572,0.11647532713085426
2175,2174.9999999999995,0.047243153249282965,0.005211916,0.0042823005568642936,0.1165273344742438
2176,2175.9999999999995,0.0468652080227181,0.005446423,0.004284314691038372,0.11658214185720589
2177,2176.9999999999995,0.04648726279615367,0.005701243,0.0042864212946143905,0.11663946546078009
2178,2177.9999999999995,0.04610931756958925,0.005760823,0.004288587311180024,0.11669840577416277
2179,2178.9999999999995,0.04573137234302438,0.005751748,0.0042907628718074926,0.11675760579469838
2180,2179.9999999999995,0.045353427116459955,0.005482211,0.004292885782397228,0.11681537313472137
2181,2180.9999999999995,0.04497548188989553,0.005204314,0.004294905242953385,0.11687032545592348
2182,2181.9999999999995,0.04459753666333066,0.004936152,0.004296821513313305,0.11692246982883901
2183,2182.9999999999995,0.04421959143676624,0.004665924,0.00429863604270796,0.11697184568905167
2184,2183.9999999999995,0.04384164621020181,0.00460904,0.00430038875689314,0.11701953947172342
2185,2184.9999999999995,0.043463700983636944,0.004653853,0.004302139189989904,0.11706717118281722
2186,2185.9999999999995,0.04308575575707252,0.004878915,0.004303940622070678,0.11711619064696308
2187,2186.9999999999995,0.042707810530508095,0.005478765,0.00430589793992782,0.11716945197917994
2188,2187.9999999999995,0.042329865303943226,0.006108267,0.004308087571645046,0.11722903489357384
2189,2188.9999999999995,0.0419519200773788,0.006909028,0.004310547483899063,0.11729597251604913
2190,2189.9999999999995,0.04157397485081393,0.007520593,0.004313274287088106,0.11737017261084297
2191,2190.9999999999995,0.04119602962424951,0.008073866,0.004316221212758059,0.11745036254348629
2192,2191.9999999999995,0.04081808439768464,0.008518364,0.00431935668982134,0.11753568322092066
2193,2192.9999999999995,0.040440139171120215,0.008694264,0.004322609405115955,0.11762419411315067
2194,2193.9999999999995,0.04006219394455535,0.008514556,0.00432586140080286,0.11771268542385732
2195,2194.9999999999995,0.03968424871799092,0.008188317,0.004329017786362992,0.11779857505047533
2196,2195.9999999999995,0.0393063034914265,0.007712373,0.004332022581305284,0.11788033968624002
2197,2196.9999999999995,0.03892835826486207,0.006980897,0.004334799206934846,0.11795589551870655
2198,2197.9999999999995,0.038550413038297204,0.006313017,0.0043373113926041765,0.11802425557327634
2199,2198.9999999999995,0.03817246781173278,0.00586546,0.004339612791228665,0.11808687982015327
2200,2199.9999999999995,0.037794522585168355,0.005414546,0.004341744403440324,0.11814488394337141
2201,2200.9999999999995,0.03741657735860349,0.005207777,0.0043437517315767634,0.1181995061246145
2202,2201.9999999999995,0.03703863213203906,0.005150013,0.004345709070220893,0.1182527680224741
2203,2202.9999999999995,0.036660686905474194,0.00502537,0.004347631938937551,0.11830509194582342
2204,2203.9999999999995,0.03628274167890977,0.004881433,0.004349504053389734,0.11835603477527847
2205,2204.9999999999995,0.0359047964523449,0.004680008,0.004351310903882248,0.11840520168191902
2206,2205.9999999999995,0.035526851225780476,0.004450938,0.004353036402609608,0.11845215489425617
2207,2206.9999999999995,0.03514890599921561,0.004227182,0.004354676329624386,0.11849677958167051
2208,2207.9999999999995,0.03477096077265118,0.004165402,0.004356262298155058,0.1185399359839326
2209,2208.9999999999995,0.03439301554608676,0.004051022,0.0043578149772701726,0.11858218653505008
2210,2209.9999999999995,0.03401507031952189,0.004117341,0.004359358574172521,0.118624189946568
2211,2210.9999999999995,0.033637125092957465,0.004239008,0.00436093769528055,0.11866716002096775
2212,2211.9999999999995,0.03325917986639304,0.004699586,0.004362626844747799,0.11871312411954828
2213,2212.9999999999995,0.03288123463982817,0.005166025,0.004364491175040096,0.11876385513122206
2214,2213.9999999999995,0.03250328941326375,0.005590733,0.004366523907709801,0.11881916860503225
2215,2214.9999999999995,0.03212534418669932,0.006030207,0.004368719947110398,0.1188789258813733
2216,2215.9999999999995,0.0317473989601349,0.006428068,0.004371074219894138,0.11894298890742006
2217,2216.9999999999995,0.03136945373357003,0.006818671,0.004373577490780436,0.11901110637838547
2218,2217.9999999999995,0.030991508507005605,0.007102726,0.004376208253552067,0.11908269308028588
2219,2218.9999999999995,0.030613563280440736,0.007277157,0.0043789256576212705,0.11915663741199939
2220,2219.9999999999995,0.030235618053875868,0.007316476,0.004381683454586564,0.11923168089041
2221,2220.9999999999995,0.029857672827311443,0.007066928,0.0043844015240283385,0.11930564332783355
2222,2221.9999999999995,0.02947972760074702,0.006676808,0.004386998713736521,0.11937631646013701
2223,2222.9999999999995,0.02910178237418215,0.006196549,0.004389431425650527,0.11944251392365425
2224,2223.9999999999995,0.028723837147617726,0.005849679,0.004391707832835882,0.11950445811882808
2225,2224.9999999999995,0.0283458919210533,0.005445566,0.004393842324801196,0.1195625406041352
2226,2225.9999999999995,0.027967946694488433,0.005148853,0.004395844379845833,0.11961701929724054
2227,2226.9999999999995,0.027590001467924008,0.004860219,0.0043977358203382035,0.11966848801503974
2228,2227.9999999999995,0.027212056241359583,0.004583875,0.0043995204954614675,0.11971705149914248
2229,2228.9999999999995,0.026834111014794715,0.00431069,0.004401201324653527,0.11976278919150114
2230,2229.9999999999995,0.02645616578823029,0.004107032,0.004402792043577751,0.119806074858557
2231,2230.9999999999995,0.026078220561665866,0.003904647,0.00440430603149516,0.11984727256854938
2232,2231.9999999999995,0.025700275335100997,0.003708032,0.004405744619339869,0.11988641853804054
2233,2232.9999999999995,0.025322330108536573,0.003368322,0.004407081856447759,0.11992280661348581
2234,2233.9999999999995,0.024944384881971704,0.003199911,0.004408323072602417,0.11995658182568496
2235,2234.9999999999995,0.02456643965540728,0.003031862,0.004409500707031609,0.11998862689099428
2236,2235.9999999999995,0.02418849442884241,0.003177508,0.004410674107907345,0.12002055675544532
2237,2236.9999999999995,0.023810549202277986,0.003308047,0.004411899700184282,0.12005390682027314
2238,2237.9999999999995,0.023432603975713562,0.003783465,0.004413239801739044,0.12009037284128864
2239,2238.9999999999995,0.023054658749148693,0.004372967,0.004414781144009144,0.12013231490113757
2240,2239.9999999999995,0.02267671352258427,0.004998666,0.004416552125987876,0.12018050577579555
2241,2240.9999999999995,0.022298768296019844,0.005707543,0.004418575306280953,0.12023555931619573
2242,2241.9999999999995,0.021920823069454975,0.006255492,0.0044208359922676905,0.12029707571576174
2243,2242.9999999999995,0.02154287784289055,0.006767958,0.004423297067648142,0.1203640449885197
2244,2243.9999999999995,0.021164932616326126,0.007074822,0.0044259129739598335,0.12043522742555045
2245,2244.9999999999995,0.020786987389761258,0.007341489,0.004428637261923394,0.12050935907757218
2246,2245.9999999999995,0.020409042163196833,0.007465928,0.004431435458209844,0.12058550187751488
2247,2246.9999999999995,0.020031096936631965,0.007292699,0.004434224434522493,0.12066139378918928
2248,2247.9999999999995,0.01965315171006754,0.007071709,0.004436938914240506,0.12073525854525302
2249,2248.9999999999995,0.01927520648350267,0.006660942,0.004439534009187269,0.12080587467619441
2250,2249.9999999999995,0.018897261256938247,0.006299575,0.0044419831919542485,0.12087252033445371
2251,2250.9999999999995,0.01851931603037338,0.006032858,0.004444313684046387,0.12093593625491612
2252,2251.9999999999995,0.018141370803808954,0.005775191,0.004446545081923683,0.12099665568442368
2253,2252.9999999999995,0.01776342557724453,0.005497291,0.0044486752723054005,0.12105462111767809
2254,2253.9999999999995,0.01738548035067966,0.005475402,0.004450748810776355,0.12111104497390715
2255,2254.9999999999995,0.017007535124115236,0.005376986,0.0044527996148970685,0.12116685019695075
2256,2255.9999999999995,0.01662958989755081,0.00544549,0.004454844766468974,0.12122250160630545
2257,2256.9999999999995,0.016251644670986387,0.005466759,0.004456906882679291,0.1212786146469885
2258,2257.9999999999995,0.01587369944442152,0.005479422,0.0044589754111083214,0.12133490217303167
2259,2258.9999999999995,0.015495754217857094,0.005339874,0.004461019961747316,0.12139053723016884
2260,2259.9999999999995,0.01511780899129267,0.005164219,0.004463004947651687,0.1214445514483055
2261,2260.9999999999995,0.0147398637647278,0.004972225,0.004464920457963756,0.12149667513926539
2262,2261.9999999999995,0.014361918538163376,0.004758741,0.004466759344038537,0.12154671377850862
2263,2262.9999999999995,0.013983973311598508,0.004514395,0.0044685117127817794,0.12159439816122639
2264,2263.9999999999995,0.013606028085034083,0.004510627,0.00447021719477405,0.12164080669045363
2265,2264.9999999999995,0.013228082858469215,0.004577857,0.0044719346693463035,0.12168754155440689
2266,2265.9999999999995,0.01285013763190479,0.004799537,0.004473706739996261,0.12173576205331807
2267,2266.9999999999995,0.012472192405339921,0.004832199,0.004475526874318627,0.12178529043138354
2268,2267.9999999999995,0.012094247178775497,0.005026983,0.0044773899897059925,0.12183598838380999
2269,2268.9999999999995,0.011716301952211072,0.005100939,0.0044793038895934514,0.12188806825288379
2270,2269.9999999999995,0.011338356725646204,0.005066906,0.00448122533383455,0.12194035341427846
2271,2270.9999999999995,0.01096041149908178,0.005042409,0.004483135717508594,0.1219923376023109
2272,2271.9999999999995,0.010582466272517355,0.005033543,0.004485039796489341,0.12204415023089887
2273,2272.9999999999995,0.010204521045952486,0.004883716,0.004486913886839168,0.1220951468272679
2274,2273.9999999999995,0.009826575819388061,0.004705663,0.004488726016848553,0.1221444573968812
2275,2274.9999999999995,0.009448630592823637,0.004584222,0.0044904815506940955,0.12219222790642018
2276,2275.9999999999995,0.009070685366258768,0.004499695,0.004492198162228425,0.12223893928591514
2277,2276.9999999999995,0.008692740139694344,0.004421063,0.004493883941180144,0.12228481166809571
2278,2277.9999999999995,0.008314794913129475,0.004525301,0.004495574558964599,0.12233081572162285
2279,2278.9999999999995,0.00793684968656505,0.00448476,0.004497277213737602,0.12237714731829462
2280,2279.9999999999995,0.007558904460000182,0.004641154,0.004499001761554772,0.1224240746550473
2281,2280.9999999999995,0.0071809592334357575,0.004689858,0.00450076506727698,0.12247205664812408
2282,2281.9999999999995,0.006803014006871333,0.00494353,0.004502585513782103,0.12252159352111512
2283,2282.9999999999995,0.006425068780306464,0.005139942,0.0045044910138369015,0.122573444819098
2284,2283.9999999999995,0.00604712355374204,0.005373373,0.004506477742446712,0.1226275064586655
2285,2284.9999999999995,0.005669178327177615,0.005594624,0.004508550393502274,0.12268390616709157
2286,2285.9999999999995,0.005291233100612747,0.005781393,0.004510700149163508,0.12274240399872391
2287,2286.9999999999995,0.004913287874048322,0.005901779,0.004512907948707775,0.12280248128487666
2288,2287.9999999999995,0.004535342647483898,0.00600007,0.004515157072216196,0.12286368305337925
2289,2288.9999999999995,0.004157397420919029,0.006080911,0.00451744004676678,0.12292580595566494
2290,2289.9999999999995,0.0037794521943546044,0.006278662,0.004519775667575643,0.12298936143561909
2291,2290.9999999999995,0.00340150696779018,0.006469429,0.004522184707646274,0.12305491475546308
2292,2291.9999999999995,0.0030235617412253113,0.006687299,0.0045246709689186785,0.12312256937125492
2293,2292.9999999999995,0.0026456165146608868,0.006697521,0.0045272003333323915,0.12319139688327332
2294,2293.9999999999995,0.002267671288096018,0.006705866,0.0045297332064006155,0.12326031987064483
2295,2294.9999999999995,0.0018897260615315936,0.006501172,0.004532228974885194,0.12332823319085927
2296,2295.9999999999995,0.001511780834966725,0.006439922,0.004534674487237106,0.12339477897203648
2297,2296.9999999999995,0.0011338356084023005,0.006203866,0.004537063816897254,0.12345979594428774
2298,2297.9999999999995,0.0007558903818378759,0.005945293,0.004539359675222666,0.1235222694319466
2299,2298.9999999999995,0.0003779451552730073,0.005567336,0.004541535246810545,0.12358146975073019
2300,2299.9999999999995,-7.129141721406995e-11,0.005294906,0.00454358791306739,0.12363732564507929
2301,2300.9999999999995,-0.00037794529785584174,0.005061211,0.004545544935560337,0.12369057894002695
2302,2301.9999999999995,-0.0007558905244207104,0.005001202,0.004547446456040873,0.12374232194827747
2303,2302.9999999999995,-0.001133835750985135,0.004965237,0.004549329840063821,0.12379357143837544
2304,2303.9999999999995,-0.0015117809775495594,0.004950797,0.004551203698922197,0.12384456173554119
2305,2304.9999999999995,-0.001889726204114428,0.005081539,0.004553099535673444,0.12389615008163869
2306,2305.9999999999995,-0.0022676714306788526,0.005327422,0.004555066544235167,0.12394967511136092
2307,2306.9999999999995,-0.002645616657243721,0.005532317,0.004557118737493561,0.12400551813476647
2308,2307.9999999999995,-0.0030235618838081457,0.005737685,0.004559248459223198,0.1240634708153481
2309,2308.9999999999995,-0.0034015071103730143,0.005923886,0.0045614521767700445,0.1241234370246924
2310,2309.9999999999995,-0.003779452336937439,0.006048056,0.004563714545935849,0.12418499922589411
2311,2310.9999999999995,-0.0041573975635023075,0.006082651,0.0045660069173386,0.12424737782955364
2312,2311.9999999999995,-0.004535342790066732,0.005935928,0.00456827809962017,0.12430917984785249
2313,2312.9999999999995,-0.0049132880166311566,0.00579463,0.00457049485382069,0.12436950080261525
2314,2313.9999999999995,-0.005291233243196025,0.005597023,0.004572647564257705,0.12442807903779263
2315,2314.9999999999995,-0.00566917846976045,0.00542657,0.004574730721434675,0.12448476463234627
2316,2315.9999999999995,-0.006047123696324874,0.005282351,0.004576754414221479,0.12453983211841121
2317,2316.9999999999995,-0.006425068922889299,0.005217833,0.004578738661431904,0.1245938262356616
2318,2317.9999999999995,-0.006803014149454167,0.005166425,0.004580701001803161,0.12464722423744999
2319,2318.9999999999995,-0.007180959376018592,0.005202597,0.004582660462987683,0.12470054389257602
2320,2319.9999999999995,-0.0075589046025830164,0.005038212,0.004584595695426538,0.12475320424994547
2321,2320.9999999999995,-0.007936849829147885,0.004892271,0.004586472284750203,0.12480426884685682
2322,2321.9999999999995,-0.00831479505571231,0.004739819,0.0045882924859688735,0.12485379904526349
2323,2322.9999999999995,-0.008692740282277178,0.004375205,0.004590014975874284,0.12490067038338443
2324,2323.9999999999995,-0.009070685508841603,0.004010915,0.004591599722885983,0.12494379354642195
2325,2324.9999999999995,-0.009448630735406471,0.003643799,0.004593046254194492,0.1249831556685747
2326,2325.9999999999995,-0.009826575961970896,0.003275942,0.0045943538957344985,0.12501873840759112
2327,2326.9999999999995,-0.010204521188535765,0.003061144,0.004595551431436513,0.125051325014122
2328,2327.9999999999995,-0.010582466415100189,0.002792635,0.00459665763535172,0.1250814263561255
2329,2328.9999999999995,-0.010960411641664614,0.002773391,0.004597709461830537,0.12511004801270434
2330,2329.9999999999995,-0.011338356868229482,0.002911069,0.004598783669091835,0.1251392786813998
2331,2330.9999999999995,-0.011716302094793907,0.003215207,0.004599941367477244,0.1251707812593215
2332,2331.9999999999995,-0.012094247321358331,0.003717884,0.004601251531801638,0.12520643264679832
2333,2332.9999999999995,-0.0124721925479232,0.004246843,0.004602756647076908,0.12524738891989842
2334,2333.9999999999995,-0.012850137774487624,0.004784003,0.004604463229645678,0.12529382739733788
2335,2334.9999999999995,-0.013228083001052049,0.00545806,0.00460639869905619,0.12534649420303462
2336,2335.9999999999995,-0.013606028227616918,0.006210138,0.004608603668924545,0.1254064944897832
2337,2336.9999999999995,-0.013983973454181342,0.006806894,0.004611063531478765,0.12547343075985812
2338,2337.9999999999995,-0.01436191868074621,0.007251163,0.004613720119247726,0.12554572019573568
2339,2338.9999999999995,-0.014739863907310635,0.007732518,0.004616551624602884,0.1256227693816125
2340,2339.9999999999995,-0.015117809133875504,0.00802848,0.0046195300215828815,0.12570381569222908
2341,2340.9999999999995,-0.015495754360439928,0.008181744,0.004622593309974053,0.12578717201582407
2342,2341.9999999999995,-0.015873699587004353,0.008371492,0.0046257214182392516,0.12587229217804766
2343,2342.9999999999995,-0.01625164481356922,0.00836266,0.0046288837146737545,0.12595834264775124
2344,2343.9999999999995,-0.016629590040133646,0.008388555,0.004632049235547958,0.12604448085892891
2345,2344.9999999999995,-0.01700753526669807,0.008259259,0.004635195216464975,0.1261300873607844
2346,2345.9999999999995,-0.01738548049326294,0.007923271,0.004638253271448595,0.12621330127610514
2347,2346.9999999999995,-0.017763425719827364,0.007610001,0.00464118863445126,0.12629317657254283
2348,2347.9999999999995,-0.01814137094639179,0.007243464,0.004643995532548607,0.12636955616082288
2349,2348.9999999999995,-0.018519316172956657,0.00691087,0.004646670314033858,0.12644234067294166
2350,2349.9999999999995,-0.01889726139952108,0.006629515,0.004649229075972157,0.12651196813235624
2351,2350.9999999999995,-0.019275206626085506,0.006522416,0.004651714430742936,0.1265795980809822
2352,2351.9999999999995,-0.019653151852650375,0.00638041,0.004654152711490883,0.12664594708019075
2353,2352.9999999999995,-0.020031097079215243,0.006544292,0.004656595126203718,0.1267124085703146
2354,2353.9999999999995,-0.020409042305779668,0.006755561,0.004659108434181399,0.1267807991644504
2355,2354.9999999999995,-0.020786987532344536,0.007086366,0.004661724179299451,0.12685197721517877
2356,2355.9999999999995,-0.02116493275890896,0.007507673,0.004664482052987625,0.1269270227813253
2357,2356.9999999999995,-0.021542877985473385,0.007989435,0.004667410581984703,0.1270067121149974
2358,2357.9999999999995,-0.02192082321203781,0.008364165,0.004670500964513277,0.12709080570763026
2359,2358.9999999999995,-0.02229876843860268,0.008895417,0.004673762552827977,0.12717955804703696
2360,2359.9999999999995,-0.022676713665167103,0.009256616,0.004677192789940373,0.1272728995540177
2361,2360.9999999999995,-0.023054658891731528,0.009501097,0.004680737483985182,0.12736935559279486
2362,2361.9999999999995,-0.023432604118296396,0.009703036,0.004684366539184012,0.12746810721551824
2363,2362.9999999999995,-0.02381054934486082,0.00993646,0.00468807786606668,0.1275690975648076
2364,2363.9999999999995,-0.024188494571425245,0.009869849,0.004691820716037886,0.1276709457010349
2365,2364.9999999999995,-0.024566439797990114,0.009793519,0.0046955365540747775,0.1277720588050843
2366,2365.9999999999995,-0.02494438502455454,0.009706002,0.0046992214295159,0.12787232937398102
2367,2366.9999999999995,-0.025322330251119407,0.009473018,0.004702845739045494,0.1279709518604658
2368,2367.9999999999995,-0.02570027547768383,0.009170942,0.004706368936888625,0.12806682295779628
2369,2368.9999999999995,-0.0260782207042487,0.008886739,0.004709781344057013,0.12815967928728386
2370,2369.9999999999995,-0.026456165930813125,0.008632081,0.004713091921254035,0.1282497646820892
2371,2370.9999999999995,-0.026834111157377993,0.00843889,0.004716317867255172,0.12833754714473483
2372,2371.9999999999995,-0.027212056383942418,0.008234268,0.0047194686374941,0.12842328397067868
2373,2372.9999999999995,-0.027590001610506842,0.008041261,0.004722544266741782,0.1285069761060868
2374,2373.9999999999995,-0.02796794683707171,0.007915004,0.004725559563837057,0.12858902651999274
2375,2374.9999999999995,-0.028345892063636136,0.007908604,0.004728549792392372,0.1286703947841752
2376,2375.9999999999995,-0.02872383729020056,0.007713076,0.0047315018620858315,0.128750724692829
2377,2376.9999999999995,-0.029101782516764985,0.007670083,0.004734408857842599,0.12882982807718185
2378,2377.9999999999995,-0.029479727743329853,0.007412433,0.004737259040305991,0.12890738549306474
2379,2378.9999999999995,-0.029857672969894278,0.007225402,0.004740025190238736,0.128982656267299
2380,2379.9999999999995,-0.030235618196459146,0.007032503,0.0047427195438065175,0.12905597336291513
2381,2380.9999999999995,-0.03061356342302357,0.00686568,0.004745345919767903,0.12912744069362758
2382,2381.9999999999995,-0.03099150864958844,0.006839502,0.004747935823825953,0.12919791557329122
2383,2382.9999999999995,-0.031369453876152864,0.006725015,0.004750499146051355,0.12926766712443957
2384,2383.9999999999995,-0.03174739910271773,0.006726565,0.004753041126276731,0.12933683793018194
2385,2384.9999999999995,-0.03212534432928216,0.006743407,0.00475558658208641,0.1294061033113912
2386,2385.9999999999995,-0.03250328955584658,0.006771105,0.004758140454736285,0.12947559772649003
2387,2386.9999999999995,-0.03288123478241145,0.006783371,0.004760701879487677,0.12954529764474018
2388,2387.9999999999995,-0.033259180008975875,0.006833497,0.004763275094618357,0.12961531839555515
2389,2388.9999999999995,-0.0336371252355403,0.006882297,0.004765867004053779,0.12968584784431703
2390,2389.9999999999995,-0.03401507046210517,0.007032155,0.00476849645441061,0.12975739883359141
2391,2390.9999999999995,-0.03439301568866959,0.007055207,0.004771158580022004,0.1298298389618384
2392,2391.9999999999995,-0.03477096091523402,0.00702736,0.004773819799509717,0.12990225443320388
2393,2392.9999999999995,-0.035148906141798886,0.006800185,0.004776432826823645,0.1299733585287145
2394,2393.9999999999995,-0.03552685136836331,0.006555801,0.004778956742401027,0.13004203777034293
2395,2394.9999999999995,-0.035904796594927735,0.006173766,0.004781362281942969,0.1301074958359487
2396,2395.9999999999995,-0.0362827418214926,0.00568593,0.004783603439688823,0.13016848084500932
2397,2396.9999999999995,-0.03666068704805703,0.005177191,0.004785656272052594,0.13022434125935817
2398,2397.9999999999995,-0.0370386322746219,0.004465409,0.00478747845937343,0.13027392550235797
2399,2398.9999999999995,-0.03741657750118632,0.003898269,0.004789058965461742,0.13031693326399116
2400,2399.9999999999995,-0.03779452272775119,0.003326859,0.004790424316781202,0.13035408636610646
2401,2400.9999999999995,-0.038172467954315614,0.002858473,0.0047915931751332606,0.13038589262219116
2402,2401.9999999999995,-0.03855041318088004,0.002434987,0.004792593494102766,0.13041311268803957
2403,2402.9999999999995,-0.03892835840744491,0.002267414,0.0047934821191084375,0.13043729340629676
2404,2403.9999999999995,-0.03930630363400933,0.002311858,0.004794347476105208,0.13046084096977653
2405,2404.9999999999995,-0.039684248860573756,0.002485102,0.004795253970172219,0.13048550792996366
2406,2405.9999999999995,-0.040062194087138625,0.002772269,0.004796247469309083,0.13051254241871194
2407,2406.9999999999995,-0.04044013931370305,0.003360206,0.004797406339135721,0.1305440768731734
2408,2407.9999999999995,-0.040818084540267474,0.004205928,0.004798836131250145,0.13058298349865047
2409,2408.9999999999995,-0.04119602976683234,0.005070312,0.004800589086564379,0.13063068384277804
2410,2409.9999999999995,-0.04157397499339677,0.00614401,0.004802708286298908,0.1306883502052867
2411,2410.9999999999995,-0.041951920219961636,0.007102538,0.0048052115210914376,0.1307564666940906
2412,2411.9999999999995,-0.04232986544652606,0.007817445,0.004808030989269075,0.1308331883316806
2413,2412.9999999999995,-0.04270781067309093,0.008414811,0.0048110984411048625,0.13091665794837515
2414,2413.9999999999995,-0.043085755899655354,0.008678067,0.004814328526929038,0.1310045530613445
2415,2414.9999999999995,-0.04346370112622022,0.008805481,0.0048176324386840445,0.13109445708023262
2416,2415.9999999999995,-0.04384164635278465,0.008736765,0.004820947442753506,0.13118466293637376
2417,2416.9999999999995,-0.04421959157934907,0.008484982,0.004824201881289382,0.13127322072038733
2418,2417.9999999999995,-0.044597536805913496,0.008202573,0.004827355372167024,0.13135903157868203
2419,2418.9999999999995,-0.044975482032478364,0.007798397,0.004830379117282976,0.13144131187494162
2420,2419.9999999999995,-0.04535342725904279,0.007620669,0.0048332928984793685,0.13152059990051296
2421,2420.9999999999995,-0.04573137248560721,0.007408017,0.004836132908546988,0.13159788051140545
2422,2421.9999999999995,-0.04610931771217208,0.007250569,0.004838902979850431,0.13167325799157237
2423,2422.9999999999995,-0.04648726293873651,0.007096237,0.004841614133272505,0.13174703223451256
2424,2423.9999999999995,-0.04686520816530093,0.007070534,0.004844291265010147,0.13181988070025694
2425,2424.9999999999995,-0.0472431533918658,0.006861179,0.004846923977223256,0.13189152044916236
2426,2425.9999999999995,-0.047621098618430224,0.00678292,0.004849502338267168,0.13196168122740987
2427,2426.9999999999995,-0.04799904384499509,0.006502629,0.0048520129431805885,0.13202999826742
2428,2427.9999999999995,-0.04837698907155952,0.006345899,0.0048544409630935795,0.13209606805508536
2429,2428.9999999999995,-0.048754934298124386,0.006075036,0.004856788179639939,0.13215993907113133
2430,2429.9999999999995,-0.04913287952468881,0.00571475,0.004859016126310398,0.13222056458851664
2431,2430.9999999999995,-0.04951082475125368,0.005588799,0.004861152187504292,0.13227868977470877
2432,2431.9999999999995,-0.049888769977818104,0.00546177,0.004863240442406478,0.13233551408543223
2433,2432.9999999999995,-0.05026671520438253,0.005552381,0.004865321815304034,0.13239215112726957
2434,2433.9999999999995,-0.0506446604309474,0.005763062,0.004867460124138191,0.132450337474869
2435,2434.9999999999995,-0.05102260565751182,0.006230946,0.00486972666317368,0.1325120131440053
2436,2435.9999999999995,-0.051400550884076246,0.006919933,0.0048722118191452685,0.13257963768302972
2437,2436.9999999999995,-0.05177849611064067,0.007571953,0.004874950388714078,0.1326541579573281
2438,2437.9999999999995,-0.05215644133720554,0.008186388,0.004877928283593841,0.1327351906051013
2439,2438.9999999999995,-0.052534386563769964,0.008629045,0.004881105939911324,0.13282165903851334
2440,2439.9999999999995,-0.05291233179033483,0.008838575,0.004884406841710547,0.13291148115233206
2441,2440.9999999999995,-0.05329027701689926,0.008901138,0.0048877591616350346,0.13300270242461742
2442,2441.9999999999995,-0.053668222243464125,0.008751805,0.004891095084405868,0.13309347750762135
2443,2442.9999999999995,-0.05404616747002855,0.008429907,0.004894341957423172,0.13318182942338688
2444,2443.9999999999995,-0.05442411269659342,0.00808016,0.004897461907929628,0.13326672760168642
2445,2444.9999999999995,-0.05480205792315784,0.007662878,0.0049004369109614905,0.13334768155826943
2446,2445.9999999999995,-0.05518000314972227,0.007381071,0.0049032798053181064,0.13342504065466385
2447,2446.9999999999995,-0.055557948376287136,0.007117077,0.00490601955823342,0.133499593129461
2448,2447.9999999999995,-0.05593589360285156,0.007281049,0.004908740409730008,0.13357363127045263
2449,2448.9999999999995,-0.056313838829415985,0.00746595,0.004911527188669109,0.1336494633885467
2450,2449.9999999999995,-0.056691784055980854,0.007741298,0.0049144009420645,0.13372766220216442
2451,2450.9999999999995,-0.05706972928254528,0.008122412,0.004917398748799553,0.13380923667912273
2452,2451.9999999999995,-0.0574476745091097,0.008575887,0.004920554269998952,0.133895102785287
2453,2452.9999999999995,-0.05782561973567457,0.008980139,0.004923871878111024,0.13398537950103742
2454,2453.9999999999995,-0.058203564962238996,0.009367253,0.004927339032724179,0.13407972558439052
2455,2454.9999999999995,-0.05858151018880342,0.009685078,0.004930939401502368,0.13417769660984183
2456,2455.9999999999995,-0.05895945541536829,0.009737996,0.004934609830554124,0.13427757407245766
2457,2456.9999999999995,-0.059337400641932714,0.009797975,0.004938301594047002,0.13437803207479118
2458,2457.9999999999995,-0.05971534586849758,0.009620883,0.00494197122639022,0.13447788785786327
2459,2458.9999999999995,-0.06009329109506201,0.009466957,0.004945578305396934,0.13457604147793478
2460,2459.9999999999995,-0.060471236321626876,0.009317901,0.004949128129103331,0.1346726371019147
2461,2460.9999999999995,-0.0608491815481913,0.009190731,0.004952625753660652,0.1347678123146874
2462,2461.9999999999995,-0.061227126774755725,0.009057173,0.004956074107766456,0.13486164681017337
2463,2462.9999999999995,-0.06160507200132059,0.008930239,0.004959473236018281,0.13495414180193344
2464,2463.9999999999995,-0.06198301722788502,0.008804897,0.004962824691015118,0.13504533953833842
2465,2464.9999999999995,-0.06236096245444944,0.008461409,0.00496608754998167,0.13513412645394346
2466,2465.9999999999995,-0.06273890768101431,0.008073272,0.004969212151860029,0.1352191512025204
2467,2466.9999999999995,-0.06311685290757874,0.007563315,0.004972167038568235,0.13529955776605054
2468,2467.9999999999995,-0.06349479813414316,0.006967505,0.00497491296559677,0.1353742782470273
2469,2468.9999999999995,-0.06387274336070803,0.006181753,0.004977397815243753,0.1354418944505346
2470,2469.9999999999995,-0.06425068858727245,0.005274087,0.004979562655265897,0.1355008027485379
2471,2470.9999999999995,-0.06462863381383732,0.004352278,0.004981381774616356,0.1355503035078108
2472,2471.9999999999995,-0.06500657904040175,0.003402249,0.0049828471678483146,0.13559017888904787
2473,2472.9999999999995,-0.06538452426696661,0.002721188,0.004984004329740474,0.13562166686824456
2474,2473.9999999999995,-0.06576246949353104,0.002050672,0.004984906080594891,0.13564620475904177
2475,2474.9999999999995,-0.06614041472009591,0.001708888,0.004985616534472883,0.13566553719392574
2476,2475.9999999999995,-0.06651835994666033,0.001544827,0.0049862313974993085,0.1356822684692262
2477,2476.9999999999995,-0.06689630517322476,0.001405327,0.004986788895810274,0.13569743877109736
2478,2477.9999999999995,-0.06727425039978918,0.001660146,0.00498736818625403,0.13571320206711104
2479,2478.9999999999995,-0.06765219562635405,0.001873284,0.004988035907754981,0.13573137169477814
2480,2479.9999999999995,-0.06803014085291847,0.002423476,0.004988847877720828,0.13575346652313894
2481,2480.9999999999995,-0.0684080860794829,0.002866199,0.004989847481428992,0.13578066712573472
2482,2481.9999999999995,-0.06878603130604777,0.003416646,0.0049910347670674895,0.1358129748138282
2483,2482.9999999999995,-0.06916397653261219,0.003984346,0.004992433351866611,0.13585103224499484
2484,2483.9999999999995,-0.06954192175917662,0.004340731,0.004994006563423077,0.13589384151230452
2485,2484.9999999999995,-0.06991986698574149,0.00470127,0.004995715253981348,0.13594033735106048
2486,2485.9999999999995,-0.07029781221230635,0.00510522,0.0049975684120237744,0.1359907643503278
2487,2486.9999999999995,-0.07067575743887078,0.005399691,0.004999553552507742,0.13604478277478962
2488,2487.9999999999995,-0.07105370266543565,0.00568471,0.005001648200731381,0.13610178105665252
2489,2488.9999999999995,-0.07143164789200007,0.005881804,0.005003833955108527,0.1361612584632479
2490,2489.9999999999995,-0.0718095931185645,0.005917916,0.0050060637790329265,0.13622193506331529
2491,2490.9999999999995,-0.07218753834512937,0.005961105,0.005008308588674532,0.13628301944552174
2492,2491.9999999999995,-0.07256548357169379,0.005798852,0.0050105308984809095,0.1363434915760213
2493,2492.9999999999995,-0.07294342879825821,0.00545091,0.005012656795404853,0.13640134017833788
2494,2493.9999999999995,-0.07332137402482308,0.005152871,0.005014660619611097,0.13645586701278306
2495,2494.9999999999995,-0.07369931925138751,0.004637528,0.005016510736895203,0.13650621126880125
2496,2495.9999999999995,-0.07407726447795193,0.004096537,0.005018161235982831,0.13655112363697333
2497,2496.9999999999995,-0.07445520970451636,0.003605284,0.0050196166692242335,0.1365907279930604
2498,2497.9999999999995,-0.07483315493108122,0.003021791,0.0050208690049054015,0.1366248057829903
2499,2498.9999999999995,-0.07521110015764565,0.00252118,0.005021916474620619,0.13665330888599206
2500,2499.9999999999995,-0.07558904538421052,0.002045633,0.0050227794772076005,0.13667679238271768
2501,2500.9999999999995,-0.07596699061077494,0.001857053,0.005023516977979841,0.13669686080108784
2502,2501.9999999999995,-0.07634493583733981,0.001892008,0.005024225447834365,0.13671613924794293
2503,2502.9999999999995,-0.07672288106390424,0.002184445,0.005024995785810698,0.13673710121215688
2504,2503.9999999999995,-0.0771008262904691,0.002473694,0.00502587604651056,0.13676105432605798
2505,2504.9999999999995,-0.07747877151703353,0.003020967,0.00502691438695883,0.1367893090090507
2506,2505.9999999999995,-0.07785671674359795,0.003471479,0.005028141281446044,0.13682269450882537
2507,2506.9999999999995,-0.07823466197016282,0.004047329,0.005029562130242572,0.13686135777422484
2508,2507.9999999999995,-0.07861260719672725,0.00468698,0.005031212675439518,0.13690627139709538
2509,2508.9999999999995,-0.07899055242329167,0.005194057,0.005033079920823347,0.13695708173245077
2510,2509.9999999999995,-0.07936849764985654,0.005481472,0.005035097303436648,0.13701197750994726
2511,2510.9999999999995,-0.07974644287642096,0.005772747,0.005037224042611529,0.1370698490310794
2512,2511.9999999999995,-0.08012438810298539,0.005786485,0.005039408420890105,0.13712928899212512
2513,2512.9999999999995,-0.08050233332955026,0.005572438,0.005041554946253488,0.13718769892287494
2514,2513.9999999999995,-0.08088027855611468,0.005396998,0.005043627869240641,0.13724410603093654
2515,2514.9999999999995,-0.08125822378267955,0.005032735,0.0050455988031414874,0.13729773787457777
2516,2515.9999999999995,-0.08163616900924398,0.004825727,0.005047461782468571,0.13734843212461534
2517,2516.9999999999995,-0.08201411423580884,0.004615272,0.005049245872721597,0.13739697969358813
2518,2517.9999999999995,-0.08239205946237327,0.004476299,0.005050963930652309,0.1374437304315337
2519,2518.9999999999995,-0.08277000468893769,0.00438989,0.005052639397557494,0.13748932220863308
2520,2519.9999999999995,-0.08314794991550256,0.004485189,0.005054316544429211,0.1375349596999506
2521,2520.9999999999995,-0.08352589514206699,0.00472192,0.005056056435877716,0.13758230455818196
2522,2521.9999999999995,-0.08390384036863141,0.005110465,0.005057914487365963,0.1376328647148936
2523,2522.9999999999995,-0.08428178559519628,0.005465041,0.005059912968371566,0.13768724615344233
2524,2523.9999999999995,-0.0846597308217607,0.005687611,0.005062020514165034,0.1377445953960595
2525,2524.9999999999995,-0.08503767604832513,0.005915718,0.005064213225568938,0.13780426211299712
2526,2525.9999999999995,-0.08541562127489,0.006105487,0.00506648490409259,0.13786607763473094
2527,2526.9999999999995,-0.08579356650145442,0.006127668,0.0050687966353616274,0.13792898304718965
2528,2527.9999999999995,-0.08617151172801885,0.006017638,0.00507109176557556,0.1379914367219258
2529,2528.9999999999995,-0.08654945695458371,0.006077234,0.005073377365144715,0.13805363105460575
2530,2529.9999999999995,-0.08692740218114814,0.006090135,0.005075676664661416,0.1381161981818499
2531,2530.9999999999995,-0.08730534740771301,0.006136604,0.005077987183482166,0.13817907060190995
2532,2531.9999999999995,-0.08768329263427743,0.006173472,0.00508031345071359,0.1382423715580556
2533,2532.9999999999995,-0.0880612378608423,0.006219459,0.0050826553752708874,0.1383060985717432
2534,2533.9999999999995,-0.08843918308740673,0.006227021,0.005085007419122653,0.1383701009454611
2535,2534.9999999999995,-0.0888171283139716,0.006379055,0.005087389622247609,0.13843492399481067
2536,2535.9999999999995,-0.08919507354053602,0.006684454,0.005089858267681976,0.1385020992592296
2537,2536.9999999999995,-0.08957301876710044,0.006950079,0.00509243482101387,0.13857221084712718
2538,2537.9999999999995,-0.08995096399366487,0.007095097,0.005095088974626599,0.13864443404623933
2539,2538.9999999999995,-0.09032890922022974,0.007210811,0.0050977923994467355,0.13871799798320705
2540,2539.9999999999995,-0.09070685444679416,0.007243783,0.00510052392184885,0.13879232649433057
2541,2540.9999999999995,-0.09108479967335859,0.007030977,0.005103221460550028,0.13886573026184182
2542,2541.9999999999995,-0.09146274489992345,0.006580387,0.005105793635575444,0.1389357227099507
2543,2542.9999999999995,-0.09184069012648788,0.006061885,0.0051081826787531094,0.1390007318866165
2544,2543.9999999999995,-0.09221863535305275,0.005515495,0.005110370486506671,0.13906026516843062
2545,2544.9999999999995,-0.09259658057961717,0.004754027,0.0051123111449161715,0.13911307317398308
2546,2545.9999999999995,-0.09297452580618204,0.004074587,0.005113979511175412,0.13915847173266305
2547,2546.9999999999995,-0.09335247103274646,0.003597157,0.005115429260687525,0.13919792142659707
2548,2547.9999999999995,-0.09373041625931133,0.003223899,0.00511671825346519,0.1392329967069384
2549,2548.9999999999995,-0.09410836148587576,0.003005535,0.00511789544588744,0.1392650297446261
2550,2549.9999999999995,-0.09448630671244018,0.003064952,0.005119042601679726,0.13929624544397431
2551,2550.9999999999995,-0.09486425193900505,0.003294526,0.005120244368856497,0.13932894719479919
2552,2551.9999999999995,-0.09524219716556948,0.003639007,0.005121554616706786,0.13936460085513136
2553,2552.9999999999995,-0.0956201423921339,0.004126397,0.005123022065393858,0.13940453216815146
2554,2553.9999999999995,-0.09599808761869877,0.004500441,0.0051246523015150815,0.13944889315291822
2555,2554.9999999999995,-0.0963760328452632,0.005066893,0.005126460265623206,0.1394980903625833
2556,2555.9999999999995,-0.09675397807182762,0.005574274,0.00512847115475957,0.13955280944357074
2557,2556.9999999999995,-0.09713192329839204,0.005987205,0.005130655957659608,0.13961226095915505
2558,2557.9999999999995,-0.09750986852495691,0.006524626,0.0051330203510606244,0.13967659938122756
2559,2558.9999999999995,-0.09788781375152134,0.006852544,0.005135548269833846,0.13974538755536417
2560,2559.9999999999995,-0.0982657589780862,0.007274333,0.005138217862698053,0.13981803087791167
2561,2560.9999999999995,-0.09864370420465063,0.007441014,0.005140998660275999,0.13989370023487704
2562,2561.9999999999995,-0.0990216494312155,0.007699156,0.005143859737766437,0.13997155411954906
2563,2562.9999999999995,-0.09939959465777992,0.007740382,0.005146777387610169,0.14005094741637739
2564,2563.9999999999995,-0.09977753988434479,0.007609558,0.005149678105885696,0.14012987998176354
2565,2564.9999999999995,-0.10015548511090921,0.007471758,0.005152528061581951,0.1402074312269983
2566,2565.9999999999995,-0.10053343033747364,0.007077469,0.0051552774670293785,0.14028224636057507
2567,2566.9999999999995,-0.10091137556403851,0.006694773,0.005157880043590875,0.1403530660766247
2568,2567.9999999999995,-0.10128932079060293,0.006099949,0.005160297895643436,0.1404188591827126
2569,2568.9999999999995,-0.10166726601716736,0.00557765,0.005162504642043328,0.14047890781134703
2570,2569.9999999999995,-0.10204521124373223,0.005077416,0.005164518157710044,0.14053369836386637
2571,2570.9999999999995,-0.10242315647029665,0.00460674,0.005166348197976797,0.14058349629641068
2572,2571.9999999999995,-0.10280110169686107,0.004334814,0.005168037906802981,0.14062947561592326
2573,2572.9999999999995,-0.10317904692342594,0.003976609,0.0051696085381273855,0.14067221467154167
2574,2573.9999999999995,-0.10355699214999037,0.003791294,0.005171076459057019,0.14071215883493648
2575,2574.9999999999995,-0.10393493737655524,0.003772777,0.005172505861320942,0.14075105485204098
2576,2575.9999999999995,-0.10431288260311966,0.003617251,0.005173902374224331,0.14078905590405263
2577,2576.9999999999995,-0.10469082782968453,0.003586457,0.005175263677750414,0.1408260988600989
2578,2577.9999999999995,-0.10506877305624895,0.003564368,0.0051766149878377885,0.14086286988082453
2579,2578.9999999999995,-0.10544671828281338,0.003436381,0.005177937937671252,0.14089886917972697
2580,2579.9999999999995,-0.10582466350937825,0.003141126,0.005179180906357925,0.14093269208075168
2581,2580.9999999999995,-0.10620260873594267,0.002973019,0.005180336312316561,0.14096413227856305
2582,2581.9999999999995,-0.1065805539625071,0.00259574,0.005181388655257531,0.14099276798879304
2583,2582.9999999999995,-0.10695849918907196,0.002368294,0.005182326721734933,0.14101829407803404
2584,2583.9999999999995,-0.10733644441563639,0.001963431,0.005183145299128203,0.14104056870365453
2585,2584.9999999999995,-0.10771438964220081,0.001626447,0.0051838236877552275,0.1410590285986094
2586,2585.9999999999995,-0.10809233486876568,0.001246526,0.005184366600970927,0.14107380201981984
2587,2586.9999999999995,-0.10847028009533011,0.000901277,0.005184772476916653,0.14108484646694694
2588,2587.9999999999995,-0.10884822532189453,0.000317971,0.005185002881397452,0.14109111609226677
2589,2588.9999999999995,-0.1092261705484594,-0.000258338,0.0051850141504013,0.14109142273748307
2590,2589.9999999999995,-0.10960411577502382,-0.00084624,0.0051848054154100655,0.14108574276901356
2591,2590.9999999999995,-0.1099820610015887,-0.00158222,0.005184346502977614,0.14107325512556101
2592,2591.9999999999995,-0.11036000622815312,-0.002349771,0.0051836034643629415,0.1410530360148215
2593,2592.9999999999995,-0.11073795145471799,-0.003099738,0.005182573656406106,0.14102501351274885
2594,2593.9999999999995,-0.11111589668128241,-0.003794555,0.005181270823841162,0.1409895616326103
2595,2594.9999999999995,-0.11149384190784728,-0.004406529,0.005179721043565935,0.14094738996294467
2596,2595.9999999999995,-0.1118717871344117,-0.004769595,0.005177987007433852,0.14090020443599008
2597,2596.9999999999995,-0.11224973236097613,-0.004884821,0.005176162587212618,0.14085055943267508
2598,2597.9999999999995,-0.11262767758754055,-0.004674744,0.005174356091232726,0.14080140217281442
2599,2598.9999999999995,-0.11300562281410542,-0.004260955,0.005172667488841192,0.14075545296092248
2600,2599.9999999999995,-0.11338356804066985,-0.003635446,0.005171175285308697,0.14071484803424214
2601,2600.9999999999995,-0.11376151326723427,-0.002768995,0.005169965021356315,0.14068191507437428
2602,2601.9999999999995,-0.11413945849379914,-0.001857316,0.005169090775276788,0.14065812562663024
2603,2602.9999999999995,-0.11451740372036356,-0.000703612,0.0051686068300202,0.14064495680533132
2604,2603.9999999999995,-0.11489534894692843,0.000330881,0.005168536394069079,0.14064304014545975
2605,2604.9999999999995,-0.11527329417349286,0.001202757,0.0051688262096497685,0.140650926429166
2606,2605.9999999999995,-0.11565123940005773,0.002045335,0.0051694400100831895,0.14066762878983777
2607,2606.9999999999995,-0.11602918462662215,0.002546683,0.005170307775724889,0.14069124189588503
2608,2607.9999999999995,-0.11640712985318702,0.002886935,0.0051713345807179265,0.1407191826831499
2609,2608.9999999999995,-0.11678507507975144,0.003137931,0.005172473115390622,0.14075016378988306
2610,2609.9999999999995,-0.11716302030631587,0.003063254,0.005173644969525519,0.1407820515653717
2611,2610.9999999999995,-0.11754096553288074,0.003053462,0.005174800861332744,0.1408135049837967
2612,2611.9999999999995,-0.11791891075944516,0.002809408,0.005175908783197979,0.14084365307360194
2613,2612.9999999999995,-0.11829685598600959,0.002742367,0.005176957916628084,0.1408722014485921
2614,2613.9999999999995,-0.11867480121257445,0.002600788,0.005177967626591606,0.14089967705640596
2615,2614.9999999999995,-0.11905274643913888,0.002519913,0.005178935298841413,0.14092600875975497
2616,2615.9999999999995,-0.1194306916657033,0.002435059,0.005179871652848994,0.14095148825031822
2617,2616.9999999999995,-0.11980863689226817,0.002279585,0.0051807625914463695,0.14097573192461288
2618,2617.9999999999995,-0.1201865821188326,0.002155274,0.005181600658341138,0.14099853688658642
2619,2618.9999999999995,-0.12056452734539747,0.001979674,0.005182382050270485,0.14101979964418537
2620,2619.9999999999995,-0.12094247257196189,0.001721978,0.005183081561122386,0.1410388343041597
2621,2620.9999999999995,-0.12132041779852676,0.001411106,0.0051836736281935,0.1410549452699153
2622,2621.9999999999995,-0.12169836302509118,0.001149602,0.005184157531876113,0.14106811295992874
2623,2622.9999999999995,-0.12207630825165561,0.000807367,0.005184527345422155,0.1410781760991691
2624,2623.9999999999995,-0.12245425347822048,0.000417262,0.005184758766764586,0.14108447339470356
2625,2624.9999999999995,-0.1228321987047849,0.000246287,0.005184884159353157,0.14108788550086354
2626,2625.9999999999995,-0.12321014393134933,0.000105551,0.005184950647099469,0.14108969472460908
2627,2626.9999999999995,-0.1235880891579142,9.0554e-05,0.005184987705573797,0.14109070313706767
2628,2627.9999999999995,-0.12396603438447862,0.000196021,0.005185041860400448,0.1410921767649728
2629,2628.9999999999995,-0.12434397961104304,0.000345225,0.005185144141071497,0.1410949599638182
2630,2629.9999999999995,-0.12472192483760791,0.000637253,0.0051853298025066495,0.1411000120688411
2631,2630.9999999999995,-0.12509987006417234,0.000977377,0.005185634923357233,0.14110831483015804
2632,2631.9999999999995,-0.12547781529073676,0.001364485,0.00518607747113932,0.1411203571687887
2633,2632.9999999999995,-0.12585576051730163,0.001564364,0.00518663094338876,0.14113541791594467
2634,2633.9999999999995,-0.12623370574386605,0.001782517,0.005187263412237675,0.14115262827008104
2635,2634.9999999999995,-0.12661165097043092,0.001964354,0.005187971468242176,0.14117189545550332
2636,2635.9999999999995,-0.12698959619699535,0.002189134,0.005188756363723773,0.1411932535496158
2637,2636.9999999999995,-0.12736754142356022,0.002265363,0.005189598141662722,0.14121615949424587
2638,2637.9999999999995,-0.12774548665012464,0.002470659,0.005190493120116624,0.14124051309863683
2639,2638.9999999999995,-0.12812343187668906,0.002532924,0.005191438660271909,0.1412662425570134
2640,2639.9999999999995,-0.12850137710325393,0.002673682,0.00519242256621406,0.141293016001635
2641,2640.9999999999995,-0.12887932232981836,0.002814737,0.005193459727095278,0.14132123858697304
2642,2641.9999999999995,-0.12925726755638278,0.002934465,0.005194546168821506,0.1413508021724192
2643,2642.9999999999995,-0.12963521278294765,0.003096346,0.005195685826936388,0.1413818138495716
2644,2643.9999999999995,-0.13001315800951208,0.003147013,0.005196865650802277,0.14141391849248855
2645,2644.9999999999995,-0.1303911032360765,0.003169936,0.005198059381162778,0.1414464015504017
2646,2645.9999999999995,-0.13076904846264137,0.003124903,0.0051992489333387995,0.1414787709141232
2647,2646.9999999999995,-0.1311469936892058,0.003274201,0.005200458188744345,0.1415116764300335
2648,2647.9999999999995,-0.13152493891577066,0.003427664,0.00520172465768726,0.14154613880560774
2649,2648.9999999999995,-0.1319028841423351,0.003627458,0.005203057882528625,0.14158241770171887
2650,2649.9999999999995,-0.13228082936889995,0.004049811,0.005204508676114427,0.14162189580634532
2651,2650.9999999999995,-0.13265877459546438,0.004707656,0.00520616359753915,0.14166692851244023
2652,2651.9999999999995,-0.13303671982202925,0.005333509,0.005208061102729598,0.14171856225908128
2653,2652.9999999999995,-0.13341466504859367,0.006149969,0.005210231165576828,0.14177761267739533
2654,2653.9999999999995,-0.1337926102751581,0.007001494,0.005212716431908424,0.14184524021946854
2655,2654.9999999999995,-0.13417055550172297,0.007987102,0.005215548866063977,0.14192231467929162
2656,2655.9999999999995,-0.1345485007282874,0.008845375,0.005218729743230681,0.14200887075647584
2657,2656.9999999999995,-0.13492644595485181,0.009520793,0.005222200445993623,0.14210331338990326
2658,2657.9999999999995,-0.13530439118141624,0.01017383,0.005225922190369542,0.14220458721362525
2659,2658.9999999999995,-0.1356823364079811,0.010549369,0.005229838307440142,0.14231115018781781
2660,2659.9999999999995,-0.13606028163454553,0.010692197,0.00523385238167737,0.14242037871230712
2661,2660.9999999999995,-0.13643822686110996,0.010522774,0.0052378614301879485,0.14252947047980738
2662,2661.9999999999995,-0.13681617208767483,0.010321964,0.005241800514800993,0.14263665843266857
2663,2662.9999999999995,-0.13719411731423925,0.009769472,0.005245597245966507,0.14273997275088554
2664,2663.9999999999995,-0.13757206254080412,0.009185462,0.0052491792093790806,0.14283744294082407
2665,2664.9999999999995,-0.13795000776736854,0.0085061,0.005252522430083267,0.14292841661071126
2666,2665.9999999999995,-0.1383279529939334,0.007794032,0.005255602708624153,0.14301223525983256
2667,2666.9999999999995,-0.13870589822049784,0.007052388,0.00525840827540944,0.14308857862126592
2668,2667.9999999999995,-0.1390838434470627,0.006299814,0.005260931475914453,0.1431572384047839
2669,2668.9999999999995,-0.13946178867362713,0.005623,0.005263184561233711,0.1432185479796514
2670,2669.9999999999995,-0.13983973390019155,0.004872895,0.005265167997940598,0.14327252004197694
2671,2670.9999999999995,-0.14021767912675642,0.00412355,0.005266868079662498,0.14331878162236134
2672,2671.9999999999995,-0.14059562435332085,0.00337666,0.005268285413946364,0.14335734925299928
2673,2672.9999999999995,-0.14097356957988527,0.002570853,0.0052694093310205045,0.1433879325946122
2674,2673.9999999999995,-0.14135151480645014,0.001945715,0.0052702628386785315,0.14341115772115867
2675,2674.9999999999995,-0.14172946003301456,0.001242197,0.005270865266740085,0.14342755062382703
2676,2675.9999999999995,-0.142107405259579,0.000610398,0.005271215356458589,0.14343707705037798
2677,2676.9999999999995,-0.14248535048614386,-6.4931e-05,0.005271318434783038,0.14343988195447815
2678,2677.9999999999995,-0.14286329571270828,-0.000479373,0.005271215576233738,0.14343708303076444
2679,2678.9999999999995,-0.14324124093927315,-0.000889842,0.0052709568320970426,0.14343004224412192
2680,2679.9999999999995,-0.14361918616583758,-0.001232412,0.005270555784212614,0.1434191291752356
2681,2680.9999999999995,-0.14399713139240244,-0.001298142,0.005270077578810182,0.1434061165433251
2682,2681.9999999999995,-0.14437507661896687,-0.001304481,0.0052695857543404835,0.14339273331771493
2683,2682.9999999999995,-0.1447530218455313,-0.001304734,0.005269092684163318,0.1433793161946777
2684,2683.9999999999995,-0.14513096707209616,-0.001083762,0.005268641323832384,0.14336703405437654
2685,2684.9999999999995,-0.1455089122986606,-0.000764194,0.005268292110757833,0.14335753148252278
2686,2685.9999999999995,-0.145886857525225,-0.00020103,0.00526810970985615,0.14335256810113547
2687,2686.9999999999995,-0.14626480275178988,0.00040221,0.005268147727366491,0.14335360261029345
2688,2687.9999999999995,-0.1466427479783543,0.001135306,0.005268438275782974,0.14336150883547755
2689,2688.9999999999995,-0.14702069320491873,0.001995184,0.005269029852659128,0.14337760646234876
2690,2689.9999999999995,-0.1473986384314836,0.003007034,0.005269975134866795,0.14340332890161306
2691,2690.9999999999995,-0.14777658365804802,0.004090367,0.005271316349281277,0.14343982520508422
2692,2691.9999999999995,-0.14815452888461245,0.005299194,0.005273090719161021,0.14348810826922517
2693,2692.9999999999995,-0.14853247411117732,0.006310589,0.005275284650194171,0.14354780817396529
2694,2693.9999999999995,-0.14891041933774174,0.007377835,0.005277871387449167,0.14361819688052788
2695,2694.9999999999995,-0.1492883645643066,0.008139548,0.00528080374786598,0.1436979904724422
2696,2695.9999999999995,-0.14966630979087103,0.008644025,0.005283975383516004,0.14378429507514656
2697,2696.9999999999995,-0.1500442550174359,0.008891291,0.005287289078005256,0.14387446529579478
2698,2697.9999999999995,-0.15042220024400033,0.008880097,0.005290647383637269,0.1439658494474796
2699,2698.9999999999995,-0.15080014547056475,0.00840677,0.005293914128069723,0.144054742091998
2700,2699.9999999999995,-0.15117809069712962,0.007715147,0.005296960728856333,0.1441376443227398
2701,2700.9999999999995,-0.15155603592369404,0.006887988,0.005299720321439397,0.1442127366623991
2702,2701.9999999999995,-0.15193398115025847,0.005762016,0.005302110825753308,0.14427778559860766
2703,2702.9999999999995,-0.15231192637682334,0.004667506,0.005304081719780933,0.14433141635724325
2704,2703.9999999999995,-0.15268987160338776,0.00357179,0.00530563872107766,0.14437378452091398
2705,2704.9999999999995,-0.15306781682995219,0.002568182,0.00530679900763198,0.14440535752649963
2706,2705.9999999999995,-0.15344576205651705,0.001768163,0.0053076184580787234,0.1444276559091154
2707,2706.9999999999995,-0.15382370728308148,0.001032294,0.005308147667756398,0.1444420564380597
2708,2707.9999999999995,-0.15420165250964635,0.000366986,0.005308412093354711,0.14444925182514876
2709,2708.9999999999995,-0.154579597736211,-9.9678e-05,0.0053084626072460225,0.144450626378156
2710,2709.9999999999995,-0.15495754296277542,-0.000394828,0.005308369159154919,0.14444808352605504
2711,2710.9999999999995,-0.15533548818934007,-0.000713283,0.005308159756523442,0.144442385390169
2712,2711.9999999999995,-0.1557134334159047,-0.001045851,0.005307827328374348,0.14443333955940496
2713,2712.9999999999995,-0.15609137864246936,-0.001192652,0.005307404312612597,0.14442182871412382
2714,2713.9999999999995,-0.15646932386903378,-0.001373408,0.005306919397548558,0.14440863350301975
2715,2714.9999999999995,-0.15684726909559865,-0.001589525,0.005306359484356567,0.14439339748888827
2716,2715.9999999999995,-0.15722521432216308,-0.001603742,0.005305756044346669,0.14437697704970262
2717,2716.9999999999995,-0.1576031595487275,-0.001632454,0.005305144491931455,0.14436033586072258
2718,2717.9999999999995,-0.15798110477529215,-0.001670704,0.005304520285532111,0.14434335033929283
2719,2718.9999999999995,-0.1583590500018568,-0.001484724,0.0053039239960569265,0.14432712447606916
2720,2719.9999999999995,-0.15873699522842144,-0.001329086,0.005303392263027946,0.14431265528323783
2721,2720.9999999999995,-0.15911494045498586,-0.001125183,0.005302928473401318,0.14430003492457077
2722,2721.9999999999995,-0.15949288568155073,-0.000915185,0.005302542899728301,0.144289542930428
2723,2722.9999999999995,-0.15987083090811516,-0.000675192,0.005302242362030507,0.14428136488305185
2724,2723.9999999999995,-0.16024877613467958,-0.00041989,0.005302035421523208,0.1442757337449778
2725,2724.9999999999995,-0.16062672136124445,-0.000137748,0.005301930043213082,0.144272866255079
2726,2725.9999999999995,-0.16100466658780888,8.9278e-05,0.005301920883710516,0.14427261701231686
2727,2726.9999999999995,-0.16138261181437352,0.00050677,0.005302033520458718,0.14427568201437768
2728,2727.9999999999995,-0.16176055704093817,0.000900383,0.0053022994338384165,0.14428291788606065
2729,2728.9999999999995,-0.16213850226750282,0.001278973,0.005302711272437009,0.14429412458523794
2730,2729.9999999999995,-0.16251644749406724,0.001886413,0.005303309443701476,0.1443104016545566
2731,2730.9999999999995,-0.1628943927206321,0.002408345,0.0053041210353441505,0.14433248618821945
2732,2731.9999999999995,-0.16327233794719653,0.003134412,0.005305168464619229,0.14436098819078896
2733,2732.9999999999995,-0.16365028317376096,0.003753229,0.00530647004013835,0.14439640586496807
2734,2733.9999999999995,-0.16402822840032583,0.004469154,0.005308023845341268,0.1444386870584957
2735,2734.9999999999995,-0.16440617362689025,0.005125123,0.005309836900938512,0.14448802281463777
2736,2735.9999999999995,-0.1647841188534549,0.005708155,0.005311884093792586,0.14454372977010999
2737,2736.9999999999995,-0.16516206408001932,0.006186279,0.00531413181606908,0.1446048934091494
2738,2737.9999999999995,-0.1655400093065842,0.006626753,0.00531655312821019,0.14467078066904324
2739,2738.9999999999995,-0.16591795453314861,0.006825037,0.005319095148119814,0.14473995255464903
2740,2739.9999999999995,-0.16629589975971326,0.006830285,0.005321675630003366,0.1448101710438831
2741,2740.9999999999995,-0.1666738449862779,0.006809273,0.005324253132922642,0.14488030847136968
2742,2741.9999999999995,-0.16705179021284255,0.006809897,0.0053268267830682775,0.14495034105954463
2743,2742.9999999999995,-0.16742973543940698,0.006665857,0.005329373331517607,0.14501963617299346
2744,2743.9999999999995,-0.16780768066597185,0.006704611,0.005331899983796374,0.1450883898840603
2745,2744.9999999999995,-0.16818562589253627,0.00674256,0.005334441130841499,0.14515753801781303
2746,2745.9999999999995,-0.1685635711191007,0.006841711,0.005337008186031903,0.1452273911481139
2747,2746.9999999999995,-0.16894151634566557,0.006997246,0.005339623369901294,0.14529855392648816
2748,2747.9999999999995,-0.16931946157223,0.007186123,0.005342303638206372,0.14537148774258052
2749,2748.9999999999995,-0.16969740679879464,0.007394581,0.0053450589919447474,0.14544646473739978
2750,2749.9999999999995,-0.17007535202535928,0.007547821,0.005347882696699402,0.14552330165812333
2751,2750.9999999999995,-0.17045329725192393,0.007548121,0.0053507354163091,0.1456009281132743
2752,2751.9999999999995,-0.17083124247848835,0.007537265,0.005353586141123892,0.14567850028729062
2753,2752.9999999999995,-0.17120918770505322,0.007197379,0.005356370585306356,0.14575426887342008
2754,2753.9999999999995,-0.17158713293161765,0.006754545,0.005359007116844953,0.14582601255146654
2755,2754.9999999999995,-0.17196507815818207,0.005957571,0.00536140935862582,0.14589138088042197
2756,2755.9999999999995,-0.17234302338474672,0.005119787,0.005363502675915344,0.14594834294572262
2757,2756.9999999999995,-0.17272096861131137,0.004118759,0.005365248508095892,0.1459958494595082
2758,2757.9999999999995,-0.173098913837876,0.003056786,0.005366604489586267,0.14603274759558518
2759,2758.9999999999995,-0.17347685906444044,0.00207631,0.005367574504151616,0.14605914303658715
2760,2759.9999999999995,-0.1738548042910053,0.001148687,0.005368183940262534,0.1460757266379936
2761,2760.9999999999995,-0.17423274951756973,0.000597742,0.005368513967514576,0.1460847071370206
2762,2761.9999999999995,-0.17461069474413415,0.000176176,0.0053686602168215025,0.1460886867833996
2763,2762.9999999999995,-0.17498863997069902,0.000197149,0.005368730765022356,0.14609060649774197
2764,2763.9999999999995,-0.17536658519726345,0.000391626,0.005368842027372741,0.14609363410053292
2765,2764.9999999999995,-0.1757445304238281,0.000963445,0.005369098098680794,0.14610060215580287
2766,2765.9999999999995,-0.17612247565039274,0.001766752,0.005369614031142659,0.14611464139329952
2767,2766.9999999999995,-0.1765004208769574,0.00272356,0.005370462577135752,0.14613773150606507
2768,2767.9999999999995,-0.1768783661035218,0.003741331,0.005371684264482607,0.14617097531233217
2769,2768.9999999999995,-0.17725631133008668,0.004748723,0.005373288652173894,0.14621463292548809
2770,2769.9999999999995,-0.1776342565566511,0.005789711,0.005375280127586778,0.14626882373214745
2771,2770.9999999999995,-0.17801220178321575,0.006658158,0.005377632433921503,0.14633283324839055
2772,2771.9999999999995,-0.1783901470097804,0.007319727,0.0053802738713781125,0.14640471042326697
2773,2772.9999999999995,-0.17876809223634504,0.007898669,0.005383149731440198,0.14648296656220577
2774,2773.9999999999995,-0.17914603746290947,0.0084371,0.005386236744398104,0.14656696846414974
2775,2774.9999999999995,-0.17952398268947434,0.00868044,0.005389471490664868,0.14665499039422242
2776,2775.9999999999995,-0.17990192791603876,0.008914937,0.0053927965350382455,0.14674546946095146
2777,2776.9999999999995,-0.1802798731426032,0.009134646,0.005396207411906411,0.1468382841488486
2778,2777.9999999999995,-0.18065781836916783,0.009162271,0.00539966502812691,0.146932370679315
2779,2778.9999999999995,-0.18103576359573248,0.009195698,0.005403134181503395,0.1470267711517891
2780,2779.9999999999995,-0.18141370882229713,0.009267333,0.0054066231887205775,0.1471217118747909
2781,2780.9999999999995,-0.18179165404886155,0.009137099,0.005410101122331594,0.14721635126961818
2782,2781.9999999999995,-0.18216959927542642,0.00901615,0.005413531589234688,0.14730969902952235
2783,2782.9999999999995,-0.18254754450199084,0.00888263,0.005416913968465853,0.14740173825721198
2784,2783.9999999999995,-0.18292548972855527,0.008521784,0.00542020292606208,0.14749123535270958
2785,2784.9999999999995,-0.18330343495512014,0.007957536,0.005423317066227595,0.14757597542357756
2786,2785.9999999999995,-0.18368138018168456,0.007107567,0.005426163958110872,0.14765344329821398
2787,2786.9999999999995,-0.1840593254082492,0.00617988,0.0054286749216943125,0.1477217700981326
2788,2787.9999999999995,-0.18443727063481385,0.004938628,0.005430776015206873,0.1477789437652418
2789,2788.9999999999995,-0.1848152158613785,0.003738518,0.005432415758162325,0.14782356344414677
2790,2789.9999999999995,-0.18519316108794293,0.002469033,0.005433588815296878,0.1478554839549237
2791,2790.9999999999995,-0.1855711063145078,0.00131606,0.005434304094212605,0.14787494768577314
2792,2791.9999999999995,-0.18594905154107222,0.000298213,0.005434609147599966,0.1478832486113223
2793,2792.9999999999995,-0.18632699676763687,-0.000304314,0.005434607994678053,0.14788321723871878
2794,2793.9999999999995,-0.1867049419942015,-0.000702296,0.005434417772955797,0.14787804104196212
2795,2794.9999999999995,-0.18708288722076616,-0.000835153,0.005434127237200478,0.14787013516130587
2796,2795.9999999999995,-0.18746083244733058,-0.000746548,0.005433828339029077,0.14786200172771566
2797,2796.9999999999995,-0.187838777673895,-0.000517595,0.005433589450622805,0.14785550124302288
2798,2797.9999999999995,-0.18821672290045988,-0.000178013,0.005433457999761224,0.14785192428285604
2799,2798.9999999999995,-0.1885946681270243,0.000160238,0.005433454640773023,0.1478518328801307
2800,2799.9999999999995,-0.18897261335358895,0.00047132,0.005433573987938723,0.14785508048195392
2801,2800.9999999999995,-0.1893505585801536,0.000634705,0.005433782996373328,0.14786076789119665
2802,2801.9999999999995,-0.18972850380671824,0.000775841,0.005434049550937103,0.14786802121038714
2803,2802.9999999999995,-0.19010644903328267,0.000906884,0.005434367539877788,0.14787667413027408
2804,2803.9999999999995,-0.19048439425984753,0.000821963,0.005434694244613344,0.1478855642190217
2805,2804.9999999999995,-0.19086233948641196,0.000634231,0.00543496942539897,0.14789305226966684
2806,2805.9999999999995,-0.19124028471297638,0.000449341,0.00543517419083149,0.14789862422094094
2807,2806.9999999999995,-0.19161822993954125,0.000292103,0.005435314303441772,0.14790243687929727
2808,2807.9999999999995,-0.19199617516610568,0.000137861,0.005435395554862469,0.1479046478430889
2809,2808.9999999999995,-0.19237412039267032,0.000101806,0.005435440845361777,0.14790588026035884
2810,2809.9999999999995,-0.19275206561923497,0.000228643,0.005435503291172863,0.14790757949744374
2811,2810.9999999999995,-0.19313001084579962,0.000380227,0.005435618350927912,0.14791071043287976
2812,2811.9999999999995,-0.19350795607236404,0.000746275,0.00543583122895472,0.14791650313909052
2813,2812.9999999999995,-0.1938859012989289,0.001260571,0.005436210467887795,0.1479268227561779
2814,2813.9999999999995,-0.19426384652549333,0.001913965,0.005436810368251673,0.14794314687668852
2815,2814.9999999999995,-0.19464179175205776,0.002705563,0.005437683332529964,0.14796690144484406
2816,2815.9999999999995,-0.1950197369786224,0.003446645,0.005438845931353181,0.14799853737047172
2817,2816.9999999999995,-0.19539768220518705,0.00424496,0.005440299434050366,0.14803808919377442
2818,2817.9999999999995,-0.1957756274317517,0.004963666,0.005442039612170325,0.14808544185273345
2819,2818.9999999999995,-0.19615357265831612,0.00558502,0.00544403302493044,0.1481396853772966
2820,2819.9999999999995,-0.196531517884881,0.006055906,0.005446232841137685,0.14819954542578215
2821,2820.9999999999995,-0.19690946311144542,0.006403624,0.0054485873510820544,0.1482636149052984
2822,2821.9999999999995,-0.19728740833801006,0.006612612,0.005451047063214073,0.14833054708217672
2823,2822.9999999999995,-0.1976653535645747,0.006742049,0.005453570728402742,0.14839921951038113
2824,2823.9999999999995,-0.19804329879113935,0.006715998,0.005456113930714008,0.14846842357077467
2825,2824.9999999999995,-0.19842124401770378,0.00680458,0.005458668949671755,0.14853794917849975
2826,2825.9999999999995,-0.19879918924426865,0.006725443,0.005461225753475835,0.14860752335436778
2827,2826.9999999999995,-0.19917713447083307,0.006777367,0.005463777414768189,0.14867695759536295
2828,2827.9999999999995,-0.1995550796973975,0.006620214,0.005466309190661421,0.14874585072708196
2829,2828.9999999999995,-0.19993302492396237,0.006504991,0.005468789494950136,0.1488133432450898
2830,2829.9999999999995,-0.2003109701505268,0.006351569,0.005471219032691157,0.14887945433495992
2831,2830.9999999999995,-0.20068891537709144,0.005968596,0.005473547206467276,0.14894280717082967
2832,2831.9999999999995,-0.20106686060365608,0.005561384,0.005475726056918969,0.14900209671204293
2833,2832.9999999999995,-0.20144480583022073,0.004942244,0.005477710954951074,0.14905610853905343
2834,2833.9999999999995,-0.20182275105678515,0.004065561,0.005479413183401861,0.1491024285349067
2835,2834.9999999999995,-0.20220069628335002,0.003121757,0.0054807713896668124,0.14913938721018402
2836,2835.9999999999995,-0.20257864150991445,0.002082582,0.0054817548672080494,0.1491661489974229
2837,2836.9999999999995,-0.20295658673647887,0.000812775,0.005482302010386725,0.14918103752178968
2838,2837.9999999999995,-0.20333453196304352,-0.000315857,0.005482395914279772,0.1491835927768934
2839,2838.9999999999995,-0.20371247718960817,-0.001426835,0.005482066593218386,0.14917463149429308
2840,2839.9999999999995,-0.2040904224161728,-0.002443431,0.005481335218938268,0.1491547297862664
2841,2840.9999999999995,-0.20446836764273724,-0.003252629,0.005480258819594655,0.14912543946797244
2842,2841.9999999999995,-0.2048463128693021,-0.003828714,0.005478920639702397,0.14908902573805757
2843,2842.9999999999995,-0.20522425809586653,-0.004239684,0.005477395933447335,0.1490475363672394
2844,2843.9999999999995,-0.20560220332243118,-0.004380911,0.005475766877082137,0.14900320748526952
2845,2844.9999999999995,-0.20598014854899582,-0.004229404,0.0054741397633554035,0.1489589314651852
2846,2845.9999999999995,-0.20635809377556047,-0.00406314,0.005472572699644965,0.14891628948928842
2847,2846.9999999999995,-0.2067360390021249,-0.003590305,0.005471126408142703,0.14887693389259607
2848,2847.9999999999995,-0.20711398422868976,-0.003129516,0.005469856546007544,0.1488423791835571
2849,2848.9999999999995,-0.2074919294552542,-0.002523262,0.00546878832577658,0.14881331143025656
2850,2849.9999999999995,-0.2078698746818186,-0.001720287,0.005467986411232458,0.14879149022386018
2851,2850.9999999999995,-0.20824781990838348,-0.000886327,0.0054674938325730595,0.14877808647570276
2852,2851.9999999999995,-0.2086257651349479,-6.2912e-05,0.0054673144523986,0.1487732052924907
2853,2852.9999999999995,-0.20900371036151255,0.000923768,0.00546747713060658,0.14877763199204183
2854,2853.9999999999995,-0.2093816555880772,0.001841371,0.005467999666149499,0.14879185090852745
2855,2854.9999999999995,-0.20975960081464184,0.002617544,0.005468842278969452,0.14881477957142702
2856,2855.9999999999995,-0.21013754604120627,0.003389404,0.005469977427630863,0.14884566854009929
2857,2856.9999999999995,-0.2105154912677707,0.004108391,0.005471394305545868,0.1488842237523079
2858,2857.9999999999995,-0.21089343649433556,0.004518265,0.005473024507274076,0.14892858380119303
2859,2858.9999999999995,-0.2112713817209,0.004838737,0.005474792724394504,0.14897669944022376
2860,2859.9999999999995,-0.21164932694746463,0.00499667,0.005476651346957988,0.14902727513668426
2861,2860.9999999999995,-0.21202727217402928,0.005106346,0.005478560540293541,0.14907922693395625
2862,2861.9999999999995,-0.21240521740059393,0.005037677,0.005480477482829047,0.14913138959770125
2863,2862.9999999999995,-0.21278316262715835,0.004937256,0.005482362471985373,0.14918268276570354
2864,2863.9999999999995,-0.21316110785372322,0.004775427,0.005484197903073865,0.14923262738998042
2865,2864.9999999999995,-0.21353905308028764,0.004839351,0.005486014832798655,0.14928206856650347
2866,2865.9999999999995,-0.21391699830685207,0.004880058,0.005487851534916944,0.14933204777726306
2867,2866.9999999999995,-0.21429494353341694,0.005223731,0.005489760874328327,0.1493840035494609
2868,2867.9999999999995,-0.21467288875998136,0.005669771,0.005491819447869063,0.14944002018919364
2869,2868.9999999999995,-0.215050833986546,0.006259823,0.00549407381442264,0.14950136462822305
2870,2869.9999999999995,-0.21542877921311065,0.006959373,0.005496571880436251,0.1495693404673874
2871,2870.9999999999995,-0.2158067244396753,0.007610136,0.005499325118626221,0.14964425989520186
2872,2871.9999999999995,-0.21618466966623973,0.008255716,0.005502323330140611,0.14972584538676711
2873,2872.9999999999995,-0.2165626148928046,0.008814239,0.005505549084145572,0.14981362262493064
2874,2873.9999999999995,-0.21694056011936902,0.008952072,0.005508906430363628,0.14990498066963165
2875,2874.9999999999995,-0.21731850534593367,0.00883975,0.005512268597462021,0.14999646989716958
2876,2875.9999999999995,-0.2176964505724981,0.008448427,0.005515535589448598,0.1500853692779789
2877,2876.9999999999995,-0.21807439579906296,0.00763042,0.005518574051184754,0.1501680500338751
2878,2877.9999999999995,-0.21845234102562738,0.006654926,0.005521273590350016,0.15024150823678722
2879,2878.9999999999995,-0.2188302862521918,0.005550576,0.005523580095959379,0.1503042714518021
2880,2879.9999999999995,-0.21920823147875668,0.004407265,0.0055254618551957985,0.1503554767292063
2881,2880.9999999999995,-0.2195861767053211,0.003418689,0.005526940746174606,0.15039571940284632
2882,2881.9999999999995,-0.21996412193188575,0.002449401,0.005528049654476882,0.15042589433497092
2883,2882.9999999999995,-0.2203420671584504,0.001609865,0.00552881674458091,0.1504467679200771
2884,2883.9999999999995,-0.22072001238501504,0.001087592,0.0055293264900794165,0.15046063880172414
2885,2884.9999999999995,-0.22109795761157947,0.000732344,0.005529670408141343,0.1504699972889442
2886,2885.9999999999995,-0.22147590283814433,0.000467057,0.005529897062082687,0.15047616485688628
2887,2886.9999999999995,-0.22185384806470876,0.000496386,0.005530079126424146,0.15048111908000333
2888,2887.9999999999995,-0.22223179329127318,0.000736319,0.005530312073909402,0.15048745790399967
2889,2888.9999999999995,-0.22260973851783805,0.00099404,0.005530639064371548,0.15049635576776388
2890,2889.9999999999995,-0.22298768374440248,0.001477165,0.005531106054438355,0.1505090632148448
2891,2890.9999999999995,-0.22336562897096712,0.001977702,0.0055317589296838875,0.15052682885532143
2892,2891.9999999999995,-0.22374357419753177,0.002483574,0.005532601988668181,0.15054976965897118
2893,2892.9999999999995,-0.22412151942409642,0.002980424,0.00553363453464921,0.1505778666664777
2894,2893.9999999999995,-0.22449946465066084,0.003432908,0.005534846478757097,0.15061084534570598
2895,2894.9999999999995,-0.22487740987722526,0.003783247,0.005536210134425297,0.1506479523067999
2896,2895.9999999999995,-0.22525535510379013,0.003953915,0.005537672246147826,0.1506877383936164
2897,2896.9999999999995,-0.22563330033035456,0.004146534,0.005539203009164116,0.15072939257730375
2898,2897.9999999999995,-0.2260112455569192,0.004165449,0.005540773746313184,0.15077213451255797
2899,2898.9999999999995,-0.22638919078348407,0.003990876,0.0055423150683632134,0.1508140760221908
2900,2899.9999999999995,-0.2267671360100485,0.003934792,0.005543812802557182,0.15085483144583667
2901,2900.9999999999995,-0.22714508123661292,0.00371232,0.005545257897295884,0.15089415447693355
2902,2901.9999999999995,-0.2275230264631778,0.003700741,0.005546658762805475,0.1509322739693937
2903,2902.9999999999995,-0.22790097168974222,0.003705715,0.005548058380150956,0.15097035949757817
2904,2903.9999999999995,-0.22827891691630686,0.003759301,0.00554946906373267,0.15100874615339108
2905,2904.9999999999995,-0.2286568621428715,0.004039143,0.0055509427560748855,0.15104884736492286
2906,2905.9999999999995,-0.22903480736943616,0.004561068,0.005552567960422335,0.15109307142814996
2907,2906.9999999999995,-0.22941275259600058,0.005151124,0.005554403298725274,0.1511430135276033
2908,2907.9999999999995,-0.22979069782256545,0.0058383,0.005556479998897021,0.1511995234180938
2909,2908.9999999999995,-0.23016864304912987,0.006586337,0.005558827915019995,0.15126341347058925
2910,2909.9999999999995,-0.2305465882756943,0.007291148,0.005561450379626231,0.15133477436790596
2911,2910.9999999999995,-0.23092453350225917,0.007773327,0.005564297152834707,0.15141223901323653
2912,2911.9999999999995,-0.2313024787288236,0.008162727,0.005567308630604495,0.15149418549800142
2913,2912.9999999999995,-0.23168042395538824,0.008078578,0.005570377792453459,0.15157770164652506
2914,2913.9999999999995,-0.23205836918195288,0.007808172,0.005573379953117521,0.15165939459992736
2915,2914.9999999999995,-0.23243631440851753,0.007046949,0.005576187164153516,0.1517357827037018
2916,2915.9999999999995,-0.23281425963508195,0.006083802,0.005578668516484345,0.1518033037403884
2917,2916.9999999999995,-0.23319220486164638,0.005033096,0.005580769305750998,0.1518604691285447
2918,2917.9999999999995,-0.23357015008821125,0.003845218,0.0055824470639491185,0.15190612325490113
2919,2918.9999999999995,-0.23394809531477567,0.00270706,0.005583685265045731,0.15193981642319124
2920,2919.9999999999995,-0.23432604054134032,0.001719146,0.005584521696760477,0.1519625768896496
2921,2920.9999999999995,-0.23470398576790497,0.000833697,0.005585004114173486,0.15197570413620679
2922,2921.9999999999995,-0.2350819309944696,0.000233771,0.005585205836391041,0.15198119327738308
2923,2922.9999999999995,-0.23545987622103404,-0.000188035,0.005585214479242482,0.1519814284613519
2924,2923.9999999999995,-0.2358378214475989,-0.000384185,0.00558510634533371,0.151978485987794
2925,2924.9999999999995,-0.23621576667416333,-0.000634243,0.00558491389033311,0.1519732490204377
2926,2925.9999999999995,-0.23659371190072798,-0.000767508,0.005584648997783469,0.15196604092695576
2927,2926.9999999999995,-0.23697165712729262,-0.000933914,0.005584327475621833,0.15195729186322882
2928,2927.9999999999995,-0.23734960235385727,-0.001083293,0.005583946278743511,0.15194691896773704
2929,2928.9999999999995,-0.2377275475804217,-0.001390037,0.005583478887109901,0.15193420059346674
2930,2929.9999999999995,-0.23810549280698656,-0.001837606,0.005582868950977449,0.1519176033857812
2931,2930.9999999999995,-0.238483438033551,-0.002215001,0.005582103119242053,0.1518967640426299
2932,2931.9999999999995,-0.2388613832601154,-0.00252337,0.0055812076968914815,0.15187239835919522
2933,2932.9999999999995,-0.23923932848668028,-0.002615434,0.005580236603670456,0.15184597356647703
2934,2933.9999999999995,-0.2396172737132447,-0.002557369,0.005579259085569552,0.15181937394387088
2935,2934.9999999999995,-0.23999521893980935,-0.002243898,0.0055783517775974956,0.1517946848361992
2936,2935.9999999999995,-0.24037316416637378,-0.001661113,0.005577613837463929,0.15177460446219831
2937,2936.9999999999995,-0.24075110939293864,-0.000903604,0.0055771291761901095,0.15176141615707792
2938,2937.9999999999995,-0.24112905461950307,0.000195717,0.005576995404933811,0.15175777605575416
2939,2938.9999999999995,-0.2415069998460675,0.001259821,0.0055772704617534025,0.15176526073311167
2940,2939.9999999999995,-0.24188494507263236,0.002433388,0.00557796837710953,0.15178425197743428
2941,2940.9999999999995,-0.2422628902991968,0.00364306,0.005579116659367564,0.15181549832947705
2942,2941.9999999999995,-0.24264083552576143,0.004675427,0.005580688625594509,0.15185827370964408
2943,2942.9999999999995,-0.24301878075232608,0.005558793,0.005582622612892814,0.1519109001850131
2944,2943.9999999999995,-0.24339672597889073,0.006185485,0.005584841959797588,0.15197129169085274
2945,2944.9999999999995,-0.24377467120545515,0.006710089,0.005587278870116143,0.15203760339877778
2946,2945.9999999999995,-0.24415261643202002,0.007045181,0.005589878239434447,0.1521083358412941
2947,2946.9999999999995,-0.24453056165858444,0.007247683,0.005592579199295815,0.15218183270331673
2948,2947.9999999999995,-0.24490850688514887,0.00719417,0.005595308313997864,0.15225609569758378
2949,2948.9999999999995,-0.24528645211171374,0.006876782,0.0055979673385686745,0.15232845144221768
2950,2949.9999999999995,-0.24566439733827816,0.006483691,0.005600492102066172,0.15239715375692783
2951,2950.9999999999995,-0.2460423425648428,0.005964318,0.005602844434857064,0.1524611639930799
2952,2951.9999999999995,-0.24642028779140746,0.005375938,0.005604987432668674,0.15251947793425594
2953,2952.9999999999995,-0.2467982330179721,0.004843143,0.0056069185591105875,0.1525720265617567
2954,2953.9999999999995,-0.24717617824453653,0.004156935,0.005608619327369992,0.15261830682377825
2955,2954.9999999999995,-0.24755412347110117,0.003750432,0.005610113603176164,0.15265896813989804
2956,2955.9999999999995,-0.24793206869766582,0.003370484,0.005611459261281648,0.1526955853623614
2957,2956.9999999999995,-0.24831001392423047,0.003096383,0.005612681322038388,0.15272883932962913
2958,2957.9999999999995,-0.2486879591507949,0.003105359,0.005613853281431031,0.15276072996932694
2959,2958.9999999999995,-0.24906590437735976,0.00331064,0.005615065729528877,0.15279372236282066
2960,2959.9999999999995,-0.24944384960392418,0.003776742,0.005616405050626747,0.1528301671465222
2961,2960.9999999999995,-0.2498217948304886,0.004228211,0.005617917767514359,0.15287133027003186
2962,2961.9999999999995,-0.2501997400570535,0.004815071,0.005619626700146548,0.15291783269595471
2963,2962.9999999999995,-0.2505776852836179,0.005381976,0.005621553662765901,0.1529702680200715
2964,2963.9999999999995,-0.25095563051018255,0.005866285,0.005623679276041952,0.15302810890393573
2965,2964.9999999999995,-0.2513335757367472,0.006160472,0.005625952003741553,0.15308995297520153
2966,2965.9999999999995,-0.25171152096331184,0.006329297,0.0056283122280287754,0.1531541779499083
2967,2966.9999999999995,-0.25208946618987627,0.006166303,0.005630673554215306,0.15321843290882273
2968,2967.9999999999995,-0.25246741141644113,0.005703068,0.005632916540271193,0.15327946766873385
2969,2968.9999999999995,-0.25284535664300556,0.005231891,0.005634982948049558,0.15333569748893267
2970,2969.9999999999995,-0.25322330186957,0.004571814,0.005636835579803257,0.15338611016715414
2971,2970.9999999999995,-0.25360124709613485,0.003854142,0.005638427854727979,0.15342943817514054
2972,2971.9999999999995,-0.2539791923226993,0.003116949,0.005639745200011678,0.1534652849664746
2973,2972.9999999999995,-0.2543571375492639,0.002499278,0.005640806513104655,0.15349416476697553
2974,2973.9999999999995,-0.25473508277582857,0.002136363,0.005641682522298664,0.15351800219150874
2975,2974.9999999999995,-0.2551130280023932,0.001799745,0.005642426338913585,0.15353824247271355
2976,2975.9999999999995,-0.25549097322895764,0.001657122,0.005643079592104344,0.15355601839760372
2977,2976.9999999999995,-0.2558689184555223,0.001525821,0.005643681081160983,0.15357238574864665
2978,2977.9999999999995,-0.25624686368208693,0.001631882,0.005644277800548862,0.1535886233103907
2979,2978.9999999999995,-0.2566248089086516,0.00187973,0.0056449413990453355,0.1536066807453905
2980,2979.9999999999995,-0.257002754135216,0.002103004,0.005645694026697324,0.15362716078712815
2981,2980.9999999999995,-0.2573806993617809,0.002538226,0.005646571092059268,0.153651026951455
2982,2981.9999999999995,-0.2577586445883453,0.002927496,0.005647603963829083,0.153679132824126
2983,2982.9999999999995,-0.2581365898149097,0.003489518,0.005648816603734131,0.15371213043695958
2984,2983.9999999999995,-0.2585145350414746,0.00427098,0.005650283125321564,0.15375203652231328
2985,2984.9999999999995,-0.258892480268039,0.00498395,0.005652032053629409,0.1537996272860146
2986,2985.9999999999995,-0.25927042549460366,0.005966575,0.005654101402955472,0.15385593714980397
2987,2986.9999999999995,-0.2596483707211683,0.006917095,0.005656536063744039,0.15392218764489962
2988,2987.9999999999995,-0.26002631594773296,0.007809941,0.005659319070222862,0.15399791710911997
2989,2988.9999999999995,-0.2604042611742974,0.008736328,0.005662445861915864,0.15408300144558898
2990,2989.9999999999995,-0.26078220640086225,0.009696596,0.005665929179734578,0.15417778735217155
2991,2990.9999999999995,-0.2611601516274267,0.010375801,0.005669722313050508,0.15428100376791384
2992,2991.9999999999995,-0.2615380968539911,0.011092165,0.005673779170687383,0.15439139648801584
2993,2992.9999999999995,-0.26191604208055597,0.011448859,0.005678038806898722,0.15450730709423
2994,2993.9999999999995,-0.2622939873071204,0.011689509,0.00568241132476677,0.15462628936680492
2995,2994.9999999999995,-0.26267193253368504,0.011698266,0.005686830973727379,0.15474655414174374
2996,2995.9999999999995,-0.26304987776024946,0.011516804,0.00569121798617281,0.15486593083186231
2997,2996.9999999999995,-0.26342782298681433,0.011231266,0.005695516748407839,0.15498290611141935
2998,2997.9999999999995,-0.26380576821337876,0.010755993,0.005699671738199984,0.15509596914350154
2999,2998.9999999999995,-0.2641837134399432,0.010138917,0.005703620303946982,0.15520341509116078
3000,2999.9999999999995,-0.26456165866650805,0.009534804,0.005707338098417339,0.15530458143247686
3001,3000.9999999999995,-0.2649396038930725,0.008913807,0.005710824380649437,0.15539944800485703
3002,3001.9999999999995,-0.2653175491196371,0.008324537,0.005714081955563776,0.15548809113407633
3003,3002.9999999999995,-0.26569549434620177,0.007546026,0.005717081057328147,0.15556970085057767
3004,3003.9999999999995,-0.2660734395727664,0.006864798,0.0057198043083989784,0.15564380428731087
3005,3004.9999999999995,-0.26645138479933084,0.00597606,0.005722230878892025,0.15570983463425028
3006,3005.9999999999995,-0.2668293300258957,0.005184514,0.0057243399217265355,0.15576722461342946
3007,3006.9999999999995,-0.26720727525246013,0.00418678,0.005726110839643552,0.15581541374487934
3008,3007.9999999999995,-0.2675852204790248,0.003240966,0.005727514480215969,0.1558536087506459
3009,3008.9999999999995,-0.2679631657055894,0.002402132,0.005728580871192037,0.15588262672738495
3010,3009.9999999999995,-0.26834111093215407,0.001586672,0.005729334645907788,0.1559031379823177
3011,3010.9999999999995,-0.2687190561587185,0.00086478,0.0057297979031985646,0.15591574385538828
3012,3011.9999999999995,-0.26909700138528336,0.000454009,0.0057300471182022625,0.15592252534111223
3013,3012.9999999999995,-0.2694749466118478,0.000378779,0.005730204492326933,0.15592680770920375
3014,3013.9999999999995,-0.2698528918384122,0.00050358,0.005730371234013016,0.15593134498162706
3015,3014.9999999999995,-0.27023083706497686,0.000778629,0.00573061353639852,0.15593793836542733
3016,3015.9999999999995,-0.2706087822915415,0.00138931,0.005731023217496787,0.15594908635602997
3017,3016.9999999999995,-0.27098672751810615,0.002255524,0.005731711991302747,0.15596782884610005
3018,3017.9999999999995,-0.2713646727446706,0.003206952,0.005732744249667459,0.1559959180271679
3019,3018.9999999999995,-0.27174261797123545,0.004197851,0.005734143554641209,0.15603399505528454
3020,3019.9999999999995,-0.27212056319779987,0.005101113,0.0057359008041691075,0.15608181225091874
3021,3020.9999999999995,-0.2724985084243643,0.005921994,0.005737983869505388,0.15613849534635993
3022,3021.9999999999995,-0.27287645365092916,0.006606244,0.005740351363380071,0.15620291813661893
3023,3022.9999999999995,-0.2732543988774936,0.007004471,0.005742923415762262,0.15627290724743564
3024,3023.9999999999995,-0.27363234410405823,0.007218424,0.005745611153398851,0.15634604431439275
3025,3024.9999999999995,-0.2740102893306229,0.007108794,0.005748318605225376,0.15641971783178674
3026,3025.9999999999995,-0.2743882345571875,0.00690528,0.005750966881411888,0.15649178109798392
3027,3026.9999999999995,-0.27476617978375195,0.006393264,0.005753479942024417,0.15656016496097105
3028,3027.9999999999995,-0.2751441250103168,0.005690765,0.005755763492563526,0.15662230353670298
3029,3028.9999999999995,-0.27552207023688124,0.004944927,0.005757773347074831,0.15667699446410835
3030,3029.9999999999995,-0.27590001546344567,0.004199809,0.0057595014517345285,0.15672401858747687
3031,3030.9999999999995,-0.27627796069001054,0.003563952,0.005760968589939598,0.15676394145185124
3032,3031.9999999999995,-0.2766559059165752,0.002899056,0.005762189921451022,0.156797175575343
3033,3032.9999999999995,-0.2770338511431396,0.002241569,0.005763161358791177,0.15682360973201973
3034,3033.9999999999995,-0.2774117963697045,0.00175899,0.005763917354879996,0.15684418143359305
3035,3034.9999999999995,-0.2777897415962689,0.001379031,0.005764510354908901,0.15686031778642348
3036,3035.9999999999995,-0.2781676868228333,0.001223914,0.005765002240227781,0.15687370266782424
3037,3036.9999999999995,-0.278545632049398,0.001080253,0.00576543766468721,0.15688555117097072
3038,3037.9999999999995,-0.2789235772759626,0.00124308,0.0057658767109957446,0.15689749822965213
3039,3038.9999999999995,-0.27930152250252727,0.001404939,0.005766377114066195,0.15691111489088083
3040,3039.9999999999995,-0.2796794677290917,0.001760784,0.005766975349014433,0.1569273936931232
3041,3040.9999999999995,-0.28005741295565656,0.002264422,0.005767736002711253,0.1569480921346668
3042,3041.9999999999995,-0.280435358182221,0.002630869,0.0057686610786443,0.1569732647331878
3043,3042.9999999999995,-0.2808133034087854,0.003038719,0.005769732475504894,0.15700241892698416
3044,3043.9999999999995,-0.2811912486353503,0.003456417,0.005770959878328438,0.15703581825929502
3045,3044.9999999999995,-0.2815691938619147,0.003617748,0.005772296701775278,0.1570721950784497
3046,3045.9999999999995,-0.28194713908847935,0.003797226,0.005773697928789479,0.15711032440795142
3047,3046.9999999999995,-0.282325084315044,0.003672405,0.005775109484479803,0.15714873479504857
3048,3047.9999999999995,-0.28270302954160864,0.003587251,0.005776481360645654,0.1571860654472792
3049,3048.9999999999995,-0.28308097476817307,0.003291488,0.005777781253930571,0.15722143734553365
3050,3049.9999999999995,-0.28345891999473793,0.002948831,0.005778960503319716,0.157253526356142
3051,3050.9999999999995,-0.28383686522130236,0.002467689,0.005779984077259012,0.1572813792219555
3052,3051.9999999999995,-0.2842148104478668,0.002181736,0.005780862691251522,0.15730528752666684
3053,3052.9999999999995,-0.28459275567443165,0.001841561,0.005781622984199622,0.15732597615173768
3054,3053.9999999999995,-0.2849707009009961,0.001571161,0.005782267895194368,0.15734352507391
3055,3054.9999999999995,-0.2853486461275607,0.001264804,0.005782803814911595,0.1573581081923323
3056,3055.9999999999995,-0.28572659135412515,0.001204592,0.005783270463126944,0.15737080633716116
3057,3056.9999999999995,-0.28610453658069,0.001109804,0.005783707820587234,0.1573827074399407
3058,3057.9999999999995,-0.28648248180725444,0.001073243,0.005784120356683743,0.15739393311900318
3059,3058.9999999999995,-0.2868604270338191,0.000990075,0.005784510267278235,0.15740454312679134
3060,3059.9999999999995,-0.28723837226038373,0.000999242,0.005784886193710372,0.1574147726061363
3061,3060.9999999999995,-0.2876163174869484,0.000997511,0.005785263525342861,0.15742504032293078
3062,3061.9999999999995,-0.2879942627135128,0.000970784,0.005785635479192721,0.157435161702805
3063,3062.9999999999995,-0.2883722079400777,0.00095254,0.00578599893475519,0.15744505183249857
3064,3063.9999999999995,-0.2887501531666421,0.000957614,0.005786359901548341,0.157454874239329
3065,3064.9999999999995,-0.2891280983932065,0.001120548,0.005786752617252305,0.15746556057803443
3066,3065.9999999999995,-0.2895060436197714,0.001356067,0.005787220629660949,0.15747829584445397
3067,3066.9999999999995,-0.2898839888463358,0.001684294,0.005787795174624441,0.15749393000937123
3068,3067.9999999999995,-0.29026193407290046,0.002378204,0.005788562875487955,0.1575148202140897
3069,3068.9999999999995,-0.2906398792994651,0.003106484,0.005789599331312354,0.1575430236138543
3070,3069.9999999999995,-0.29101782452602976,0.004084514,0.005790958232996521,0.1575800012124525
3071,3070.9999999999995,-0.2913957697525942,0.005244821,0.005792721221811657,0.15762797458204852
3072,3071.9999999999995,-0.29177371497915905,0.006293913,0.005794901726529606,0.15768730913813983
3073,3072.9999999999995,-0.2921516602057235,0.007345874,0.0057974792727236105,0.15775744774319175
3074,3073.9999999999995,-0.2925296054322879,0.008222705,0.005800421307782333,0.1578375045955239
3075,3074.9999999999995,-0.29290755065885254,0.008821553,0.005803642205758051,0.15792514969440008
3076,3075.9999999999995,-0.2932854958854172,0.00930152,0.005807066970223567,0.15801834228307277
3077,3076.9999999999995,-0.29366344111198184,0.009407327,0.005810602429932655,0.1581145470427739
3078,3077.9999999999995,-0.29404138633854626,0.009342829,0.005814145695911426,0.1582109642218945
3079,3078.9999999999995,-0.29441933156511113,0.008980006,0.0058176082099241164,0.15830518402807597
3080,3079.9999999999995,-0.29479727679167556,0.008446663,0.005820901373105852,0.15839479556338523
3081,3080.9999999999995,-0.29517522201824,0.007917091,0.0058239936744623405,0.15847894136998564
3082,3081.9999999999995,-0.29555316724480485,0.00721897,0.005826853975464311,0.15855677412533004
3083,3082.9999999999995,-0.2959311124713693,0.006606293,0.005829466571542736,0.15862786648632482
3084,3083.9999999999995,-0.2963090576979339,0.006042871,0.005831856917119653,0.15869291110307968
3085,3084.9999999999995,-0.29668700292449857,0.005561879,0.005834049897053641,0.15875258512709314
3086,3085.9999999999995,-0.2970649481510632,0.00514124,0.005836072493421342,0.1588076227780744
3087,3086.9999999999995,-0.29744289337762764,0.00478664,0.005837948590849296,0.15885867398982154
3088,3087.9999999999995,-0.2978208386041925,0.004460464,0.0058396960402574685,0.15890622451061265
3089,3088.9999999999995,-0.29819878383075693,0.00424654,0.005841341425557208,0.15895099772552734
3090,3089.9999999999995,-0.2985767290573216,0.003909073,0.005842882613058737,0.15899293557390895
3091,3090.9999999999995,-0.2989546742838862,0.003760364,0.005844331926611031,0.15903237340477197
3092,3091.9999999999995,-0.29933261951045087,0.003566382,0.005845716480949507,0.15907004904765476
3093,3092.9999999999995,-0.2997105647370153,0.003379812,0.005847029121382053,0.1591057678134669
3094,3093.9999999999995,-0.30008850996358016,0.003168847,0.005848266638586778,0.1591394423721107
3095,3094.9999999999995,-0.3004664551901446,0.002826823,0.0058493996560150556,0.159170273346975
3096,3095.9999999999995,-0.300844400416709,0.00248829,0.005850404066808556,0.1591976047570266
3097,3096.9999999999995,-0.30122234564327366,0.00208001,0.0058512673503978135,0.15922109590021372
3098,3097.9999999999995,-0.3016002908698383,0.00170248,0.0058519821374178275,0.15924054624589892
3099,3098.9999999999995,-0.30197823609640295,0.001212166,0.00585253292568924,0.1592555339582921
3100,3099.9999999999995,-0.3023561813229674,0.000631861,0.005852881396290394,0.15926501632641546
3101,3100.9999999999995,-0.30273412654953225,0.000178131,0.005853034462595372,0.15926918147276145
3102,3101.9999999999995,-0.30311207177609667,-0.000418903,0.005852988963281326,0.15926794337335304
3103,3102.9999999999995,-0.3034900170026611,-0.000839116,0.005852751232143337,0.15926147437953453
3104,3103.9999999999995,-0.30386796222922596,-0.001249824,0.005852356479692547,0.15925073261812453
3105,3104.9999999999995,-0.3042459074557904,-0.001581479,0.0058518214409656434,0.1592361734726702
3106,3105.9999999999995,-0.30462385268235503,-0.001735409,0.005851194639972319,0.15921911734874145
3107,3106.9999999999995,-0.3050017979089197,-0.001823742,0.005850522057906782,0.15920081545837403
3108,3107.9999999999995,-0.3053797431354843,-0.001650794,0.0058498654657589185,0.1591829486758324
3109,3108.9999999999995,-0.30575768836204875,-0.001244224,0.005849318386641959,0.15916806189467372
3110,3109.9999999999995,-0.3061356335886136,-0.000748679,0.005848941782554031,0.1591578139753753
3111,3110.9999999999995,-0.30651357881517804,-0.000110892,0.005848779347175859,0.15915339388355984
3112,3111.9999999999995,-0.3068915240417427,0.000588446,0.005848869591803223,0.15915584956497167
3113,3112.9999999999995,-0.30726946926830734,0.001384748,0.005849242471429916,0.15916599613651686
3114,3113.9999999999995,-0.307647414494872,0.002207637,0.0058499213338112825,0.1591844689229841
3115,3114.9999999999995,-0.3080253597214364,0.00298906,0.005850903367223809,0.1592111914134788
3116,3115.9999999999995,-0.30840330494800083,0.003769538,0.005852180557149993,0.15924594552186971
3117,3116.9999999999995,-0.3087812501745657,0.004354508,0.0058537157793530385,0.1592877210462102
3118,3117.9999999999995,-0.3091591954011301,0.004950371,0.0058554741466539445,0.15933556865799747
3119,3118.9999999999995,-0.3095371406276948,0.005457204,0.005857440893299626,0.15938908656062112
3120,3119.9999999999995,-0.3099150858542594,0.006024148,0.00585961055439108,0.15944812604660355
3121,3120.9999999999995,-0.31029303108082407,0.006443434,0.005861966585942932,0.15951223693116873
3122,3121.9999999999995,-0.3106709763073885,0.006871468,0.0058644827377694695,0.15958070491037418
3123,3122.9999999999995,-0.31104892153395336,0.007279476,0.005867156878637561,0.15965347199041202
3124,3123.9999999999995,-0.3114268667605178,0.007667177,0.0058699813867147945,0.15973033077065651
3125,3124.9999999999995,-0.3118048119870822,0.008210407,0.005872981815255884,0.1598119765905916
3126,3125.9999999999995,-0.3121827572136471,0.008690625,0.005876175647440092,0.15989888519176093
3127,3126.9999999999995,-0.3125607024402115,0.009136653,0.005879544514751462,0.15999055674138213
3128,3127.9999999999995,-0.31293864766677615,0.009459588,0.00588305869501046,0.16008618245774772
3129,3128.9999999999995,-0.3133165928933408,0.00976784,0.005886692152326317,0.16018505386817783
3130,3129.9999999999995,-0.31369453811990544,0.009991953,0.0058904262120474445,0.160286662809515
3131,3130.9999999999995,-0.31407248334646987,0.010077652,0.005894218817751838,0.16038986486821602
3132,3131.9999999999995,-0.31445042857303473,0.010109109,0.005898033562731713,0.16049366936729334
3133,3132.9999999999995,-0.31482837379959916,0.009776438,0.005901791386514851,0.16059592496170066
3134,3133.9999999999995,-0.3152063190261636,0.009369063,0.00590540936187142,0.16069437508655673
3135,3134.9999999999995,-0.31558426425272823,0.008528984,0.005908791602585659,0.1607864105450088
3136,3135.9999999999995,-0.3159622094792929,0.007594107,0.005911838425226117,0.1608693188127013
3137,3136.9999999999995,-0.3163401547058575,0.006338483,0.0059144713031682086,0.1609409630713221
3138,3137.9999999999995,-0.31671809993242195,0.004928189,0.005916600395619043,0.16099889862835517
3139,3138.9999999999995,-0.3170960451589868,0.003311234,0.005918157420915291,0.16104126744508615
3140,3139.9999999999995,-0.31747399038555124,0.001744371,0.005919112791803864,0.16106726441134328
3141,3140.9999999999995,-0.3178519356121159,0.000222466,0.005919484470131654,0.16107737829388005
3142,3141.9999999999995,-0.31822988083868053,-0.001164466,0.005919306457929942,0.16107253433510277
3143,3142.9999999999995,-0.3186078260652452,-0.002294151,0.00591865287403711,0.16105474941135076
3144,3143.9999999999995,-0.3189857712918096,-0.003231695,0.005917608640477894,0.16102633436863992
3145,3144.9999999999995,-0.3193637165183745,-0.003959301,0.005916249739171672,0.1609893567803261
3146,3145.9999999999995,-0.3197416617449389,-0.00420135,0.005914707599626117,0.1609473930255068
3147,3146.9999999999995,-0.3201196069715033,-0.004200157,0.005913119944892817,0.16090419073933374
3148,3147.9999999999995,-0.3204975521980682,-0.003885661,0.005911591946734832,0.16086261179127362
3149,3148.9999999999995,-0.3208754974246326,-0.00328064,0.005910237712107295,0.16082576118975603
3150,3149.9999999999995,-0.32125344265119726,-0.002451473,0.005909154499734055,0.16079628547948135
3151,3150.9999999999995,-0.3216313878777619,-0.001551083,0.005908398126266926,0.1607757035089211
3152,3151.9999999999995,-0.32200933310432656,-0.0004597,0.0059080181433486725,0.16076536364696561
3153,3152.9999999999995,-0.322387278330891,0.000527964,0.005908031043375146,0.16076571467456857
3154,3153.9999999999995,-0.32276522355745585,0.001346358,0.0059083852389016185,0.160775352825846
3155,3154.9999999999995,-0.3231431687840203,0.002183631,0.0059090523101478064,0.16079350475917964
3156,3155.9999999999995,-0.3235211140105847,0.002852803,0.00591000405824241,0.16081940314419077
3157,3156.9999999999995,-0.32389905923714934,0.003369746,0.005911179949588217,0.16085140077778484
3158,3157.9999999999995,-0.324277004463714,0.004017319,0.005912575902565753,0.1608893865934378
3159,3158.9999999999995,-0.32465494969027864,0.004541366,0.005914193259636462,0.16093339712138657
3160,3159.9999999999995,-0.32503289491684306,0.005010941,0.005915998384053127,0.16098251705911049
3161,3160.9999999999995,-0.32541084014340793,0.005370296,0.0059179601535381205,0.16103589952629224
3162,3161.9999999999995,-0.32578878536997236,0.005603899,0.00592003397584594,0.16109233110611587
3163,3162.9999999999995,-0.3261667305965368,0.005721556,0.005922174176673902,0.16115056893748952
3164,3163.9999999999995,-0.32654467582310165,0.005758211,0.005924343538243763,0.1612096002730742
3165,3164.9999999999995,-0.3269226210496663,0.005727876,0.005926514094120541,0.16126866410740573
3166,3165.9999999999995,-0.3273005662762307,0.005586623,0.005928652224564551,0.161326845600762
3167,3166.9999999999995,-0.3276785115027956,0.005335601,0.005930716225776686,0.16138300993495758
3168,3167.9999999999995,-0.32805645672936,0.005214829,0.005932709968105038,0.16143726242752934
3169,3168.9999999999995,-0.32843440195592444,0.005017565,0.005934643610339353,0.16148987951322882
3170,3169.9999999999995,-0.3288123471824893,0.004835163,0.005936505506097472,0.16154054427785278
3171,3170.9999999999995,-0.32919029240905373,0.004642847,0.005938296590415888,0.16158928216504032
3172,3171.9999999999995,-0.3295682376356184,0.004309801,0.005939988395704245,0.16163531853219482
3173,3172.9999999999995,-0.329946182862183,0.003955699,0.005941550348839329,0.16167782144225173
3174,3173.9999999999995,-0.33032412808874767,0.00341604,0.0059429434056225946,0.16171572844844376
3175,3174.9999999999995,-0.3307020733153121,0.002698263,0.005944098841438905,0.1617471694587238
3176,3175.9999999999995,-0.3310800185418765,0.00214403,0.005945013902201393,0.16177206953057044
3177,3176.9999999999995,-0.3314579637684414,0.001585561,0.005945718692759137,0.16179124785865973
3178,3177.9999999999995,-0.3318359089950058,0.00109098,0.005946224485706465,0.16180501118590995
3179,3178.9999999999995,-0.33221385422157046,0.000671137,0.005946557477560864,0.16181407235587678
3180,3179.9999999999995,-0.3325917994481351,0.000555127,0.005946789207873518,0.1618203780589193
3181,3180.9999999999995,-0.33296974467469975,0.000563328,0.0059470005652377065,0.1618261293857922
3182,3181.9999999999995,-0.3333476899012642,0.000776394,0.005947253736005118,0.16183301851333043
3183,3182.9999999999995,-0.33372563512782905,0.001163929,0.00594762040391304,0.16184299605539687
3184,3183.9999999999995,-0.33410358035439347,0.001923809,0.005948203901832031,0.16185887384264427
3185,3184.9999999999995,-0.3344815255809579,0.002859617,0.005949107838343693,0.16188347120820498
3186,3185.9999999999995,-0.33485947080752276,0.00372248,0.005950351674414661,0.16191731771195877
3187,3186.9999999999995,-0.3352374160340872,0.004562061,0.0059519172257772755,0.1619599185347748
3188,3187.9999999999995,-0.33561536126065183,0.005182789,0.00595375873554782,0.16201002856841684
3189,3188.9999999999995,-0.3359933064872165,0.005436591,0.005955765507537857,0.16206463561614537
3190,3189.9999999999995,-0.3363712517137811,0.005305556,0.00595779547912871,0.16211987395717245
3191,3190.9999999999995,-0.33674919694034555,0.004924905,0.0059597287560789625,0.16217248110298624
3192,3191.9999999999995,-0.3371271421669104,0.004249612,0.005961462488532056,0.16221965836641458
3193,3192.9999999999995,-0.33750508739347485,0.003411645,0.005962910256288373,0.16225905413402622
3194,3193.9999999999995,-0.3378830326200395,0.002657073,0.005964057077788107,0.16229026073681066
3195,3194.9999999999995,-0.3382609778466039,0.001882544,0.005964914941075898,0.162313604386081
3196,3195.9999999999995,-0.3386389230731688,0.001551951,0.005965563966571353,0.16233126526952132
3197,3196.9999999999995,-0.3390168682997332,0.001399068,0.0059661216283436284,0.16234644001940132
3198,3197.9999999999995,-0.33939481352629763,0.001583753,0.005966685299822951,0.16236177830174103
3199,3198.9999999999995,-0.3397727587528625,0.001888935,0.005967341542749425,0.16237963558148452
3200,3199.9999999999995,-0.3401507039794269,0.002598257,0.005968189499147965,0.16240270965056494
3201,3200.9999999999995,-0.3405286492059916,0.003526298,0.0059693468723115055,0.16243420337874878
3202,3201.9999999999995,-0.3409065944325562,0.004513257,0.005970866128029482,0.16247554443289705
3203,3202.9999999999995,-0.34128453965912087,0.005610726,0.005972779283553818,0.1625276040468184
3204,3203.9999999999995,-0.3416624848856853,0.006618155,0.005975090207153906,0.16259048748148539
3205,3204.9999999999995,-0.34204043011225016,0.007491767,0.0059777565959874554,0.16266304361791709
3206,3205.9999999999995,-0.3424183753388146,0.007943282,0.005980673397533126,0.16274241383137922
3207,3206.9999999999995,-0.342796320565379,0.008288118,0.005983740687608356,0.1628258790463448
3208,3207.9999999999995,-0.3431742657919439,0.008352472,0.0059868853033872155,0.16291144840089855
3209,3208.9999999999995,-0.3435522110185083,0.008128958,0.005989999842284945,0.16299619932182283
3210,3209.9999999999995,-0.34393015624507295,0.008016994,0.005993050985028316,0.16307922514550433
3211,3210.9999999999995,-0.3443081014716376,0.007672949,0.005996015954559276,0.16315990607661887
3212,3211.9999999999995,-0.34468604669820224,0.007536694,0.005998890160544077,0.16323811720582185
3213,3212.9999999999995,-0.34506399192476667,0.00731782,0.006001697256873695,0.16331450218827678
3214,3213.9999999999995,-0.34544193715133154,0.007217292,0.006004443994972687,0.163389244739605
3215,3214.9999999999995,-0.34581988237789596,0.007089189,0.0060071475280741304,0.1634628116230572
3216,3215.9999999999995,-0.3461978276044604,0.006878277,0.006009786996625082,0.16353463522128128
3217,3216.9999999999995,-0.34657577283102503,0.00642866,0.006012301643284756,0.16360306224280985
3218,3217.9999999999995,-0.3469537180575897,0.005700616,0.006014593744267698,0.1636654334879715
3219,3218.9999999999995,-0.3473316632841543,0.004685404,0.0060165564176087,0.1637188405503282
3220,3219.9999999999995,-0.34770960851071875,0.003594542,0.0060181211006421565,0.16376141774470412
3221,3220.9999999999995,-0.3480875537372836,0.002501307,0.00601927304915786,0.16379276386070044
3222,3221.9999999999995,-0.34846549896384804,0.001367511,0.006020004149805634,0.1638126581228117
3223,3222.9999999999995,-0.3488434441904127,0.000183902,0.006020297324374524,0.16382063580924328
3224,3223.9999999999995,-0.34922138941697733,-0.000816738,0.006020177735701825,0.1638173816356798
3225,3224.9999999999995,-0.349599334643542,-0.001783268,0.006019686405773455,0.16380401186722474
3226,3225.9999999999995,-0.3499772798701064,-0.002582762,0.006018861345674686,0.16378156083820097
3227,3226.9999999999995,-0.3503552250966713,-0.003097237,0.006017787981420215,0.16375235310888991
3228,3227.9999999999995,-0.3507331703232357,-0.003404981,0.006016559240292624,0.1637189173594707
3229,3228.9999999999995,-0.3511111155498001,-0.003293234,0.0060152934610997475,0.16368447375295123
3230,3229.9999999999995,-0.351489060776365,-0.003038809,0.006014096878386621,0.16365191307856908
3231,3230.9999999999995,-0.3518670060029294,-0.002515522,0.006013047261942517,0.1636233515600984
3232,3231.9999999999995,-0.35224495122949406,-0.001842021,0.006012223805654317,0.16360094417298351
3233,3232.9999999999995,-0.3526228964560587,-0.001177091,0.006011653276169885,0.1635854192748179
3234,3233.9999999999995,-0.35300084168262336,-0.000270392,0.006011379741524693,0.16357797601793592
3235,3234.9999999999995,-0.3533787869091878,0.000643028,0.006011450159523416,0.16357989218929783
3236,3235.9999999999995,-0.3537567321357522,0.00181624,0.006011914893824137,0.16359253825385653
3237,3236.9999999999995,-0.3541346773623171,0.002980654,0.006012821375418955,0.163617204874658
3238,3237.9999999999995,-0.3545126225888815,0.004171042,0.006014172850101476,0.16365398037424575
3239,3238.9999999999995,-0.35489056781544615,0.005299593,0.006015962540746869,0.16370268033765836
3240,3239.9999999999995,-0.3552685130420108,0.006437326,0.006018180497002181,0.16376303400199838
3241,3240.9999999999995,-0.35564645826857544,0.007485974,0.006020811619388695,0.16383463048951827
3242,3241.9999999999995,-0.35602440349513986,0.008128644,0.00602376235455756,0.16391492408390787
3243,3242.9999999999995,-0.35640234872170473,0.008597005,0.0060269230441579325,0.1640009308294273
3244,3243.9999999999995,-0.35678029394826916,0.008633393,0.006030179117495886,0.1640895330986716
3245,3244.9999999999995,-0.3571582391748338,0.008244646,0.006033368604632797,0.16417632346508068
3246,3245.9999999999995,-0.35753618440139845,0.007774214,0.0060363957304688,0.16425869575541938
3247,3246.9999999999995,-0.3579141296279631,0.006986705,0.006039185139906678,0.1643345994530317
3248,3247.9999999999995,-0.3582920748545275,0.00625983,0.006041688372242564,0.16440271587498692
3249,3248.9999999999995,-0.3586700200810924,0.005597716,0.006043929123697299,0.16446368982830298
3250,3249.9999999999995,-0.3590479653076568,0.004996708,0.006045931179686799,0.16451816854711937
3251,3250.9999999999995,-0.35942591053422124,0.004510131,0.006047727711896683,0.16456705467898589
3252,3251.9999999999995,-0.3598038557607861,0.004154222,0.0060493650373254935,0.1646116085736396
3253,3252.9999999999995,-0.36018180098735053,0.004200445,0.006050943840581587,0.1646545699988476
3254,3253.9999999999995,-0.3605597462139152,0.004418397,0.006052572565677794,0.164698889866529
3255,3254.9999999999995,-0.3609376914404796,0.004791608,0.006054313004390987,0.16474624961659118
3256,3255.9999999999995,-0.36131563666704447,0.005456497,0.006056249615574029,0.16479894749150123
3257,3256.9999999999995,-0.3616935818936089,0.006055554,0.006058425077935738,0.1648581448380893
3258,3257.9999999999995,-0.3620715271201733,0.006674157,0.006060830644689736,0.16492360364417286
3259,3258.9999999999995,-0.3624494723467382,0.007248808,0.006063461703770424,0.16499519840905347
3260,3259.9999999999995,-0.3628274175733026,0.007631165,0.006066273611153804,0.16507171430695058
3261,3260.9999999999995,-0.36320536279986726,0.007915574,0.006069211519050652,0.16515165885348684
3262,3261.9999999999995,-0.3635833080264319,0.007749183,0.0060721717291173745,0.16523221027298168
3263,3262.9999999999995,-0.36396125325299655,0.007474032,0.006075048499838483,0.16531049119221491
3264,3263.9999999999995,-0.364339198479561,0.006785778,0.006077743213399092,0.16538381808373495
3265,3264.9999999999995,-0.36471714370612585,0.006085883,0.006080175604815546,0.1654500068260695
3266,3265.9999999999995,-0.36509508893269027,0.005382472,0.006082342809829945,0.16550897947879056
3267,3266.9999999999995,-0.3654730341592547,0.004585318,0.006084226449154895,0.1655602359160099
3268,3267.9999999999995,-0.36585097938581956,0.003975699,0.006085844246909739,0.16560425843558488
3269,3268.9999999999995,-0.366228924612384,0.003285356,0.006087216387448276,0.16564159628176278
3270,3269.9999999999995,-0.36660686983894863,0.002829313,0.006088371892428562,0.1656730391740905
3271,3270.9999999999995,-0.3669848150655133,0.00228561,0.00608933847279461,0.16569934116576882
3272,3271.9999999999995,-0.36736276029207793,0.001988386,0.0060901461409878874,0.16572131893693468
3273,3272.9999999999995,-0.36774070551864235,0.001685899,0.006090840480226282,0.16574021287013638
3274,3273.9999999999995,-0.3681186507452072,0.001489323,0.006091440510225373,0.16575654051820085
3275,3274.9999999999995,-0.36849659597177165,0.001237109,0.006091955731205349,0.165770560395289
3276,3275.9999999999995,-0.3688745411983363,0.00112827,0.006092402723056382,0.16578272366319627
3277,3276.9999999999995,-0.3692524864249007,0.000957452,0.006092796867393303,0.16579344887698488
3278,3277.9999999999995,-0.3696304316514656,0.000566359,0.006093084825940121,0.1658012846282252
3279,3278.9999999999995,-0.37000837687803,8.9287e-05,0.00609320872507813,0.16580465609552508
3280,3279.9999999999995,-0.37038632210459443,-0.000325166,0.006093164150407082,0.1658034431569344
3281,3280.9999999999995,-0.3707642673311593,-0.000860467,0.0060929400982406776,0.16579734638689514
3282,3281.9999999999995,-0.3711422125577237,-0.001269812,0.006092537533851027,0.16578639205179949
3283,3282.9999999999995,-0.3715201577842884,-0.001615454,0.006091992297594992,0.1657715554174412
3284,3283.9999999999995,-0.371898103010853,-0.00153723,0.0060913965266606585,0.1657553436644329
3285,3284.9999999999995,-0.37227604823741767,-0.001342712,0.006090852296494817,0.16574053440718348
3286,3285.9999999999995,-0.3726539934639821,-0.000764259,0.006090454136678837,0.16572969992664321
3287,3286.9999999999995,-0.37303193869054696,0.000116611,0.00609033174894379,0.16572636958671308
3288,3287.9999999999995,-0.3734098839171114,0.001172476,0.006090575351082928,0.16573299833861152
3289,3288.9999999999995,-0.3737878291436758,0.002263398,0.006091224637171617,0.16575066631315497
3290,3289.9999999999995,-0.3741657743702407,0.003393257,0.006092293590049403,0.16577975400279116
3291,3290.9999999999995,-0.3745437195968051,0.004484123,0.00609378219913382,0.16582026111955653
3292,3291.9999999999995,-0.37492166482336975,0.005612489,0.006095690182288758,0.16587217998613638
3293,3292.9999999999995,-0.3752996100499344,0.006744663,0.006098025345594924,0.16593572301680792
3294,3293.9999999999995,-0.37567755527649904,0.007709344,0.006100756757070115,0.16601004850945605
3295,3294.9999999999995,-0.37605550050306347,0.008535566,0.00610382660016535,0.1660935831956351
3296,3295.9999999999995,-0.3764334457296279,0.009166958,0.006107171892387323,0.1661846132343929
3297,3296.9999999999995,-0.37681139095619276,0.009558324,0.006110710457861311,0.1662809025062623
3298,3297.9999999999995,-0.3771893361827574,0.009727739,0.0061143549955863475,0.16638007542998634
3299,3298.9999999999995,-0.37756728140932183,0.009878196,0.006118059980359141,0.16648089320167433
3300,3299.9999999999995,-0.3779452266358867,0.010099274,0.006121835175071809,0.16658362148315456
3301,3300.9999999999995,-0.3783231718624511,0.010229441,0.00612567674547003,0.1666881559390517
3302,3301.9999999999995,-0.37870111708901555,0.010244673,0.00612954579229725,0.166793438066671
3303,3302.9999999999995,-0.3790790623155804,0.010302349,0.006133428616739759,0.16689909510230147
3304,3303.9999999999995,-0.37945700754214484,0.010068116,0.006137278076744584,0.16700384424533127
3305,3304.9999999999995,-0.3798349527687095,0.00982575,0.006141037472590892,0.1671061426177567
3306,3305.9999999999995,-0.38021289799527413,0.009169834,0.006144627117740196,0.16720382183840043
3307,3306.9999999999995,-0.3805908432218388,0.008470701,0.006147960695738843,0.16729453311690276
3308,3307.9999999999995,-0.3809687884484032,0.0076259,0.006151002512494776,0.16737730516753796
3309,3308.9999999999995,-0.3813467336749681,0.006641342,0.006153698630499847,0.1674506702759387
3310,3309.9999999999995,-0.3817246789015325,0.005536568,0.0061559999219768635,0.16751329160718442
3311,3310.9999999999995,-0.3821026241280969,0.004606272,0.006157916640957768,0.16756544818769883
3312,3311.9999999999995,-0.3824805693546618,0.003841352,0.006159513010541074,0.16760888761702153
3313,3312.9999999999995,-0.3828585145812262,0.003275936,0.0061608579830539165,0.1676454861835587
3314,3313.9999999999995,-0.38323645980779086,0.002998603,0.006162043699085888,0.16767775116048275
3315,3314.9999999999995,-0.3836144050343553,0.002727971,0.0061631258647398225,0.1677071983880741
3316,3315.9999999999995,-0.38399235026092016,0.002736111,0.006164158426594552,0.167735295827526
3317,3316.9999999999995,-0.3843702954874846,0.00293181,0.006165229508437799,0.16776444144926367
3318,3317.9999999999995,-0.384748240714049,0.00340935,0.00616642781401424,0.16779704900514494
3319,3318.9999999999995,-0.3851261859406139,0.004084309,0.0061678439103385165,0.16783558294918635
3320,3319.9999999999995,-0.3855041311671783,0.004944922,0.006169550187716516,0.16788201312196188
3321,3320.9999999999995,-0.38588207639374295,0.005909466,0.006171601369782456,0.16793782862941903
3322,3321.9999999999995,-0.3862600216203076,0.006726892,0.006173989295376087,0.16800280739507398
3323,3322.9999999999995,-0.38663796684687224,0.007532283,0.006176683888939086,0.1680761310212927
3324,3323.9999999999995,-0.38701591207343666,0.008133297,0.006179644254530269,0.1681566866728237
3325,3324.9999999999995,-0.38739385730000153,0.008439472,0.006182776053997523,0.16824190727777213
3326,3325.9999999999995,-0.38777180252656596,0.008760383,0.006186026355544949,0.1683303524885951
3327,3326.9999999999995,-0.3881497477531306,0.008783817,0.006189341728866897,0.16842056839260824
3328,3327.9999999999995,-0.38852769297969525,0.008744461,0.0061926540933668955,0.16851070242240523
3329,3328.9999999999995,-0.3889056382062599,0.008539445,0.006195920278251441,0.1685995798408494
3330,3329.9999999999995,-0.3892835834328243,0.008469319,0.0061991344688332225,0.16868704242223848
3331,3330.9999999999995,-0.3896615286593892,0.008270671,0.006202297868489842,0.1687731229121452
3332,3331.9999999999995,-0.3900394738859536,0.00821958,0.006205414074314994,0.16885791919247536
3333,3332.9999999999995,-0.39041741911251804,0.008130444,0.006208503781077502,0.1689419943965768
3334,3333.9999999999995,-0.3907953643390829,0.007923394,0.006211537516797572,0.16902454655102392
3335,3334.9999999999995,-0.39117330956564733,0.007868171,0.006214521690103439,0.16910575004347483
3336,3335.9999999999995,-0.391551254792212,0.007671233,0.006217458211886169,0.16918565687192444
3337,3336.9999999999995,-0.3919292000187764,0.007442608,0.0062203143139166715,0.16926337536743438
3338,3337.9999999999995,-0.39230714524534127,0.007074486,0.006223057647107116,0.169338025266481
3339,3338.9999999999995,-0.3926850904719057,0.006742145,0.006225668611973943,0.16940907323994694
3340,3339.9999999999995,-0.3930630356984701,0.006312132,0.006228135512813144,0.16947620103151298
3341,3340.9999999999995,-0.393440980925035,0.005870239,0.006230437647296988,0.16953884530214308
3342,3341.9999999999995,-0.3938189261515994,0.005159008,0.006232521872925114,0.1695955599707338
3343,3342.9999999999995,-0.39419687137816406,0.004464769,0.00623434050321445,0.1696450474219756
3344,3343.9999999999995,-0.3945748166047287,0.003860347,0.006235913722140848,0.1696878568898313
3345,3344.9999999999995,-0.39495276183129335,0.003326351,0.006237271811242779,0.1697248123769404
3346,3345.9999999999995,-0.3953307070578578,0.003053436,0.006238477416264353,0.16975761856084257
3347,3346.9999999999995,-0.39570865228442265,0.002834697,0.006239590112144717,0.16978789655821747
3348,3347.9999999999995,-0.39608659751098707,0.002707451,0.006240637426335474,0.16981639542918306
3349,3348.9999999999995,-0.3964645427375515,0.002726701,0.006241664332239888,0.16984433896238635
3350,3349.9999999999995,-0.39684248796411636,0.002907926,0.006242729122428949,0.16987331337949182
3351,3350.9999999999995,-0.3972204331906808,0.002951831,0.006243836456022438,0.1699034454616074
3352,3351.9999999999995,-0.39759837841724543,0.003125372,0.006244984880954795,0.1699346956960163
3353,3352.9999999999995,-0.3979763236438103,0.00311639,0.006246164403031421,0.16996679212682905
3354,3353.9999999999995,-0.39835426887037473,0.003087203,0.006247336712212371,0.1699986922847516
3355,3354.9999999999995,-0.39873221409693915,0.003071859,0.006248500606253878,0.17003036345506445
3356,3355.9999999999995,-0.3991101593235038,0.002879103,0.006249625175094562,0.1700609645321485
3357,3356.9999999999995,-0.39948810455006845,0.002668476,0.006250673515595582,0.17008949133043907
3358,3357.9999999999995,-0.3998660497766331,0.002425558,0.0062516361485127105,0.17011568590656015
3359,3358.9999999999995,-0.4002439950031975,0.002190077,0.006252508377120618,0.17013942045610472
3360,3359.9999999999995,-0.4006219402297624,0.001902354,0.006253281734501365,0.17016046458249842
3361,3360.9999999999995,-0.4009998854563268,0.001796471,0.006253980711127689,0.17017948470545424
3362,3361.9999999999995,-0.40137783068289123,0.001669956,0.006254635770896631,0.17019730978984113
3363,3362.9999999999995,-0.4017557759094561,0.001587319,0.00625525130666556,0.1702140593713977
3364,3363.9999999999995,-0.4021337211360205,0.001493697,0.006255833534310645,0.17022990259273119
3365,3364.9999999999995,-0.4025116663625852,0.001584051,0.0062564151443932296,0.17024572900933294
3366,3365.9999999999995,-0.4028896115891498,0.001814489,0.006257057375378374,0.17026320500472886
3367,3366.9999999999995,-0.40326755681571447,0.002062426,0.006257790006137397,0.17028314090328833
3368,3367.9999999999995,-0.4036455020422789,0.002300522,0.0062586144838225714,0.1703055760840308
3369,3368.9999999999995,-0.40402344726884376,0.002709455,0.006259561232268745,0.17033133842167741
3370,3369.9999999999995,-0.4044013924954082,0.00324256,0.006260686000097591,0.1703619449135052
3371,3370.9999999999995,-0.4047793377219726,0.003986032,0.006262052006018182,0.17039911582822473
3372,3371.9999999999995,-0.4051572829485375,0.004760224,0.006263704808870938,0.17044409088503953
3373,3372.9999999999995,-0.4055352281751019,0.005764154,0.006265693628084769,0.17049820941284052
3374,3373.9999999999995,-0.40591317340166655,0.007021425,0.006268109752360727,0.1705639555037319
3375,3374.9999999999995,-0.406291118628231,0.008227506,0.006270991382701558,0.17064236865995444
3376,3375.9999999999995,-0.40666906385479584,0.009598632,0.006274360034584149,0.17073403434745987
3377,3376.9999999999995,-0.40704700908136027,0.010959799,0.006278245015015203,0.1708397500505274
3378,3377.9999999999995,-0.4074249543079249,0.012304727,0.006282641373290197,0.17095938105362402
3379,3378.9999999999995,-0.40780289953448956,0.013360881,0.006287491470305436,0.17109135891683622
3380,3379.9999999999995,-0.4081808447610542,0.014123797,0.006292685321732319,0.17123269081411738
3381,3380.9999999999995,-0.40855878998761863,0.014433469,0.0062980818629165365,0.1713795381806735
3382,3381.9999999999995,-0.4089367352141835,0.014440245,0.006303538204106282,0.1715280127882776
3383,3382.9999999999995,-0.4093146804407479,0.014089827,0.006308929606369255,0.17167472031766282
3384,3383.9999999999995,-0.40969262566731235,0.01339888,0.006314124219166796,0.17181607293289505
3385,3384.9999999999995,-0.4100705708938772,0.012497763,0.006319017975469745,0.17194923882584834
3386,3385.9999999999995,-0.41044851612044164,0.011236693,0.006323503137644898,0.17207128630617236
3387,3386.9999999999995,-0.4108264613470063,0.009898488,0.006327497108030663,0.17217996777699443
3388,3387.9999999999995,-0.41120440657357094,0.008501049,0.006330974116620737,0.17227458200071954
3389,3388.9999999999995,-0.4115823518001356,0.007146168,0.006333931012107822,0.17235504322590764
3390,3389.9999999999995,-0.4119602970267,0.005915008,0.0063363992166690815,0.17242220649355816
3391,3390.9999999999995,-0.4123382422532649,0.00475781,0.006338416086977628,0.1724770883305321
3392,3391.9999999999995,-0.4127161874798293,0.003611029,0.006339997568353597,0.17252012263109442
3393,3392.9999999999995,-0.4130941327063937,0.002787417,0.006341206699415162,0.1725530247634327
3394,3393.9999999999995,-0.4134720779329586,0.001985092,0.006342108572912806,0.1725775659915221
3395,3394.9999999999995,-0.413850023159523,0.001262666,0.006342722310229375,0.17259426663469682
3396,3395.9999999999995,-0.41422796838608766,0.000815032,0.006343114938250046,0.17260495058741832
3397,3396.9999999999995,-0.4146059136126521,0.000430448,0.006343350299860436,0.17261135510310613
3398,3397.9999999999995,-0.41498385883921696,9.9407e-05,0.006343450427944447,0.1726140797270742
3399,3398.9999999999995,-0.4153618040657814,6.7206e-05,0.006343481913238464,0.17261493648557077
3400,3399.9999999999995,-0.4157397492923458,0.000103265,0.006343514127588823,0.17261581308270105
3401,3400.9999999999995,-0.4161176945189107,0.000330757,0.006343596145860385,0.17261804491356778
3402,3401.9999999999995,-0.4164956397454751,0.000646574,0.006343780834653497,0.17262307055165244
3403,3402.9999999999995,-0.41687358497203975,0.001335911,0.006344155470024739,0.17263326489944072
3404,3403.9999999999995,-0.4172515301986044,0.001992092,0.006344784371448661,0.1726503781789977
3405,3404.9999999999995,-0.41762947542516904,0.002837775,0.006345697084037457,0.172675214353783
3406,3405.9999999999995,-0.41800742065173346,0.003716537,0.006346935669504364,0.17270891798132168
3407,3406.9999999999995,-0.41838536587829833,0.004559232,0.006348499563199214,0.1727514736966999
3408,3407.9999999999995,-0.41876331110486276,0.005323976,0.006350367218842587,0.17280229519578624
3409,3408.9999999999995,-0.4191412563314274,0.006029061,0.006352512631913168,0.172860674859507
3410,3409.9999999999995,-0.41951920155799205,0.006399962,0.006354861376870024,0.1729245874657213
3411,3410.9999999999995,-0.4198971467845567,0.006718231,0.006357340356082776,0.1729920439265753
3412,3411.9999999999995,-0.4202750920111211,0.00675827,0.0063598870456946476,0.17306134288125258
3413,3412.9999999999995,-0.420653037237686,0.006785426,0.0063624464333212685,0.17313098736651378
3414,3413.9999999999995,-0.4210309824642504,0.006618134,0.006364979339081755,0.17319991124348705
3415,3414.9999999999995,-0.42140892769081484,0.006468524,0.006367452359043146,0.1732672055448505
3416,3415.9999999999995,-0.4217868729173795,0.006463616,0.006369896179334278,0.17333370528270828
3417,3416.9999999999995,-0.42216481814394413,0.006417073,0.006372330276795485,0.17339994044888554
3418,3417.9999999999995,-0.4225427633705088,0.006419169,0.006374755974990948,0.17346594705939852
3419,3418.9999999999995,-0.4229207085970732,0.006553468,0.006377207448106001,0.17353265504120388
3420,3419.9999999999995,-0.42329865382363807,0.006787337,0.0063797284948901405,0.17360125621899128
3421,3420.9999999999995,-0.4236765990502025,0.007147754,0.006382361845452737,0.1736729133382712
3422,3421.9999999999995,-0.4240545442767669,0.007479989,0.006385126088273869,0.17374813221735472
3423,3422.9999999999995,-0.4244324895033318,0.007755574,0.006388005192428806,0.17382647663255713
3424,3423.9999999999995,-0.4248104347298962,0.008148425,0.006391010612681475,0.173908258283884
3425,3424.9999999999995,-0.42518837995646086,0.00838811,0.006394135564915059,0.17399329256611235
3426,3425.9999999999995,-0.4255663251830255,0.008545656,0.00639733558292879,0.1740803694922781
3427,3426.9999999999995,-0.42594427040959015,0.008563895,0.006400568819493347,0.1741683503412609
3428,3427.9999999999995,-0.4263222156361546,0.00868496,0.006403828380698824,0.1742570475202156
3429,3428.9999999999995,-0.42670016086271945,0.008607278,0.0064070961401031835,0.17434596778352657
3430,3429.9999999999995,-0.42707810608928387,0.008691143,0.006410365067925211,0.17443491984110202
3431,3430.9999999999995,-0.4274560513158485,0.008597359,0.006413632121327887,0.17452382089312848
3432,3431.9999999999995,-0.42783399654241316,0.008623322,0.006416886358418958,0.17461237319554965
3433,3432.9999999999995,-0.4282119417689778,0.008626786,0.00642014615640712,0.17470107681768943
3434,3433.9999999999995,-0.42858988699554224,0.008634716,0.006423408107549237,0.17478983903013312
3435,3434.9999999999995,-0.42896783222210666,0.008672607,0.006426678717605468,0.17487883686363323
3436,3435.9999999999995,-0.42934577744867153,0.008585791,0.006429940082176594,0.17496758311466712
3437,3436.9999999999995,-0.42972372267523595,0.008403776,0.006433150645051119,0.17505494698111285
3438,3437.9999999999995,-0.4301016679018006,0.008116896,0.006436272599612138,0.17513989969251517
3439,3438.9999999999995,-0.43047961312836525,0.00783807,0.006439287651231989,0.1752219434266945
3440,3439.9999999999995,-0.4308575583549299,0.007632798,0.006442211221587694,0.17530149782886092
3441,3440.9999999999995,-0.4312355035814943,0.007226839,0.006445019286024011,0.17537790915484117
3442,3441.9999999999995,-0.4316134488080592,0.006931805,0.0064476948819812245,0.1754507158298711
3443,3442.9999999999995,-0.4319913940346236,0.006610349,0.006450253978212076,0.17552035238584945
3444,3443.9999999999995,-0.43236933926118803,0.006320857,0.006452697622002788,0.17558684732088614
3445,3444.9999999999995,-0.4327472844877529,0.006100909,0.006455044995585389,0.17565072261010592
3446,3445.9999999999995,-0.43312522971431733,0.005856865,0.006457304687387208,0.17571221195652212
3447,3446.9999999999995,-0.433503174940882,0.005617426,0.00645947301414304,0.17577121513338256
3448,3447.9999999999995,-0.4338811201674466,0.005371423,0.006461549605655535,0.1758277220671042
3449,3448.9999999999995,-0.43425906539401127,0.005314955,0.006463569038432718,0.17588267363240193
3450,3449.9999999999995,-0.4346370106205757,0.005264038,0.006465568178385823,0.17593707300182568
3451,3450.9999999999995,-0.43501495584714056,0.005258152,0.006467556584127576,0.17599118027847827
3452,3451.9999999999995,-0.435392901073705,0.005272753,0.006469546636765654,0.17604533236946282
3453,3452.9999999999995,-0.4357708463002694,0.005431167,0.006471569384500418,0.1761003741393517
3454,3453.9999999999995,-0.4361487915268343,0.005765261,0.006473685202759006,0.17615794848721245
3455,3454.9999999999995,-0.4365267367533987,0.006076368,0.006475922946336655,0.17621884059202333
3456,3455.9999999999995,-0.43690468197996335,0.006379995,0.0064782768578047585,0.17628289378617076
3457,3456.9999999999995,-0.4372826272065278,0.006776754,0.006480763123045588,0.17635054850994894
3458,3457.9999999999995,-0.43766057243309264,0.007195637,0.0064834035222866605,0.17642239743354138
3459,3458.9999999999995,-0.43803851765965707,0.007630242,0.006486205207385498,0.17649863516890546
3460,3459.9999999999995,-0.4384164628862217,0.007825511,0.006489125921420154,0.17657811184661656
3461,3460.9999999999995,-0.43879440811278636,0.007986367,0.006492113933326714,0.1766594197927136
3462,3461.9999999999995,-0.439172353339351,0.00812587,0.006495158704858428,0.17674227224689384
3463,3462.9999999999995,-0.43955029856591543,0.008093756,0.006498223769970109,0.1768256769175169
3464,3463.9999999999995,-0.4399282437924803,0.008013215,0.006501267546372041,0.1769085022928363
3465,3464.9999999999995,-0.4403061890190447,0.0078218,0.006504259930537956,0.1769899292141714
3466,3465.9999999999995,-0.44068413424560915,0.007761203,0.006507204691337652,0.17707006023769398
3467,3466.9999999999995,-0.441062079472174,0.007615759,0.006510110516031135,0.17714913175579144
3468,3467.9999999999995,-0.44144002469873844,0.007304064,0.006512929953973155,0.17722585257062834
3469,3468.9999999999995,-0.4418179699253031,0.007019895,0.006515636789937933,0.17729950932957045
3470,3469.9999999999995,-0.44219591515186774,0.006383919,0.006518169743697463,0.17736843451266426
3471,3470.9999999999995,-0.4425738603784324,0.005624668,0.0065204390377646805,0.17743018515003306
3472,3471.9999999999995,-0.4429518056049968,0.004710869,0.006522392171201246,0.17748333261836538
3473,3472.9999999999995,-0.4433297508315617,0.003542253,0.006523951785233324,0.1775257718781869
3474,3473.9999999999995,-0.4437076960581261,0.002132737,0.006525024202923974,0.17755495385018424
3475,3474.9999999999995,-0.4440856412846905,0.000765691,0.006525571926437545,0.17756985816626802
3476,3475.9999999999995,-0.44446358651125517,-0.000577169,0.006525607551932546,0.17757082758537268
3477,3476.9999999999995,-0.4448415317378198,-0.001767962,0.0065251643863989866,0.1775587684368681
3478,3477.9999999999995,-0.44521947696438446,-0.002713283,0.006524317553820578,0.17753572494849135
3479,3478.9999999999995,-0.4455974221909489,-0.003357882,0.00652317026990486,0.17750450576272692
3480,3479.9999999999995,-0.44597536741751376,-0.003621513,0.00652185135539258,0.17746861627050786
3481,3480.9999999999995,-0.4463533126440782,-0.003754976,0.006520457400989403,0.17743068483883367
3482,3481.9999999999995,-0.4467312578706426,-0.003524934,0.006519081697372243,0.17739325003634715
3483,3482.9999999999995,-0.4471092030972075,-0.003272486,0.0065177971711512656,0.17735829629720504
3484,3483.9999999999995,-0.4474871483237719,-0.002751617,0.006516658780664674,0.17732731911397565
3485,3484.9999999999995,-0.44786509355033655,-0.002234811,0.00651571648233457,0.17730167787015624
3486,3485.9999999999995,-0.4482430387769014,-0.001701727,0.006514972584461425,0.17728143537780253
3487,3486.9999999999995,-0.44862098400346584,-0.001258648,0.00651441315466138,0.17726621251743596
3488,3487.9999999999995,-0.44899892923003026,-0.000778538,0.006514028182299218,0.17725573688579516
3489,3488.9999999999995,-0.44937687445659513,-0.000304837,0.006513823454094303,0.17725016594753576
3490,3489.9999999999995,-0.44975481968315956,0.000169169,0.006513797816557804,0.17724946831462768
3491,3490.9999999999995,-0.4501327649097242,0.000792845,0.006513979610857398,0.17725441518953125
3492,3491.9999999999995,-0.45051071013628885,0.00132761,0.006514380318780095,0.1772653190075876
3493,3492.9999999999995,-0.4508886553628535,0.001985733,0.006515006449865506,0.17728235690239333
3494,3493.9999999999995,-0.4512666005894179,0.002672256,0.0065158866822194765,0.17730630924496343
3495,3494.9999999999995,-0.45164454581598235,0.003068476,0.00651697152334767,0.17733582927591823
3496,3495.9999999999995,-0.4520224910425472,0.003340443,0.006518182633519414,0.177368785262588
3497,3496.9999999999995,-0.45240043626911164,0.003456892,0.006519467143677719,0.17740373856464256
3498,3497.9999999999995,-0.4527783814956763,0.003264526,0.006520737307602142,0.17743830148578574
3499,3498.9999999999995,-0.45315632672224093,0.002826249,0.006521888297270807,0.1774696215102249
3500,3499.9999999999995,-0.4535342719488056,0.002083913,0.006522816183415586,0.17749487057850283
3501,3500.9999999999995,-0.45391221717537,0.001314611,0.006523458411377169,0.1775123464916234
3502,3501.9999999999995,-0.45429016240193487,0.000302066,0.006523763919054692,0.1775206597790376
3503,3502.9999999999995,-0.4546681076284993,-0.000501254,0.0065237262779777976,0.17751963551315553
3504,3503.9999999999995,-0.4550460528550637,-0.001162282,0.006523411915232588,0.1775110812670743
3505,3504.9999999999995,-0.4554239980816286,-0.001485688,0.006522911521421795,0.17749746485781367
3506,3505.9999999999995,-0.455801943308193,-0.001379004,0.006522370173088306,0.1774827340192175
3507,3506.9999999999995,-0.45617988853475766,-0.00085545,0.006521947922476667,0.17747124399473158
3508,3507.9999999999995,-0.4565578337613223,2.2431e-05,0.0065217905046993235,0.1774669604387903
3509,3508.9999999999995,-0.45693577898788695,0.001124195,0.006522007185611001,0.1774728566267701
3510,3509.9999999999995,-0.4573137242144514,0.002566202,0.00652270456957614,0.17749183341120725
3511,3510.9999999999995,-0.45769166944101625,0.003937141,0.0065239335232979215,0.17752527494560907
3512,3511.9999999999995,-0.45806961466758067,0.005334276,0.006525685567197241,0.1775729504888734
3513,3512.9999999999995,-0.4584475598941453,0.006471337,0.006527916504737251,0.1776336573919653
3514,3513.9999999999995,-0.45882550512070996,0.007103384,0.006530481755239199,0.1777034614141915
3515,3514.9999999999995,-0.4592034503472746,0.007497366,0.00653324089712258,0.17777854148968766
3516,3515.9999999999995,-0.45958139557383904,0.007395119,0.006536055168931298,0.17785512172687587
3517,3516.9999999999995,-0.45995934080040346,0.006915521,0.00653875948796984,0.17792870999676602
3518,3517.9999999999995,-0.46033728602696833,0.00633313,0.006541263120171775,0.17799683729963078
3519,3518.9999999999995,-0.46071523125353275,0.005820531,0.006543559829251892,0.1780593339375045
3520,3519.9999999999995,-0.4610931764800974,0.005305391,0.006545662323807407,0.1781165457289347
3521,3520.9999999999995,-0.46147112170666205,0.004872393,0.00654758564624731,0.1781688819987225
3522,3521.9999999999995,-0.4618490669332267,0.004806373,0.006549414667951677,0.17821865221477234
3523,3522.9999999999995,-0.4622270121597911,0.004771163,0.006551224559958403,0.17826790188523087
3524,3523.9999999999995,-0.462604957386356,0.004843974,0.00655304155752436,0.17831734490780615
3525,3524.9999999999995,-0.4629829026129204,0.004921983,0.006554887055939852,0.17836756347800647
3526,3525.9999999999995,-0.46336084783948484,0.004823078,0.0065567286055836175,0.1784176745966541
3527,3526.9999999999995,-0.4637387930660497,0.004510697,0.006558492433437157,0.17846567079764822
3528,3527.9999999999995,-0.46411673829261413,0.003788296,0.006560060715831978,0.17850834593563647
3529,3528.9999999999995,-0.4644946835191788,0.002973268,0.006561338466250934,0.17854311529581265
3530,3529.9999999999995,-0.4648726287457434,0.001851284,0.00656225017445029,0.17856792413976896
3531,3530.9999999999995,-0.46525057397230807,0.000599653,0.00656271333442017,0.17858052736460306
3532,3531.9999999999995,-0.4656285191988725,-0.0005115,0.0065627299929229485,0.17858098066555644
3533,3532.9999999999995,-0.46600646442543736,-0.001533541,0.006562343536180909,0.17857046464188142
3534,3533.9999999999995,-0.4663844096520018,-0.00252061,0.006561577412671798,0.1785496173591629
3535,3534.9999999999995,-0.4667623548785662,-0.003147941,0.006560506211775803,0.17852046849783493
3536,3535.9999999999995,-0.46714030010513086,-0.0034639,0.0065592567549034265,0.17848646904428297
3537,3536.9999999999995,-0.4675182453316955,-0.003286764,0.006557981064285956,0.1784517557341606
3538,3537.9999999999995,-0.46789619055826015,-0.002588961,0.0065568707131777775,0.1784215415412873
3539,3538.9999999999995,-0.4682741357848246,-0.001479788,0.006556101831046458,0.17840061919263434
3540,3539.9999999999995,-0.46865208101138944,-0.000165154,0.0065557909820580205,0.17839216056074578
3541,3540.9999999999995,-0.46903002623795387,0.001493326,0.006556041970191749,0.17839899029579584
3542,3541.9999999999995,-0.4694079714645185,0.003251774,0.0065569386641390354,0.17842339058113987
3543,3542.9999999999995,-0.46978591669108316,0.005149253,0.006558526228165481,0.17846659039905372
3544,3543.9999999999995,-0.4701638619176478,0.006899283,0.006560803071499626,0.17852854646244073
3545,3544.9999999999995,-0.47054180714421223,0.008563995,0.006563725207553197,0.1786080618352578
3546,3545.9999999999995,-0.4709197523707771,0.009996541,0.006567232640545037,0.17870350394913068
3547,3546.9999999999995,-0.4712976975973415,0.01111814,0.006571222736992229,0.17881208000471396
3548,3547.9999999999995,-0.47167564282390595,0.011722067,0.006575538910596927,0.17892952907177614
3549,3548.9999999999995,-0.4720535880504708,0.012012675,0.006580024126818249,0.1790515780227713
3550,3549.9999999999995,-0.47243153327703524,0.012035303,0.006584568536065064,0.17917523769804622
3551,3550.9999999999995,-0.4728094785035999,0.011662439,0.006589046760299693,0.17929709638739086
3552,3551.9999999999995,-0.47318742373016454,0.011256073,0.006593377731404875,0.17941494811495418
3553,3552.9999999999995,-0.4735653689567292,0.01051897,0.00659749261818492,0.1795269198884845
3554,3553.9999999999995,-0.4739433141832936,0.009701138,0.0066013136648345305,0.17963089586473097
3555,3554.9999999999995,-0.47432125940985803,0.008757598,0.006604801860414338,0.17972581450195468
3556,3555.9999999999995,-0.4746992046364229,0.007617729,0.006607896348750881,0.17981001981931405
3557,3556.9999999999995,-0.4750771498629873,0.006389198,0.006610543274350125,0.17988204633415947
3558,3557.9999999999995,-0.47545509508955197,0.005208,0.006612734827162937,0.17994168152422738
3559,3558.9999999999995,-0.4758330403161166,0.004030444,0.0066144806400682795,0.17998918751350787
3560,3559.9999999999995,-0.47621098554268126,0.002949753,0.006615799706136595,0.18002508112977678
3561,3560.9999999999995,-0.4765889307692457,0.001801608,0.006616697583241412,0.18004951361047739
3562,3561.9999999999995,-0.47696687599581056,0.000755111,0.006617180733112271,0.18006266078822802
3563,3562.9999999999995,-0.477344821222375,-0.000266935,0.006617272985006733,0.18006517109016015
3564,3563.9999999999995,-0.47772276644893963,-0.001125523,0.006617009848579587,0.1800580107832057
3565,3564.9999999999995,-0.4781007116755043,-0.00199272,0.006616420586051028,0.1800419761329408
3566,3565.9999999999995,-0.4784786569020689,-0.002605816,0.006615551588685835,0.1800183295099898
3567,3566.9999999999995,-0.47885660212863335,-0.002913199,0.006614508645998541,0.1799899495936934
3568,3567.9999999999995,-0.4792345473551982,-0.003053322,0.006613381136932967,0.17995926850901423
3569,3568.9999999999995,-0.47961249258176264,-0.002999508,0.006612237317830114,0.17992814360561094
3570,3569.9999999999995,-0.47999043780832706,-0.002592886,0.006611180508521429,0.17989938635932395
3571,3570.9999999999995,-0.48036838303489193,-0.001855457,0.006610339893519944,0.17987651205983438
3572,3571.9999999999995,-0.48074632826145636,-0.000993069,0.006609801600117721,0.17986186435015283
3573,3572.9999999999995,-0.481124273488021,-3.47e-05,0.006609607379923941,0.1798565793494431
3574,3573.9999999999995,-0.48150221871458565,0.001069742,0.006609802974515538,0.17986190174942268
3575,3574.9999999999995,-0.4818801639411503,0.002279246,0.006610435841529749,0.17987912293818872
3576,3575.9999999999995,-0.4822581091677147,0.003334837,0.0066114967494654425,0.17990799171379832
3577,3576.9999999999995,-0.48263605439427915,0.004540963,0.0066129850599731315,0.17994849070587698
3578,3577.9999999999995,-0.483013999620844,0.00550567,0.00661488359846583,0.18000015257010468
3579,3578.9999999999995,-0.48339194484740844,0.006540154,0.006617159929306248,0.18006209468782697
3580,3579.9999999999995,-0.4837698900739731,0.007290751,0.006619773591568157,0.18013321606115232
3581,3580.9999999999995,-0.48414783530053773,0.007993376,0.006622661872989086,0.18021181020248433
3582,3581.9999999999995,-0.4845257805271024,0.008537392,0.006625785735417609,0.18029681482960622
3583,3582.9999999999995,-0.4849037257536668,0.00906661,0.006629112409679776,0.18038733824786862
3584,3583.9999999999995,-0.48528167098023167,0.009409222,0.006632603835935381,0.18048234479625927
3585,3584.9999999999995,-0.4856596162067961,0.009708519,0.006636216565412205,0.1805806521734554
3586,3585.9999999999995,-0.4860375614333605,0.009902482,0.006639922507520257,0.18068149599556288
3587,3586.9999999999995,-0.4864155066599254,0.009967356,0.006643677362732613,0.18078367081104404
3588,3587.9999999999995,-0.4867934518864898,0.00959947,0.006647374956975473,0.18088428747616744
3589,3588.9999999999995,-0.48717139711305446,0.009063881,0.0066509018191865475,0.18098025828602937
3590,3589.9999999999995,-0.4875493423396191,0.008338345,0.0066541903633106966,0.18106974413037857
3591,3590.9999999999995,-0.48792728756618375,0.007381074,0.006657160902998406,0.18115057663317988
3592,3591.9999999999995,-0.4883052327927482,0.006176866,0.0066597229823509305,0.18122029436403428
3593,3592.9999999999995,-0.48868317801931305,0.005049275,0.006661844415552776,0.18127802150228478
3594,3593.9999999999995,-0.48906112324587747,0.003905713,0.006663536663037048,0.1813240699022031
3595,3594.9999999999995,-0.4894390684724421,0.003012885,0.006664844088581358,0.1813596467636772
3596,3595.9999999999995,-0.48981701369900654,0.002226568,0.006665834201706937,0.18138658911436456
3597,3596.9999999999995,-0.4901949589255714,0.001837943,0.006666602282972322,0.18140748967034526
3598,3597.9999999999995,-0.49057290415213584,0.00178556,0.006667287025803469,0.18142612247200274
3599,3598.9999999999995,-0.49095084937870026,0.001958403,0.006667994532275611,0.18144537470388775
3600,3599.9999999999995,-0.49132879460526513,0.002370841,0.006668812640827827,0.18146763657169324
3601,3600.9999999999995,-0.49170673983182955,0.00280131,0.006669790035718588,0.1814942328415806
3602,3601.9999999999995,-0.4920846850583942,0.003177253,0.00667091982039237,0.1815249758487137
3603,3602.9999999999995,-0.49246263028495885,0.003618744,0.006672204077705319,0.18155992227049556
3604,3603.9999999999995,-0.4928405755115235,0.004123017,0.006673667058512896,0.181599732006321
3605,3604.9999999999995,-0.4932185207380879,0.004507982,0.006675298080949163,0.18164411438781014
3606,3605.9999999999995,-0.4935964659646528,0.004712037,0.006677040412034105,0.1816915256319309
3607,3606.9999999999995,-0.4939744111912172,0.004743373,0.006678827225571461,0.18174014730524543
3608,3607.9999999999995,-0.49435235641778164,0.004690347,0.006680609940292835,0.18178865744409514
3609,3608.9999999999995,-0.4947303016443465,0.00463741,0.006682372630909187,0.18183662269928888
3610,3609.9999999999995,-0.49510824687091093,0.004409565,0.006684082261417236,0.18188314411538134
3611,3610.9999999999995,-0.4954861920974756,0.004058606,0.006685682513820827,0.18192668920162652
3612,3611.9999999999995,-0.4958641373240402,0.00370737,0.006687150070600235,0.1819666234559889
3613,3612.9999999999995,-0.49624208255060487,0.003287893,0.006688471983729942,0.18200259454474502
3614,3613.9999999999995,-0.4966200277771693,0.002825791,0.006689627302572204,0.18203403237199908
3615,3614.9999999999995,-0.4969979730037337,0.002131886,0.0066905641677507035,0.18205952577223164
3616,3615.9999999999995,-0.4973759182302986,0.001481648,0.006691247026713868,0.18207810731122984
3617,3616.9999999999995,-0.497753863456863,0.000753373,0.0066916693844729785,0.182089600251347
3618,3617.9999999999995,-0.49813180868342766,-4.5513e-05,0.006691803150627017,0.18209324021383116
3619,3618.9999999999995,-0.4985097539099925,-0.000849,0.006691634112167792,0.18208864044302675
3620,3619.9999999999995,-0.49888769913655695,-0.001594559,0.006691172346437852,0.1820760751573942
3621,3620.9999999999995,-0.4992656443631214,-0.002116033,0.006690471146170787,0.1820569945260913
3622,3621.9999999999995,-0.49964358958968624,-0.002580957,0.006689583543695927,0.182032841632315
3623,3622.9999999999995,-0.5000215348162507,-0.002848733,0.006688557480987314,0.18200492104363833
3624,3623.9999999999995,-0.5003994800428153,-0.002951309,0.006687461431893427,0.1819750960284
3625,3624.9999999999995,-0.50077742526938,-0.002667329,0.00668639966318748,0.18194620383003857
3626,3625.9999999999995,-0.5011553704959446,-0.002048333,0.006685508532215984,0.18192195492097743
3627,3626.9999999999995,-0.501533315722509,-0.001434006,0.0066848504655148185,0.1819040480137964
3628,3627.9999999999995,-0.5019112609490739,-0.000577457,0.006684470354095188,0.18189370465514032
3629,3628.9999999999995,-0.5022892061756383,0.000273447,0.006684412904531024,0.1818921413728602
3630,3629.9999999999995,-0.5026671514022027,0.001438244,0.006684736367252426,0.18190094324190845
3631,3630.9999999999995,-0.5030450966287676,0.00271783,0.0066855217514172,0.1819223146337676
3632,3631.9999999999995,-0.503423041855332,0.004176868,0.0066868246605160525,0.18195776859649987
3633,3632.9999999999995,-0.5038009870818967,0.0055989,0.006688672012941854,0.18200803761689083
3634,3633.9999999999995,-0.5041789323084613,0.007100843,0.0066910719165645775,0.1820733423213219
3635,3634.9999999999995,-0.504556877535026,0.008555218,0.006694030483325454,0.18215384902418666
3636,3635.9999999999995,-0.5049348227615904,0.009732856,0.0066974864284611345,0.1822478900821186
3637,3636.9999999999995,-0.5053127679881548,0.010680244,0.006701343945313327,0.182352858463134
3638,3637.9999999999995,-0.5056907132147197,0.011587824,0.0067055520003160346,0.18246736547315706
3639,3638.9999999999995,-0.5060686584412841,0.012271017,0.006710060667849692,0.18259005256687014
3640,3639.9999999999995,-0.5064466036678488,0.012750531,0.00671478905516362,0.18271871854039007
3641,3640.9999999999995,-0.5068245488944134,0.013060754,0.006719666681142244,0.18285144550485788
3642,3641.9999999999995,-0.5072024941209781,0.013084471,0.006724607412635348,0.18298588965785445
3643,3642.9999999999995,-0.5075804393475425,0.01294198,0.006729525699095282,0.18311972305038413
3644,3643.9999999999995,-0.5079583845741074,0.012586655,0.006734349911964762,0.18325099657010843
3645,3644.9999999999995,-0.5083363298006718,0.01219346,0.006739032675053748,0.18337842104522126
3646,3645.9999999999995,-0.5087142750272364,0.011692882,0.0067435465395232425,0.1835012495547627
3647,3646.9999999999995,-0.5090922202538011,0.011169859,0.0067478669714368085,0.18361881449631226
3648,3647.9999999999995,-0.5094701654803657,0.010445422,0.006751951667574209,0.18372996474060457
3649,3648.9999999999995,-0.5098481107069301,0.009822994,0.006755781843112822,0.1838341891265757
3650,3649.9999999999995,-0.510226055933495,0.009049349,0.006759348199088292,0.1839312346165149
3651,3650.9999999999995,-0.5106040011600594,0.008250949,0.006762617481611915,0.18402019632601246
3652,3651.9999999999995,-0.5109819463866239,0.007380046,0.006765571311585267,0.18410057413432232
3653,3652.9999999999995,-0.5113598916131887,0.00668741,0.00676822967550782,0.18417291190180132
3654,3653.9999999999995,-0.5117378368397532,0.005923689,0.006770612827842212,0.18423776078045548
3655,3654.9999999999995,-0.5121157820663178,0.005099977,0.006772695998814183,0.1842944467503902
3656,3655.9999999999995,-0.5124937272928822,0.004261832,0.006774465124325962,0.18434258710800885
3657,3656.9999999999995,-0.5128716725194471,0.003424581,0.006775917645877339,0.184382112232974
3658,3657.9999999999995,-0.5132496177460115,0.00291341,0.006777115352599569,0.18441470349320202
3659,3658.9999999999995,-0.513627562972576,0.002422163,0.006778123629772737,0.1844421401128041
3660,3659.9999999999995,-0.5140055081991408,0.002311045,0.006779018076457706,0.18446647924702525
3661,3660.9999999999995,-0.5143834534257052,0.002244389,0.006779878928725321,0.18448990423058004
3662,3661.9999999999995,-0.5147613986522699,0.002236959,0.006780725780767908,0.1845129482486041
3663,3662.9999999999995,-0.5151393438788345,0.002411521,0.006781604216181299,0.18453685169393003
3664,3663.9999999999995,-0.5155172891053992,0.00248356,0.0067825292524300975,0.1845620232125876
3665,3664.9999999999995,-0.5158952343319636,0.002682276,0.006783505453958805,0.1845885870094392
3666,3665.9999999999995,-0.5162731795585285,0.00277132,0.006784536034246711,0.18461663052771093
3667,3666.9999999999995,-0.5166511247850929,0.002710707,0.006785571987214986,0.1846448202440633
3668,3667.9999999999995,-0.5170290700116573,0.002638552,0.00678658285066734,0.18467232723990729
3669,3668.9999999999995,-0.5174070152382222,0.002558364,0.006787564925464868,0.18469905085654528
3670,3669.9999999999995,-0.5177849604647866,0.002316301,0.006788486103648794,0.18472411739190947
3671,3670.9999999999995,-0.5181629056913513,0.001990429,0.006789299957671595,0.18474626348807174
3672,3671.9999999999995,-0.5185408509179159,0.001821732,0.006790020351698018,0.18476586640817405
3673,3672.9999999999995,-0.5189187961444806,0.001508727,0.0067906497172386775,0.18478299231699083
3674,3673.9999999999995,-0.519296741371045,0.001182444,0.006791158274855337,0.1847968308747261
3675,3674.9999999999995,-0.5196746865976096,0.000820304,0.0067915367393786424,0.18480712941905017
3676,3675.9999999999995,-0.5200526318241743,0.000487573,0.006791783892313184,0.18481385479301382
3677,3676.9999999999995,-0.5204305770507389,0.000134001,0.006791901352776313,0.18481705105504465
3678,3677.9999999999995,-0.5208085222773033,-8.534e-06,0.006791925062603184,0.18481769623230146
3679,3678.9999999999995,-0.5211864675038682,6.7663e-05,0.006791936236364835,0.18481800028584555
3680,3679.9999999999995,-0.5215644127304326,0.000233952,0.00679199323333959,0.1848195512525405
3681,3680.9999999999995,-0.5219423579569971,0.000547854,0.00679214097326249,0.18482357146064646
3682,3681.9999999999995,-0.5223203031835619,0.000938985,0.00679242194511385,0.18483121709421807
3683,3682.9999999999995,-0.5226982484101264,0.001416035,0.006792866979397582,0.18484332709400542
3684,3683.9999999999995,-0.523076193636691,0.001854763,0.006793485070643161,0.18486014621362412
3685,3684.9999999999995,-0.5234541388632556,0.00242855,0.006794294499494277,0.18488217189473047
3686,3685.9999999999995,-0.5238320840898203,0.003100758,0.0067953393872766795,0.18491060473976115
3687,3686.9999999999995,-0.5242100293163847,0.003691285,0.0067966228973919155,0.18494553082925747
3688,3687.9999999999995,-0.5245879745429496,0.004169201,0.0067981083139730045,0.18498595107358168
3689,3688.9999999999995,-0.524965919769514,0.004657142,0.00679977625107544,0.18503133795431007
3690,3689.9999999999995,-0.5253438649960784,0.005063113,0.006801613113064561,0.18508132151537662
3691,3690.9999999999995,-0.5257218102226433,0.005470653,0.006803603706353285,0.18513548831821475
3692,3691.9999999999995,-0.5260997554492077,0.005720111,0.00680571845427099,0.18519303354061634
3693,3692.9999999999995,-0.5264777006757724,0.00582658,0.006807900462644023,0.1852524090132469
3694,3693.9999999999995,-0.526855645902337,0.005909448,0.006810118250524738,0.1853127580958807
3695,3694.9999999999995,-0.5272335911289017,0.006003496,0.006812369470684304,0.1853740169171674
3696,3695.9999999999995,-0.5276115363554661,0.005944958,0.006814627401261367,0.1854354583382165
3697,3696.9999999999995,-0.5279894815820307,0.005871438,0.006816860376493066,0.185496220689724
3698,3697.9999999999995,-0.5283674268085954,0.005710911,0.006819049123251543,0.18555577952316357
3699,3698.9999999999995,-0.52874537203516,0.005716797,0.006821208647096131,0.18561454316060605
3700,3699.9999999999995,-0.5291233172617245,0.005570293,0.006823341597989783,0.18567258371121695
3701,3700.9999999999995,-0.5295012624882893,0.005595491,0.006825451625371608,0.18573000048129343
3702,3701.9999999999995,-0.5298792077148538,0.005502714,0.006827548882173201,0.1857870697461786
3703,3702.9999999999995,-0.5302571529414182,0.005537345,0.0068296351509732215,0.1858438400123089
3704,3703.9999999999995,-0.530635098167983,0.005750149,0.00683176817821181,0.18590188264037133
3705,3704.9999999999995,-0.5310130433945475,0.005869326,0.006833963940767528,0.18596163238337945
3706,3705.9999999999995,-0.5313909886211121,0.006121171,0.006836229816320172,0.1860232899982278
3707,3706.9999999999995,-0.5317689338476768,0.006364082,0.006838589187207073,0.18608749175072878
3708,3707.9999999999995,-0.5321468790742414,0.006621622,0.006841043129627263,0.18615426692575
3709,3708.9999999999995,-0.5325248243008058,0.006686069,0.006843557918772286,0.18622269782450243
3710,3709.9999999999995,-0.5329027695273707,0.006761532,0.006846099147075633,0.18629184816940406
3711,3710.9999999999995,-0.5332807147539351,0.006847829,0.006848670943588905,0.18636183031767278
3712,3711.9999999999995,-0.5336586599804996,0.006664821,0.006851224464371774,0.18643131515798259
3713,3712.9999999999995,-0.5340366052070644,0.006466737,0.006853705969203502,0.18649884034443
3714,3713.9999999999995,-0.5344145504336288,0.006252708,0.006856109595964653,0.18656424636061889
3715,3714.9999999999995,-0.5347924956601935,0.005833478,0.006858393554117688,0.1866263960280908
3716,3715.9999999999995,-0.5351704408867579,0.005590304,0.006860552336055796,0.1866851394772295
3717,3716.9999999999995,-0.5355483861133228,0.005341771,0.006862618198837144,0.186741354467304
3718,3717.9999999999995,-0.5359263313398872,0.005256626,0.006864621005614837,0.1867958536161079
3719,3718.9999999999995,-0.5363042765664516,0.005245159,0.006866605555370416,0.18684985596603132
3720,3719.9999999999995,-0.5366822217930165,0.005545173,0.006868644632606639,0.1869053420842916
3721,3720.9999999999995,-0.5370601670195809,0.005808601,0.006870790184950036,0.18696372553781876
3722,3721.9999999999995,-0.5374381122461456,0.006260832,0.006873070977244882,0.18702578905790065
3723,3722.9999999999995,-0.5378160574727102,0.006766549,0.006875532795476676,0.18709277854467343
3724,3723.9999999999995,-0.5381940026992749,0.007381735,0.006878206433677616,0.18716553194644125
3725,3724.9999999999995,-0.5385719479258393,0.007876195,0.006881089764582994,0.18724399137738248
3726,3725.9999999999995,-0.5389498931524042,0.008262995,0.006884139629493554,0.1873269824294618
3727,3726.9999999999995,-0.5393278383789686,0.008534007,0.006887313802856802,0.18741335608686088
3728,3727.9999999999995,-0.5397057836055332,0.008686823,0.006890568068104792,0.18750190915547085
3729,3728.9999999999995,-0.5400837288320979,0.008689577,0.006893851731822231,0.187591262197188
3730,3729.9999999999995,-0.5404616740586625,0.008810052,0.006897158682445831,0.1876812489079032
3731,3730.9999999999995,-0.540839619285227,0.008759579,0.006900478861530307,0.18777159558337672
3732,3731.9999999999995,-0.5412175645117918,0.008919018,0.0069038196322045615,0.18786250258455314
3733,3732.9999999999995,-0.5415955097383562,0.008955454,0.006907197417889443,0.1879544168154806
3734,3733.9999999999995,-0.5419734549649207,0.008886323,0.006910569025114733,0.18804616292195775
3735,3734.9999999999995,-0.5423514001914853,0.008780177,0.006913907509787285,0.18813700771785885
3736,3735.9999999999995,-0.54272934541805,0.00870822,0.006917212337870493,0.1882269366713076
3737,3736.9999999999995,-0.5431072906446146,0.008371584,0.006920439953066722,0.18831476455506563
3738,3737.9999999999995,-0.543485235871179,0.008053973,0.00692354393349763,0.18839922816547106
3739,3738.9999999999995,-0.5438631810977439,0.007672494,0.006926515805064318,0.18848009691054565
3740,3739.9999999999995,-0.5442411263243083,0.007029135,0.006929294010315955,0.1885556957267186
3741,3740.9999999999995,-0.5446190715508727,0.00632802,0.006931818146802321,0.1886243809795867
3742,3741.9999999999995,-0.5449970167774376,0.005600806,0.006934072368224931,0.18868572146940132
3743,3742.9999999999995,-0.545374962004002,0.004847578,0.006936046826653988,0.18873944922034103
3744,3743.9999999999995,-0.5457529072305667,0.004263558,0.006937768581833878,0.18878630056556206
3745,3744.9999999999995,-0.5461308524571313,0.003651592,0.0069392643284139,0.18882700190347715
3746,3745.9999999999995,-0.546508797683696,0.003252745,0.0069405690590197714,0.18886250543194047
3747,3746.9999999999995,-0.5468867429102604,0.003044721,0.006941759107626848,0.18889488830423914
3748,3747.9999999999995,-0.5472646881368253,0.003057262,0.006942912215300562,0.1889262659625318
3749,3748.9999999999995,-0.5476426333633897,0.003187633,0.006944092329428385,0.18895837850387834
3750,3749.9999999999995,-0.5480205785899543,0.003382109,0.006945333830742716,0.18899216147566747
3751,3750.9999999999995,-0.548398523816519,0.003778535,0.00694668699635218,0.1890289829877214
3752,3751.9999999999995,-0.5487764690430836,0.004197862,0.006948194316937847,0.18906999927037452
3753,3752.9999999999995,-0.5491544142696481,0.00459578,0.006949856074446856,0.1891152179957993
3754,3753.9999999999995,-0.5495323594962129,0.004923037,0.006951654870170702,0.18916416572101852
3755,3754.9999999999995,-0.5499103047227774,0.005173482,0.006953562835751186,0.18921608410937313
3756,3755.9999999999995,-0.5502882499493418,0.005468275,0.006955573836381391,0.18927080622426257
3757,3756.9999999999995,-0.5506661951759064,0.005640597,0.00695767310895385,0.18932793034106735
3758,3757.9999999999995,-0.5510441404024711,0.005888361,0.006959851766275531,0.18938721462694527
3759,3758.9999999999995,-0.5514220856290357,0.006104499,0.00696211808837046,0.1894488843928282
3760,3759.9999999999995,-0.5518000308556001,0.00653327,0.006964506280604448,0.18951387041413692
3761,3760.9999999999995,-0.552177976082165,0.006709376,0.00696700877802584,0.18958196683805
3762,3761.9999999999995,-0.5525559213087294,0.00697251,0.006969594279777891,0.18965232192486473
3763,3762.9999999999995,-0.5529338665352939,0.006988702,0.006972232566494119,0.1897241133637277
3764,3763.9999999999995,-0.5533118117618587,0.007100852,0.006974895106333481,0.1897965647636919
3765,3764.9999999999995,-0.5536897569884232,0.006996405,0.006977559101828883,0.18986905577407484
3766,3765.9999999999995,-0.5540677022149878,0.006898385,0.006980184836606192,0.1899405056572797
3767,3766.9999999999995,-0.5544456474415524,0.006753363,0.006982764643101623,0.1900107057682668
3768,3767.9999999999995,-0.5548235926681171,0.006584479,0.006985285129959909,0.19007929170969556
3769,3768.9999999999995,-0.5552015378946815,0.006478099,0.006987753599460773,0.19014646218672002
3770,3769.9999999999995,-0.5555794831212464,0.006533686,0.0069902124704756905,0.190213371475636
3771,3770.9999999999995,-0.5559574283478108,0.006609515,0.006992696175515555,0.19028095653279686
3772,3771.9999999999995,-0.5563353735743752,0.007040358,0.006995275627687337,0.19035114700214625
3773,3772.9999999999995,-0.5567133188009401,0.007556867,0.006998034103442257,0.19042620895136358
3774,3773.9999999999995,-0.5570912640275045,0.008210778,0.007001013756523214,0.19050728944222856
3775,3774.9999999999995,-0.5574692092540692,0.008944446,0.007004255624033937,0.19059550515122117
3776,3775.9999999999995,-0.5578471544806336,0.009737131,0.007007785930459862,0.1906915696829437
3777,3776.9999999999995,-0.5582250997071985,0.010634611,0.007011635631782714,0.19079632539257152
3778,3777.9999999999995,-0.5586030449337629,0.011257278,0.00701577259925673,0.19090889801239405
3779,3778.9999999999995,-0.5589809901603275,0.011813158,0.0070201322798372125,0.1910275309645787
3780,3779.9999999999995,-0.5593589353868922,0.011996076,0.007024631573006443,0.19114996296884054
3781,3780.9999999999995,-0.5597368806134568,0.011827541,0.007029133584168769,0.19127246893346236
3782,3781.9999999999995,-0.5601148258400213,0.011349506,0.007033513411308525,0.19139165010145293
3783,3782.9999999999995,-0.5604927710665861,0.010577509,0.007037657016634556,0.19150440334643049
3784,3783.9999999999995,-0.5608707162931506,0.009671532,0.007041483530828787,0.19160852810214546
3785,3784.9999999999995,-0.561248661519715,0.008681366,0.00704495172592515,0.19170290249848904
3786,3785.9999999999995,-0.5616266067462798,0.007734288,0.007048053834960268,0.1917873151856208
3787,3786.9999999999995,-0.5620045519728443,0.006884447,0.0070508163755161,0.19186248774370576
3788,3787.9999999999995,-0.5623824971994089,0.006055796,0.0070532617270523176,0.191929029148865
3789,3788.9999999999995,-0.5627604424259736,0.005370662,0.007055421014681138,0.19198778635854902
3790,3789.9999999999995,-0.5631383876525382,0.00490712,0.007057363234004424,0.19204063683872938
3791,3790.9999999999995,-0.5635163328791026,0.004353674,0.007059113270447673,0.19208825775633115
3792,3791.9999999999995,-0.5638942781056675,0.004082173,0.007060707414500512,0.19213163662588473
3793,3792.9999999999995,-0.5642722233322319,0.003757051,0.0070621888131458975,0.19217194753660857
3794,3793.9999999999995,-0.5646501685587964,0.00348838,0.007063558001176324,0.1922092050409479
3795,3794.9999999999995,-0.565028113785361,0.003231497,0.0070648278738939495,0.19224376003795046
3796,3795.9999999999995,-0.5654060590119256,0.002988221,0.0070660032302582885,0.19227574311395718
3797,3796.9999999999995,-0.5657840042384903,0.003010741,0.007067136869784409,0.19230659101696615
3798,3797.9999999999995,-0.5661619494650547,0.00315652,0.007068302313212373,0.19233830434823232
3799,3798.9999999999995,-0.5665398946916196,0.003489651,0.007069558257514564,0.19237248033374268
3800,3799.9999999999995,-0.566917839918184,0.003975792,0.007070969021787584,0.19241086918527786
3801,3800.9999999999995,-0.5672957851447484,0.004630444,0.007072595364695028,0.19245512423030076
3802,3801.9999999999995,-0.5676737303713133,0.005470803,0.007074504223738028,0.19250706693100897
3803,3802.9999999999995,-0.5680516755978777,0.006275131,0.007076723883581449,0.19256746695234303
3804,3803.9999999999995,-0.5684296208244424,0.007148207,0.007079260526842281,0.1926364925318818
3805,3804.9999999999995,-0.568807566051007,0.007953092,0.007082114258778268,0.19271414653383445
3806,3805.9999999999995,-0.5691855112775717,0.008690694,0.007085259478513599,0.19279973232288106
3807,3806.9999999999995,-0.5695634565041361,0.009074876,0.007088616684702949,0.19289108655720685
3808,3807.9999999999995,-0.569941401730701,0.009269791,0.007092083324365732,0.19298541862804652
3809,3808.9999999999995,-0.5703193469572654,0.009271716,0.007095587161397714,0.19308076289086679
3810,3809.9999999999995,-0.57069729218383,0.008905199,0.007099022100526675,0.19317423234623637
3811,3810.9999999999995,-0.5710752374103947,0.008475297,0.007102306538275937,0.19326360645043247
3812,3811.9999999999995,-0.5714531826369593,0.008077516,0.00710543456660572,0.1933487244375026
3813,3812.9999999999995,-0.5718311278635237,0.007582312,0.007108393845226431,0.19342925051106025
3814,3813.9999999999995,-0.5722090730900886,0.007093024,0.007111167081821146,0.19350471412319054
3815,3814.9999999999995,-0.572587018316653,0.006543642,0.0071137440382316236,0.19357483667941514
3816,3815.9999999999995,-0.5729649635432175,0.006221579,0.00711615631540312,0.19364047808526108
3817,3816.9999999999995,-0.5733429087697821,0.005839956,0.007118435615192265,0.19370250099219394
3818,3817.9999999999995,-0.5737208539963468,0.005637223,0.007120604487701004,0.1937615190197475
3819,3818.9999999999995,-0.5740987992229114,0.005521369,0.007122713155991794,0.19381889880707287
3820,3819.9999999999995,-0.5744767444494758,0.005282078,0.0071247547116038415,0.19387445236537496
3821,3820.9999999999995,-0.5748546896760407,0.004928582,0.007126684246707379,0.1939269576903525
3822,3821.9999999999995,-0.5752326349026051,0.004480017,0.007128462214247734,0.19397533865182592
3823,3822.9999999999995,-0.5756105801291695,0.003979628,0.007130060855470824,0.19401883989561622
3824,3823.9999999999995,-0.5759885253557344,0.003540513,0.007131481956167846,0.1940575100155773
3825,3824.9999999999995,-0.5763664705822988,0.00316581,0.007132749267550671,0.1940919953151093
3826,3825.9999999999995,-0.5767444158088635,0.003107465,0.007133934744721259,0.19412425379228399
3827,3826.9999999999995,-0.5771223610354281,0.00329488,0.007135144612587044,0.19415717597408647
3828,3827.9999999999995,-0.5775003062619928,0.00386112,0.007136496900607692,0.19419397360573212
3829,3828.9999999999995,-0.5778782514885572,0.004615896,0.007138098824474048,0.1942375641747962
3830,3829.9999999999995,-0.5782561967151221,0.005699317,0.007140048117231222,0.19429060713291818
3831,3830.9999999999995,-0.5786341419416865,0.007117586,0.007142470160885318,0.19435651429829442
3832,3831.9999999999995,-0.5790120871682511,0.008540014,0.007145429018475047,0.1944370289150154
3833,3832.9999999999995,-0.5793900323948158,0.009766725,0.0071488884907845536,0.1945311659522367
3834,3833.9999999999995,-0.5797679776213804,0.010908591,0.007152795559279511,0.1946374827021425
3835,3834.9999999999995,-0.5801459228479449,0.011619392,0.007157052731099,0.19475332624883815
3836,3835.9999999999995,-0.5805238680745093,0.01192848,0.007161502634008076,0.1948744142756542
3837,3836.9999999999995,-0.5809018133010742,0.011979573,0.007166020601261978,0.19499735442764685
3838,3837.9999999999995,-0.5812797585276386,0.011851134,0.007170523952240133,0.19511989685051467
3839,3838.9999999999995,-0.5816577037542032,0.011660742,0.007174967052891022,0.19524079977845582
3840,3839.9999999999995,-0.5820356489807679,0.011434949,0.007179331505974853,0.1953595625970724
3841,3840.9999999999995,-0.5824135942073325,0.011252719,0.007183618853886094,0.19547622727705613
3842,3841.9999999999995,-0.5827915394338969,0.011155584,0.007187853409463226,0.19559145540444556
3843,3842.9999999999995,-0.5831694846604618,0.011353835,0.0071921070731951215,0.19570720349121473
3844,3843.9999999999995,-0.5835474298870262,0.0115637,0.00719643785967406,0.19582505019484203
3845,3844.9999999999995,-0.5839253751135907,0.011948664,0.007200881052543585,0.1959459556321801
3846,3845.9999999999995,-0.5843033203401555,0.012336957,0.0072054703698091385,0.19607083731689845
3847,3846.9999999999995,-0.58468126556672,0.012596117,0.007210182037960079,0.19619904833881663
3848,3847.9999999999995,-0.5850592107932846,0.012739155,0.007214969710518137,0.19632932754601326
3849,3848.9999999999995,-0.5854371560198492,0.012467538,0.007219733085166552,0.1964589455734056
3850,3849.9999999999995,-0.5858151012464139,0.012103351,0.007224376310271551,0.19658529416516482
3851,3850.9999999999995,-0.5861930464729783,0.011434906,0.007228824396208951,0.19670633274966276
3852,3851.9999999999995,-0.5865709916995432,0.010621148,0.007232992386372027,0.1968197495398597
3853,3852.9999999999995,-0.5869489369261076,0.009614822,0.007236816430505229,0.19692380708178994
3854,3853.9999999999995,-0.587326882152672,0.008739815,0.007240284954224967,0.19701819042043112
3855,3854.9999999999995,-0.5877048273792367,0.007777314,0.007243406239256018,0.19710312491299486
3856,3855.9999999999995,-0.5880827726058013,0.007095194,0.00724621673595884,0.19717960242431842
3857,3856.9999999999995,-0.588460717832366,0.00673012,0.007248829341674868,0.19725069504756576
3858,3857.9999999999995,-0.5888386630589304,0.006465633,0.007251322977603506,0.1973185503379768
3859,3858.9999999999995,-0.5892166082854953,0.006522686,0.00725377741418708,0.1973853389598687
3860,3859.9999999999995,-0.5895945535120597,0.006560155,0.007256249712840007,0.19745261363342892
3861,3860.9999999999995,-0.5899724987386243,0.006534028,0.007258724154820313,0.19751994662989833
3862,3861.9999999999995,-0.590350443965189,0.006472734,0.007261182076625794,0.1975868300895097
3863,3862.9999999999995,-0.5907283891917536,0.006262021,0.007263588596557654,0.1976523148328842
3864,3863.9999999999995,-0.5911063344183181,0.005909866,0.007265888749852621,0.19771490519261856
3865,3864.9999999999995,-0.5914842796448829,0.00549639,0.007268044219856708,0.1977735585194414
3866,3865.9999999999995,-0.5918622248714474,0.004940249,0.007270016458802422,0.1978272258751626
3867,3866.9999999999995,-0.5922401700980118,0.004318474,0.007271766103883389,0.19787483614325418
3868,3867.9999999999995,-0.5926181153245766,0.003752088,0.007273291219075185,0.19791633664180777
3869,3868.9999999999995,-0.5929960605511411,0.003253561,0.007274615094874454,0.1979523611375234
3870,3869.9999999999995,-0.5933740057777057,0.002833517,0.007275765385911367,0.19798366215122415
3871,3870.9999999999995,-0.5937519510042704,0.002744356,0.007276819451148734,0.1980123447275266
3872,3871.9999999999995,-0.594129896230835,0.002627844,0.00727783464982181,0.19803996969073606
3873,3872.9999999999995,-0.5945078414573994,0.00270613,0.007278842624827769,0.19806739808794954
3874,3873.9999999999995,-0.5948857866839643,0.00286648,0.007279895695502272,0.19809605360081775
3875,3874.9999999999995,-0.5952637319105287,0.003117416,0.007281026487967001,0.19812682403133958
3876,3875.9999999999995,-0.5956416771370932,0.003224025,0.007282224846644747,0.19815943303218092
3877,3876.9999999999995,-0.5960196223636578,0.003245939,0.0072834474926496695,0.198192702924863
3878,3877.9999999999995,-0.5963975675902224,0.003052324,0.007284637691867919,0.19822508989550044
3879,3878.9999999999995,-0.5967755128167871,0.002870293,0.007285756904279879,0.1982555452167336
3880,3879.9999999999995,-0.5971534580433515,0.002446852,0.00728676169906573,0.19828288707574934
3881,3880.9999999999995,-0.5975314032699164,0.002163963,0.0072876330168256415,0.1983065968398573
3882,3881.9999999999995,-0.5979093484964808,0.001905095,0.007288401957349499,0.19832752077745217
3883,3882.9999999999995,-0.5982872937230455,0.001854641,0.007289112444486671,0.19834685411736455
3884,3883.9999999999995,-0.5986652389496101,0.002020965,0.007289844827880544,0.1983667832847754
3885,3884.9999999999995,-0.5990431841761747,0.002359568,0.007290672628649123,0.19838930889122391
3886,3885.9999999999995,-0.5994211294027392,0.002958035,0.0072916775099844304,0.19841665310537035
3887,3886.9999999999995,-0.599799074629304,0.003787593,0.007292952248935821,0.19845134051933944
3888,3887.9999999999995,-0.6001770198558685,0.004579358,0.007294533373531495,0.19849436511141538
3889,3888.9999999999995,-0.6005549650824329,0.005402444,0.007296419660740702,0.19854569360123595
3890,3889.9999999999995,-0.6009329103089978,0.006057755,0.007298585324494467,0.1986046243141186
3891,3890.9999999999995,-0.6013108555355622,0.006363065,0.007300932519308976,0.19866849473881076
3892,3891.9999999999995,-0.6016888007621268,0.006539585,0.0073033707667977425,0.19873484283299092
3893,3892.9999999999995,-0.6020667459886915,0.006561333,0.0073058464815086,0.19880221046222293
3894,3893.9999999999995,-0.6024446912152561,0.00641924,0.0073082994543103115,0.19886895925258122
3895,3894.9999999999995,-0.6028226364418205,0.006174013,0.007310679234239447,0.19893371636341337
3896,3895.9999999999995,-0.603200581668385,0.005966281,0.007312973417322642,0.1989961442654092
3897,3896.9999999999995,-0.6035785268949498,0.005727648,0.00731518324964531,0.1990562768662802
3898,3897.9999999999995,-0.6039564721215143,0.005506989,0.007317306288358478,0.19911404769271937
3899,3898.9999999999995,-0.6043344173480789,0.005434869,0.007319373999858902,0.1991703129890027
3900,3899.9999999999995,-0.6047123625746436,0.005395138,0.007321420574583557,0.19922600312431657
3901,3900.9999999999995,-0.6050903078012082,0.005351449,0.007323451385212813,0.1992812642967417
3902,3901.9999999999995,-0.6054682530277726,0.005454796,0.007325493469570231,0.1993368322429383
3903,3902.9999999999995,-0.6058461982543375,0.005565812,0.007327576062663951,0.19939350248800472
3904,3903.9999999999995,-0.6062241434809019,0.0057249,0.007329709698016409,0.19945156166368855
3905,3904.9999999999995,-0.6066020887074663,0.005672569,0.007331863507518143,0.19951016980594052
3906,3905.9999999999995,-0.6069800339340312,0.005519726,0.0073339785447529195,0.19956772290106067
3907,3906.9999999999995,-0.6073579791605956,0.005211712,0.007336006492636057,0.19962290617419545
3908,3907.9999999999995,-0.6077359243871603,0.004938133,0.007337924535370117,0.19967509877586828
3909,3908.9999999999995,-0.6081138696137249,0.004838166,0.007339771988140376,0.19972537052677103
3910,3909.9999999999995,-0.6084918148402896,0.00462891,0.007341561006232239,0.19977405218906974
3911,3910.9999999999995,-0.608869760066854,0.004622198,0.007343309212286755,0.19982162329925676
3912,3911.9999999999995,-0.6092477052934189,0.004679437,0.007345066966560503,0.19986945422972527
3913,3912.9999999999995,-0.6096256505199833,0.004827338,0.00734686348667614,0.19991834003249054
3914,3913.9999999999995,-0.6100035957465479,0.005041779,0.007348728479506419,0.19996908907274127
3915,3914.9999999999995,-0.6103815409731124,0.005305414,0.007350683815607765,0.2000222964786357
3916,3915.9999999999995,-0.6107594861996772,0.00569477,0.007352762549124831,0.20007886169927108
3917,3916.9999999999995,-0.6111374314262417,0.00588313,0.007354950455144152,0.20013839765503275
3918,3917.9999999999995,-0.6115153766528061,0.006079509,0.007357211066297735,0.20019991201828488
3919,3918.9999999999995,-0.611893321879371,0.00615164,0.00735952241848771,0.2002628071154768
3920,3919.9999999999995,-0.6122712671059354,0.006193274,0.007361855269147035,0.2003262872158219
3921,3920.9999999999995,-0.6126492123325,0.006240279,0.007364204870149829,0.2003902231162329
3922,3921.9999999999995,-0.6130271575590647,0.006350449,0.007366584172923116,0.20045496724299294
3923,3922.9999999999995,-0.6134051027856293,0.006442086,0.007369001611692571,0.20052074910307463
3924,3923.9999999999995,-0.6137830480121937,0.006532826,0.0073714535147203185,0.20058746878340036
3925,3924.9999999999995,-0.6141609932387586,0.006550497,0.007373925904458045,0.20065474593550425
3926,3925.9999999999995,-0.614538938465323,0.006620655,0.007376414891471423,0.20072247472248655
3927,3926.9999999999995,-0.6149168836918875,0.006483674,0.007378891250767864,0.20078985989178585
3928,3927.9999999999995,-0.6152948289184523,0.006496418,0.0073813441326737485,0.20085660620874266
3929,3928.9999999999995,-0.6156727741450168,0.006292923,0.007383760967864677,0.2009223716446159
3930,3929.9999999999995,-0.6160507193715814,0.006179748,0.007386117961098157,0.20098650869787132
3931,3930.9999999999995,-0.616428664598146,0.00596471,0.007388412931063314,0.20104895801201614
3932,3931.9999999999995,-0.6168066098247107,0.005412324,0.007390562878909695,0.20110746107327274
3933,3932.9999999999995,-0.6171845550512751,0.004756118,0.007392484435967444,0.20115974930456484
3934,3933.9999999999995,-0.6175625002778395,0.003978611,0.0073941350605328865,0.20120466508716223
3935,3934.9999999999995,-0.6179404455044044,0.003131164,0.007395478613294486,0.20124122502029998
3936,3935.9999999999995,-0.6183183907309688,0.00256925,0.007396555835424857,0.2012705377277622
3937,3936.9999999999995,-0.6186963359575335,0.00192233,0.007397404621035223,0.20129363436084594
3938,3937.9999999999995,-0.6190742811840981,0.00156321,0.007398063292637723,0.2013115577282308
3939,3938.9999999999995,-0.6194522264106628,0.001222701,0.0073985897535197645,0.20132588345863545
3940,3939.9999999999995,-0.6198301716372272,0.00093681,0.007398997841956846,0.2013369881107194
3941,3940.9999999999995,-0.6202081168637921,0.000956862,0.007399355694103386,0.20134672576369786
3942,3941.9999999999995,-0.6205860620903565,0.001014321,0.007399728193706153,0.20135686199426522
3943,3942.9999999999995,-0.6209640073169211,0.00139311,0.0074001831322335196,0.20136924150225158
3944,3943.9999999999995,-0.6213419525434858,0.001809729,0.007400788381089272,0.20138571116264042
3945,3944.9999999999995,-0.6217198977700504,0.002325447,0.007401569816104374,0.2014069750926625
3946,3945.9999999999995,-0.6220978429966149,0.002844532,0.007402546800546619,0.20143356019367673
3947,3946.9999999999995,-0.6224757882231797,0.003636288,0.007403771498038231,0.2014668859101555
3948,3947.9999999999995,-0.6228537334497442,0.004624704,0.007405332599284775,0.2015093656391443
3949,3948.9999999999995,-0.6232316786763086,0.005910106,0.007407323389860908,0.2015635378104463
3950,3949.9999999999995,-0.6236096239028734,0.007188059,0.00740979858433016,0.20163089128318307
3951,3950.9999999999995,-0.6239875691294379,0.008449712,0.0074127536947819405,0.20171130393508602
3952,3951.9999999999995,-0.6243655143560025,0.009485599,0.007416142977371642,0.20180353101273119
3953,3952.9999999999995,-0.6247434595825672,0.010363431,0.00741989390044186,0.2019055988291739
3954,3953.9999999999995,-0.6251214048091318,0.010963745,0.007423924152624512,0.20201526757798477
3955,3954.9999999999995,-0.6254993500356962,0.011255852,0.0074281230479356815,0.20212952534010345
3956,3955.9999999999995,-0.6258772952622607,0.011220925,0.0074323705432235345,0.20224510557495923
3957,3956.9999999999995,-0.6262552404888255,0.010790312,0.007436530064201001,0.20235829190687535
3958,3957.9999999999995,-0.62663318571539,0.010246819,0.007440505505822033,0.20246646918432365
3959,3958.9999999999995,-0.6270111309419546,0.009350489,0.007444208860328091,0.2025672425941938
3960,3959.9999999999995,-0.6273890761685192,0.008417057,0.007447566439927324,0.20265860698952018
3961,3960.9999999999995,-0.6277670213950839,0.007498559,0.0074505740554748415,0.20274044837786312
3962,3961.9999999999995,-0.6281449666216483,0.006715594,0.007453260141112846,0.20281354049164868
3963,3962.9999999999995,-0.6285229118482132,0.006258152,0.007455711823798527,0.20288025417616135
3964,3963.9999999999995,-0.6289008570747776,0.006068896,0.0074580412982731435,0.20294364240584029
3965,3964.9999999999995,-0.6292788023013423,0.006140258,0.007460348494010489,0.2030064244001943
3966,3965.9999999999995,-0.6296567475279069,0.006554598,0.007462747474124051,0.2030717039746609
3967,3966.9999999999995,-0.6300346927544715,0.006999312,0.007465308791916945,0.20314140098242203
3968,3967.9999999999995,-0.630412637981036,0.007767033,0.007468099226720223,0.20321733258164829
3969,3968.9999999999995,-0.6307905832076008,0.00859458,0.0074711911234863464,0.203301467378784
3970,3969.9999999999995,-0.6311685284341653,0.009580972,0.007474625805045635,0.20339492982532575
3971,3970.9999999999995,-0.6315464736607297,0.010337726,0.007478389893459876,0.20349735588902973
3972,3971.9999999999995,-0.6319244188872946,0.010922731,0.007482407537578742,0.2036066815549471
3973,3972.9999999999995,-0.632302364113859,0.011331948,0.007486613062427131,0.2037211197159637
3974,3973.9999999999995,-0.6326803093404236,0.011625633,0.0074909514165033405,0.20383917234440332
3975,3974.9999999999995,-0.633058254566988,0.011797919,0.007495377826337134,0.20395962109207372
3976,3975.9999999999995,-0.6334361997935529,0.011993877,0.007499873824201934,0.20408196342653392
3977,3976.9999999999995,-0.6338141450201173,0.01195431,0.007504399375682697,0.20420510995585306
3978,3977.9999999999995,-0.6341920902466818,0.011712994,0.007508871847968924,0.20432681212670806
3979,3978.9999999999995,-0.6345700354732466,0.01137959,0.007513235713914845,0.20444555896848823
3980,3979.9999999999995,-0.6349479806998111,0.010950551,0.007517455499014577,0.20456038517071212
3981,3980.9999999999995,-0.6353259259263757,0.010414612,0.007521492929699889,0.20467024925653154
3982,3981.9999999999995,-0.6357038711529404,0.009965829,0.0075253442748955054,0.20477504969821608
3983,3982.9999999999995,-0.636081816379505,0.009289101,0.007528982929336173,0.20487406252961676
3984,3983.9999999999995,-0.6364597616060694,0.008740446,0.007532390019949059,0.2049667741882591
3985,3984.9999999999995,-0.6368377068326343,0.007987047,0.00753555105801493,0.2050527904160078
3986,3985.9999999999995,-0.6372156520591987,0.007360023,0.007538451233939056,0.2051317082232605
3987,3986.9999999999995,-0.6375935972857631,0.006664605,0.007541101504542528,0.20520382576030796
3988,3987.9999999999995,-0.637971542512328,0.006214616,0.007543535324591938,0.2052700533777257
3989,3988.9999999999995,-0.6383494877388924,0.005898011,0.007545824279369842,0.20533233901028683
3990,3989.9999999999995,-0.6387274329654571,0.005810668,0.0075480368990385556,0.20539254745870766
3991,3990.9999999999995,-0.6391053781920217,0.005584256,0.007550190227604989,0.2054511425140434
3992,3991.9999999999995,-0.6394833234185864,0.0056137,0.007552306334613729,0.20550872471919607
3993,3992.9999999999995,-0.6398612686451508,0.005509986,0.007554408406626481,0.20556592501265195
3994,3993.9999999999995,-0.6402392138717155,0.005447272,0.0075564790283051495,0.2056222694989195
3995,3994.9999999999995,-0.6406171590982801,0.005378283,0.007558524761723731,0.20567793674112883
3996,3995.9999999999995,-0.6409951043248447,0.005200489,0.007560523859913888,0.20573233497412485
3997,3996.9999999999995,-0.6413730495514092,0.005033599,0.007562457822267809,0.2057849607707226
3998,3997.9999999999995,-0.641750994777974,0.004827635,0.007564321325426978,0.20583566927495736
3999,3998.9999999999995,-0.6421289400045385,0.004405569,0.007566066148115826,0.20588314831907437
4000,3999.9999999999995,-0.6425068852311029,0.004157731,0.007567684377295146,0.2059271825783074
4001,4000.9999999999995,-0.6428848304576678,0.00389667,0.00756920643850054,0.2059685999736574
4002,4001.9999999999995,-0.6432627756842322,0.003650205,0.007570632591191405,0.20600740756537428
4003,4002.9999999999995,-0.6436407209107968,0.003551614,0.007571993537748221,0.20604444080779194
4004,4003.9999999999995,-0.6440186661373615,0.003572682,0.007573339834581138,0.2060810754109142
4005,4004.9999999999995,-0.6443966113639261,0.003447921,0.007574666536276866,0.20611717680318986
4006,4005.9999999999995,-0.6447745565904905,0.003457966,0.007575971559790288,0.20615268830207367
4007,4006.9999999999995,-0.6451525018170554,0.003328772,0.00757725406740581,0.2061875871121631
4008,4007.9999999999995,-0.6455304470436198,0.003336641,0.007578513647919026,0.20622186204401613
4009,4008.9999999999995,-0.6459083922701843,0.003282039,0.007579764397175105,0.20625589666512018
4010,4009.9999999999995,-0.6462863374967491,0.003220329,0.0075809931666485884,0.2062893331858704
4011,4010.9999999999995,-0.6466642827233136,0.003139927,0.007582195080846053,0.20632203893733214
4012,4011.9999999999995,-0.6470422279498782,0.003052491,0.007583365278258049,0.20635388163109403
4013,4012.9999999999995,-0.6474201731764428,0.003002836,0.007584509569225518,0.2063850193745876
4014,4013.9999999999995,-0.6477981184030075,0.002953878,0.007585635225036674,0.20641565002964501
4015,4014.9999999999995,-0.6481760636295719,0.003097879,0.007586778841371913,0.20644676941546045
4016,4015.9999999999995,-0.6485540088561366,0.003372672,0.0075880015983037594,0.20648004232661787
4017,4016.9999999999995,-0.6489319540827012,0.0036368,0.007589326196545328,0.20651608648098996
4018,4017.9999999999995,-0.6493098993092659,0.003796543,0.007590730894797462,0.20655431026768784
4019,4018.9999999999995,-0.6496878445358303,0.004067786,0.007592217037600304,0.20659475027351265
4020,4019.9999999999995,-0.6500657897623952,0.004171276,0.007593773994677439,0.20663711723390701
4021,4020.9999999999995,-0.6504437349889596,0.004089674,0.007595335087987134,0.20667959674692316
4022,4021.9999999999995,-0.650821680215524,0.003981028,0.007596860229635097,0.2067210979653857
4023,4022.9999999999995,-0.6511996254420889,0.003859355,0.007598341847299741,0.20676141483592722
4024,4023.9999999999995,-0.6515775706686533,0.003521225,0.007599736574789881,0.20679936730436932
4025,4024.9999999999995,-0.6519555158952179,0.003299461,0.007601025497647679,0.20683444068209414
4026,4025.9999999999995,-0.6523334611217826,0.002967399,0.007602209762558953,0.20686666617201238
4027,4026.9999999999995,-0.6527114063483472,0.002833411,0.007603305956783807,0.20689649513646552
4028,4027.9999999999995,-0.6530893515749117,0.002934158,0.007604395869370023,0.2069261531688234
4029,4028.9999999999995,-0.6534672968014765,0.00302842,0.007605522633316582,0.20695681397778126
4030,4029.9999999999995,-0.653845242028041,0.003311333,0.007606720673008557,0.20698941429857762
4031,4030.9999999999995,-0.6542231872546054,0.003712049,0.0076080478998591765,0.20702552998104587
4032,4031.9999999999995,-0.6546011324811702,0.003960953,0.007609497887098837,0.20706498614387603
4033,4032.9999999999995,-0.6549790777077347,0.004257691,0.007611050985733153,0.20710724811069253
4034,4033.9999999999995,-0.6553570229342993,0.004586745,0.007612722341917081,0.20715272802936802
4035,4034.9999999999995,-0.6557349681608637,0.004718671,0.00761448081069628,0.2072005784025203
4036,4035.9999999999995,-0.6561129133874286,0.004881474,0.007616294975184819,0.2072499443331317
4037,4036.9999999999995,-0.656490858613993,0.0050476,0.007618171298246073,0.20730100168467372
4038,4037.9999999999995,-0.6568688038405575,0.005040117,0.007620077600489615,0.20735287481132433
4039,4038.9999999999995,-0.6572467490671223,0.004983413,0.007621971773148028,0.20740441787514902
4040,4039.9999999999995,-0.6576246942936868,0.004929657,0.007623845071891578,0.2074553929308139
4041,4040.9999999999995,-0.6580026395202514,0.004928675,0.007625708026652223,0.2075060865123646
4042,4041.9999999999995,-0.658380584746816,0.004940424,0.0076275730160809945,0.20755683546005557
4043,4042.9999999999995,-0.6587585299733807,0.005142142,0.007629478344926606,0.2076086820991991
4044,4043.9999999999995,-0.6591364751999451,0.005336549,0.0076314585305486534,0.2076625656949994
4045,4044.9999999999995,-0.65951442042651,0.005521243,0.007633510355877369,0.2077183987065284
4046,4045.9999999999995,-0.6598923656530744,0.005702567,0.007635631348584053,0.2077761138582949
4047,4046.9999999999995,-0.660270310879639,0.005876623,0.007637819498378045,0.2078356564475033
4048,4047.9999999999995,-0.6606482561062037,0.006050548,0.0076400734070509796,0.2078969884269657
4049,4048.9999999999995,-0.6610262013327683,0.006147348,0.007642378475334645,0.2079597125303559
4050,4049.9999999999995,-0.6614041465593328,0.006381181,0.007644746024200358,0.20802413681699705
4051,4050.9999999999995,-0.6617820917858976,0.006498898,0.00764718000638827,0.2080903688464282
4052,4051.9999999999995,-0.6621600370124621,0.006775173,0.007649688442274035,0.20815862686418904
4053,4052.9999999999995,-0.6625379822390265,0.006938101,0.007652279875498471,0.20822914335458986
4054,4053.9999999999995,-0.6629159274655911,0.00734443,0.007654978882705827,0.2083025870821899
4055,4054.9999999999995,-0.6632938726921558,0.007630421,0.00765780871943281,0.20837959086238092
4056,4055.9999999999995,-0.6636718179187204,0.008115804,0.007660784324720391,0.2084605612071769
4057,4056.9999999999995,-0.6640497631452849,0.008614754,0.007663945941987322,0.20854659319578933
4058,4057.9999999999995,-0.6644277083718497,0.009022054,0.00766727881568504,0.20863728530928705
4059,4058.9999999999995,-0.6648056535984141,0.009176385,0.007670717822260528,0.20873086544551517
4060,4059.9999999999995,-0.6651835988249786,0.009307072,0.00767421068943231,0.20882591120323243
4061,4060.9999999999995,-0.6655615440515434,0.009327256,0.007677732067091229,0.20892173277082726
4062,4061.9999999999995,-0.6659394892781079,0.009084279,0.0076812113429747175,0.20901640869074922
4063,4062.9999999999995,-0.6663174345046725,0.008823994,0.0076845955161229,0.20910849673340773
4064,4063.9999999999995,-0.6666953797312372,0.008299381,0.007687831365044863,0.20919654866825693
4065,4064.9999999999995,-0.6670733249578018,0.007760195,0.007690866185089789,0.20927913032868647
4066,4065.9999999999995,-0.6674512701843662,0.00709997,0.007693674349303645,0.20935554436975187
4067,4066.9999999999995,-0.6678292154109311,0.006400796,0.007696225624335978,0.20942496810007644
4068,4067.9999999999995,-0.6682071606374955,0.005776079,0.00769852672022634,0.20948758410913812
4069,4068.9999999999995,-0.66858510586406,0.005156521,0.0077005926822183105,0.20954380179887117
4070,4069.9999999999995,-0.6689630510906248,0.004829614,0.0077024797882458505,0.20959515256987368
4071,4070.9999999999995,-0.6693409963171895,0.00452336,0.007704247244184592,0.20964324749609556
4072,4071.9999999999995,-0.6697189415437539,0.004261498,0.007705907341758166,0.2096884210523761
4073,4072.9999999999995,-0.6700968867703188,0.004248997,0.007707515592238642,0.20973218377738062
4074,4073.9999999999995,-0.6704748319968832,0.00418417,0.007709109229844878,0.20977554886582006
4075,4074.9999999999995,-0.6708527772234476,0.004341703,0.007710720386346201,0.20981939066768027
4076,4075.9999999999995,-0.6712307224500123,0.004389435,0.007712370332310989,0.20986428798461315
4077,4076.9999999999995,-0.6716086676765769,0.004555,0.007714060585567273,0.2099102821188234
4078,4077.9999999999995,-0.6719866129031415,0.004582747,0.007715787369497375,0.2099572703033088
4079,4078.9999999999995,-0.672364558129706,0.004453696,0.007717495009745862,0.21000373756167956
4080,4079.9999999999995,-0.6727425033562708,0.004439927,0.0077191756609257195,0.21004947041007946
4081,4080.9999999999995,-0.6731204485828353,0.004255663,0.0077208188892920505,0.21009418493184603
4082,4081.9999999999995,-0.6734983938093997,0.004195518,0.007722415931050942,0.21013764265199822
4083,4082.9999999999995,-0.6738763390359646,0.004258342,0.007724013479067465,0.21018111414812232
4084,4083.9999999999995,-0.674254284262529,0.004325571,0.007725635603539263,0.2102252544036635
4085,4084.9999999999995,-0.6746322294890936,0.00438471,0.007727281608102256,0.21027004446958975
4086,4085.9999999999995,-0.6750101747156583,0.004692892,0.0077289970262745325,0.21031672337604895
4087,4086.9999999999995,-0.6753881199422229,0.004952949,0.007730819826055608,0.21036632428494093
4088,4087.9999999999995,-0.6757660651687873,0.005401847,0.007732776598915733,0.21041957078703344
4089,4088.9999999999995,-0.6761440103953522,0.005933956,0.007734918755232296,0.21047786182996273
4090,4089.9999999999995,-0.6765219556219166,0.006567465,0.007737281181428408,0.21054214672166277
4091,4090.9999999999995,-0.6768999008484811,0.007056244,0.007739855689320735,0.21061220265031422
4092,4091.9999999999995,-0.6772778460750459,0.007612772,0.007742627731608535,0.21068763376369776
4093,4092.9999999999995,-0.6776557913016104,0.008199434,0.0077456158054981135,0.21076894339643862
4094,4093.9999999999995,-0.678033736528175,0.008617229,0.0077487936942519115,0.210855418154765
4095,4094.9999999999995,-0.6784116817547394,0.008800561,0.007752085179545814,0.21094498403242037
4096,4095.9999999999995,-0.6787896269813043,0.008882306,0.007755426757133127,0.2110359129908197
4097,4096.999999999999,-0.6791675722078687,0.008728992,0.00775875481013948,0.21112647392662268
4098,4097.999999999999,-0.6795455174344334,0.008432178,0.007761997801281362,0.21121472021117674
4099,4098.999999999999,-0.679923462660998,0.00784017,0.0077650728294071615,0.21129839598922515
4100,4099.999999999999,-0.6803014078875627,0.007030896,0.007767883053611475,0.21137486608548656
4101,4100.999999999999,-0.6806793531141271,0.006196712,0.0077703827092627095,0.21144288518089427
4102,4101.999999999999,-0.681057298340692,0.005398093,0.007772573809864058,0.21150250806566137
4103,4102.999999999999,-0.6814352435672564,0.004445593,0.007774433996931809,0.21155312633445172
4104,4103.999999999999,-0.6818131887938208,0.003736836,0.007775980251922936,0.21159520207625007
4105,4104.999999999999,-0.6821911340203857,0.003043127,0.007777261479249003,0.2116300660478886
4106,4105.999999999999,-0.6825690792469501,0.002558487,0.007778320030885182,0.21165887070532197
4107,4106.999999999999,-0.6829470244735147,0.002153216,0.007779210413714102,0.21168309925638654
4108,4107.999999999999,-0.6833249697000794,0.00205554,0.007780005753334089,0.21170474154998273
4109,4108.999999999999,-0.683702914926644,0.002055964,0.0077807827149894895,0.21172588375368614
4110,4109.999999999999,-0.6840808601532085,0.002262026,0.007781598696843917,0.2117480877510967
4111,4110.999999999999,-0.6844588053797733,0.002606506,0.007782518716058805,0.21177312274930674
4112,4111.999999999999,-0.6848367506063378,0.002990479,0.007783576392940757,0.21180190360346499
4113,4112.999999999999,-0.6852146958329022,0.003346128,0.00778477383812489,0.21183448774687882
4114,4113.999999999999,-0.6855926410594668,0.00385768,0.007786135160548234,0.21187153121714578
4115,4114.999999999999,-0.6859705862860315,0.004449059,0.007787704906724918,0.21191424618666768
4116,4115.999999999999,-0.6863485315125961,0.004869085,0.007789465780747538,0.21196216200982773
4117,4116.999999999999,-0.6867264767391605,0.005280098,0.007791383698381729,0.21201435120735967
4118,4117.999999999999,-0.6871044219657254,0.005617551,0.007793443055591892,0.2120703891718239
4119,4118.999999999999,-0.6874823671922898,0.005898776,0.007795619326000495,0.2121296085064881
4120,4119.999999999999,-0.6878603124188543,0.005883383,0.007797845831376832,0.21219019480426238
4121,4120.999999999999,-0.6882382576454191,0.005748727,0.007800043981601519,0.21225000951905304
4122,4121.999999999999,-0.6886162028719836,0.005423626,0.007802155250344441,0.21230746006828577
4123,4122.999999999999,-0.6889941480985482,0.004876857,0.007804101759535021,0.212360427281702
4124,4123.999999999999,-0.6893720933251128,0.004259908,0.007805828357894017,0.21240741041654035
4125,4124.999999999999,-0.6897500385516775,0.003332584,0.007807263130948582,0.21244645258030345
4126,4125.999999999999,-0.6901279837782419,0.002450113,0.0078083559023124915,0.21247618840396534
4127,4126.999999999999,-0.6905059290048068,0.001534876,0.007809108956097723,0.21249668004137928
4128,4127.999999999999,-0.6908838742313712,0.000784891,0.007809547328529919,0.21250860876295136
4129,4128.999999999999,-0.6912618194579359,1.407e-06,0.007809695917317798,0.21251265206985018
4130,4129.999999999999,-0.6916397646845005,-0.000725264,0.007809559128168866,0.21250892984748432
4131,4130.999999999999,-0.6920177099110651,-0.001261959,0.007809183597445381,0.21249871113592034
4132,4131.999999999999,-0.6923956551376296,-0.00153693,0.007808654684076764,0.2124843186699562
4133,4132.999999999999,-0.6927736003641944,-0.001809939,0.00780802221749552,0.2124671083775263
4134,4133.999999999999,-0.6931515455907589,-0.001819056,0.007807336436826782,0.21244844733486926
4135,4134.999999999999,-0.6935294908173233,-0.001710926,0.007806669366903402,0.21243029543753109
4136,4135.999999999999,-0.6939074360438879,-0.001370042,0.007806087148329003,0.2124144524630235
4137,4136.999999999999,-0.6942853812704526,-0.001068284,0.007805626371492749,0.212401914086559
4138,4137.999999999999,-0.6946633264970172,-0.000516607,0.007805326870498712,0.2123937642493292
4139,4138.999999999999,-0.6950412717235817,0.000238204,0.007805274259956256,0.21239233264353782
4140,4139.999999999999,-0.6954192169501465,0.001181778,0.00780554259766561,0.21239963448459143
4141,4140.999999999999,-0.695797162176711,0.002313447,0.00780620309946787,0.21241760765424889
4142,4141.999999999999,-0.6961751074032754,0.003563358,0.00780731365466647,0.21244782740070547
4143,4142.999999999999,-0.6965530526298402,0.00490401,0.007808913755325053,0.21249136835775864
4144,4143.999999999999,-0.6969309978564047,0.006057187,0.007810985121366845,0.21254773309917865
4145,4144.999999999999,-0.6973089430829693,0.007195196,0.007813489458814573,0.21261587959275907
4146,4145.999999999999,-0.697686888309534,0.008242528,0.007816406765861985,0.21269526356162435
4147,4146.999999999999,-0.6980648335360986,0.009113844,0.007819686644835924,0.2127845136152243
4148,4147.999999999999,-0.698442778762663,0.009770244,0.007823255220294737,0.212881619500382
4149,4148.999999999999,-0.6988207239892279,0.010149138,0.007827019437966246,0.21298404908135543
4150,4149.999999999999,-0.6991986692157923,0.010345564,0.007830892375361628,0.2130894370767277
4151,4150.999999999999,-0.699576614442357,0.010208499,0.007834776530360308,0.21319513031863604
4152,4151.999999999999,-0.6999545596689216,0.00984232,0.007838565586025187,0.21329823577584064
4153,4152.999999999999,-0.7003325048954863,0.009440068,0.007842209429275871,0.21339738980195483
4154,4153.999999999999,-0.7007104501220507,0.009029192,0.00784569961360346,0.21349236255576257
4155,4154.999999999999,-0.7010883953486151,0.00859646,0.007849030379122705,0.21358299730280156
4156,4155.999999999999,-0.70146634057518,0.008183114,0.007852201259071248,0.213669281341821
4157,4156.999999999999,-0.7018442858017444,0.007775722,0.007855217042015111,0.21375134497634055
4158,4157.999999999999,-0.702222231028309,0.007500821,0.007858103890267741,0.2138299001191764
4159,4158.999999999999,-0.7026001762548737,0.007123039,0.007860867399308216,0.21390509903107102
4160,4159.999999999999,-0.7029781214814383,0.006915903,0.007863520374865674,0.21397729017366618
4161,4160.999999999999,-0.7033560667080028,0.006630365,0.007866080248529856,0.21404694788468318
4162,4161.999999999999,-0.7037340119345676,0.006243505,0.007868513057386813,0.2141131479861525
4163,4162.999999999999,-0.7041119571611321,0.00582228,0.007870793160309565,0.2141751927474641
4164,4163.999999999999,-0.7044899023876965,0.005386746,0.007872911359245135,0.21423283187684575
4165,4164.999999999999,-0.7048678476142614,0.004899395,0.007874855158190495,0.2142857253407325
4166,4165.999999999999,-0.7052457928408258,0.004475713,0.00787662679684906,0.21433393408455903
4167,4166.999999999999,-0.7056237380673904,0.004087095,0.007878244933053854,0.2143779658138263
4168,4167.999999999999,-0.7060016832939551,0.003811111,0.007879737477681916,0.21441858002218986
4169,4168.999999999999,-0.7063796285205197,0.003612777,0.007881140389197992,0.21445675518932272
4170,4169.999999999999,-0.7067575737470841,0.003417175,0.007882468857598681,0.2144929046560895
4171,4170.999999999999,-0.707135518973649,0.003129649,0.00788370602803866,0.2145265697787839
4172,4171.999999999999,-0.7075134642002134,0.00306372,0.007884876405163612,0.2145584173627844
4173,4172.999999999999,-0.7078914094267779,0.00282506,0.007885989223309256,0.21458869868716707
4174,4173.999999999999,-0.7082693546533425,0.002668576,0.007887027370060598,0.21461694809939785
4175,4174.999999999999,-0.7086472998799072,0.002467033,0.007887997859514124,0.21464335646276542
4176,4175.999999999999,-0.7090252451064718,0.002048199,0.00788885111470474,0.21466657471932363
4177,4176.999999999999,-0.7094031903330362,0.001545227,0.007889530173806596,0.21468505285882813
4178,4177.999999999999,-0.7097811355596011,0.001009796,0.007890013003179902,0.21469819131539605
4179,4178.999999999999,-0.7101590807861655,0.00040204,0.007890279801518348,0.2147054512680333
4180,4179.999999999999,-0.7105370260127302,-2.1794e-05,0.007890351657598658,0.21470740657158874
4181,4180.999999999999,-0.7109149712392948,-0.000450899,0.007890262331567168,0.21470497588644405
4182,4181.999999999999,-0.7112929164658595,-0.000757955,0.007890033891267712,0.2146987597092214
4183,4182.999999999999,-0.7116708616924239,-0.000884897,0.007889723437232037,0.214690311824545
4184,4183.999999999999,-0.7120488069189888,-0.000823774,0.007889400545207927,0.2146815254849612
4185,4184.999999999999,-0.7124267521455532,-0.000564003,0.007889138293361584,0.21467438924867663
4186,4185.999999999999,-0.7128046973721176,-0.000166504,0.007889000247544773,0.21467063283063575
4187,4186.999999999999,-0.7131826425986825,0.000315175,0.007889028342292163,0.21467139732765847
4188,4187.999999999999,-0.7135605878252469,0.000823986,0.007889243612523283,0.21467725512906474
4189,4188.999999999999,-0.7139385330518115,0.001343129,0.007889653137908115,0.21468839888248895
4190,4189.999999999999,-0.7143164782783762,0.001825414,0.007890251905759123,0.2147046921857544
4191,4190.999999999999,-0.7146944235049408,0.002149862,0.007891003124053362,0.21472513387691397
4192,4191.999999999999,-0.7150723687315053,0.002495435,0.007891880957966925,0.21474902095459578
4193,4192.999999999999,-0.7154503139580701,0.002685022,0.007892859922464211,0.21477565993565254
4194,4193.999999999999,-0.7158282591846346,0.002856705,0.007893907157097499,0.2148041566417491
4195,4194.999999999999,-0.716206204411199,0.003134617,0.007895039352872854,0.21483496525829837
4196,4195.999999999999,-0.7165841496377636,0.003483524,0.007896290000272695,0.214868997107753
4197,4196.999999999999,-0.7169620948643283,0.00402269,0.007897708469148132,0.2149075956122004
4198,4197.999999999999,-0.7173400400908929,0.004630963,0.00789934377256998,0.2149520944852417
4199,4198.999999999999,-0.7177179853174573,0.005338253,0.007901227681369876,0.21500335825524788
4200,4199.999999999999,-0.7180959305440222,0.006377584,0.007903441653704555,0.21506360351158477
4201,4200.999999999999,-0.7184738757705866,0.007417261,0.007906048501614029,0.215134539456934
4202,4201.999999999999,-0.7188518209971511,0.00838413,0.007909034531764794,0.21521579347670866
4203,4202.999999999999,-0.7192297662237159,0.009458669,0.007912406332120096,0.21530754483852113
4204,4203.999999999999,-0.7196077114502806,0.0103307,0.007916145980895233,0.2154093058657657
4205,4204.999999999999,-0.719985656676845,0.011023799,0.007920181396376597,0.21551911511509214
4206,4205.999999999999,-0.7203636019034099,0.011744872,0.007924484051636432,0.21563619632925085
4207,4206.999999999999,-0.7207415471299743,0.012269073,0.007929022029578299,0.21575968099980278
4208,4207.999999999999,-0.7211194923565387,0.0128435,0.007933767618124352,0.21588881504269394
4209,4208.999999999999,-0.7214974375831036,0.013137718,0.00793867735678607,0.2160224158377848
4210,4209.999999999999,-0.721875382809668,0.013345184,0.007943681899984309,0.21615859639573684
4211,4210.999999999999,-0.7222533280362327,0.013381194,0.00794873245347854,0.21629602895762437
4212,4211.999999999999,-0.7226312732627973,0.013266969,0.007953768226479823,0.2164330593218094
4213,4212.999999999999,-0.723009218489362,0.01307848,0.007958746794825448,0.21656853306801427
4214,4213.999999999999,-0.7233871637159264,0.012919652,0.007963659729769946,0.2167022208383904
4215,4214.999999999999,-0.7237651089424908,0.012488129,0.00796846110454322,0.21683287290185768
4216,4215.999999999999,-0.7241430541690557,0.012050872,0.007973098303689526,0.2169590575189274
4217,4216.999999999999,-0.7245209993956201,0.011487947,0.007977546495829536,0.21708009899334557
4218,4217.999999999999,-0.7248989446221847,0.010950206,0.007981786692239173,0.2171954806156071
4219,4218.999999999999,-0.7252768898487494,0.010279181,0.007985798464978945,0.21730464651316014
4220,4219.999999999999,-0.725654835075314,0.00966084,0.007989566582856218,0.21740718222413905
4221,4220.999999999999,-0.7260327803018785,0.009011508,0.007993095145253894,0.21750319929843526
4222,4221.999999999999,-0.7264107255284433,0.008621527,0.007996427305957943,0.21759387201038685
4223,4222.999999999999,-0.7267886707550077,0.008091008,0.007999585517371465,0.21767981132100667
4224,4223.999999999999,-0.7271666159815722,0.007791326,0.008002586843532467,0.2177614815664239
4225,4224.999999999999,-0.727544561208137,0.007471319,0.008005471065443717,0.21783996524287003
4226,4225.999999999999,-0.7279225064347015,0.007205776,0.00800824463444126,0.2179154379001421
4227,4226.999999999999,-0.7283004516612661,0.007069188,0.00801094221169285,0.21798884271666352
4228,4227.999999999999,-0.7286783968878308,0.006964433,0.008013594181727033,0.21806100649757645
4229,4228.999999999999,-0.7290563421143954,0.006797597,0.008016194828500203,0.21813177370141057
4230,4229.999999999999,-0.7294342873409598,0.006513406,0.008018710243522522,0.21820022163115183
4231,4230.999999999999,-0.7298122325675247,0.006129677,0.008021099439956977,0.21826523497814734
4232,4231.999999999999,-0.7301901777940891,0.005658547,0.008023327091452214,0.21832585246340566
4233,4232.999999999999,-0.7305681230206538,0.004966896,0.008025335009183206,0.21838049068833387
4234,4233.999999999999,-0.7309460682472182,0.004364556,0.008027098398053364,0.21842847494398163
4235,4234.999999999999,-0.7313240134737831,0.003665497,0.00802861585815357,0.21846976713688118
4236,4235.999999999999,-0.7317019587003475,0.002875208,0.008029851872270129,0.21850340079441236
4237,4236.999999999999,-0.7320799039269119,0.002069895,0.00803078636130699,0.21852882953653702
4238,4237.999999999999,-0.7324578491534768,0.001143468,0.008031393598910525,0.2185453533135099
4239,4238.999999999999,-0.7328357943800412,0.000429768,0.008031690897428754,0.2185534432183198
4240,4239.999999999999,-0.7332137396066059,-0.000335309,0.008031708747592832,0.21855392894602907
4241,4240.999999999999,-0.7335916848331705,-0.000807075,0.00803149286830298,0.2185480545712904
4242,4241.999999999999,-0.7339696300597351,-0.001298169,0.008031095034842702,0.2185372289713412
4243,4242.999999999999,-0.7343475752862996,-0.001474815,0.008030571016809632,0.21852296971424348
4244,4243.999999999999,-0.7347255205128644,-0.001618859,0.008029986397149209,0.2185070614028567
4245,4244.999999999999,-0.7351034657394289,-0.001425915,0.008029411018249574,0.21849140454538096
4246,4245.999999999999,-0.7354814109659933,-0.001199106,0.008028914961171283,0.2184779061446235
4247,4246.999999999999,-0.7358593561925582,-0.000683427,0.008028559213990682,0.21846822577068628
4248,4247.999999999999,-0.7362373014191226,7.8321e-05,0.008028444865528549,0.21846511419051654
4249,4248.999999999999,-0.7366152466456872,0.000827759,0.008028616089833992,0.21846977344122662
4250,4249.999999999999,-0.7369931918722519,0.001492708,0.008029054594547017,0.21848170576234344
4251,4250.999999999999,-0.7373711370988165,0.002081014,0.008029729930132502,0.21850008257980574
4252,4251.999999999999,-0.737749082325381,0.002398577,0.008030576450150208,0.2185231175629725
4253,4252.999999999999,-0.7381270275519458,0.002731281,0.008031545852822236,0.21854949635350893
4254,4253.999999999999,-0.7385049727785102,0.003182388,0.008032663374307253,0.21857990566227592
4255,4254.999999999999,-0.7388829180050747,0.003433567,0.00803391360861296,0.21861392627086654
4256,4255.999999999999,-0.7392608632316393,0.003825074,0.008035285292971608,0.21865125170375727
4257,4256.999999999999,-0.739638808458204,0.003968046,0.008036757979223631,0.21869132553818021
4258,4257.999999999999,-0.7400167536847686,0.004223861,0.008038306025297186,0.21873345001781433
4259,4258.999999999999,-0.740394698911333,0.004239948,0.00803990545340224,0.2187769726737536
4260,4259.999999999999,-0.7407726441378979,0.004415717,0.008041541137036985,0.21882148189291492
4261,4260.999999999999,-0.7411505893644623,0.004433359,0.008043213370053839,0.21886698567142981
4262,4261.999999999999,-0.741528534591027,0.004417867,0.008044886009361811,0.21891250050568928
4263,4262.999999999999,-0.7419064798175916,0.004406447,0.008046553563038815,0.21895787695288013
4264,4263.999999999999,-0.7422844250441563,0.004408747,0.008048219393285585,0.21900320650314525
4265,4264.999999999999,-0.7426623702707207,0.004163153,0.00804983924762938,0.2190472849853565
4266,4265.999999999999,-0.7430403154972856,0.004066376,0.008051394403230593,0.21908960292509372
4267,4266.999999999999,-0.74341826072385,0.004134924,0.008052944224323904,0.21913177570547598
4268,4267.999999999999,-0.7437962059504144,0.004131181,0.00805450629178742,0.219174281726568
4269,4268.999999999999,-0.7441741511769793,0.004294546,0.008056098523437413,0.21921760855698905
4270,4269.999999999999,-0.7445520964035437,0.004460368,0.008057752962415054,0.21926262813503003
4271,4270.999999999999,-0.7449300416301083,0.004748848,0.008059493252028855,0.21930998382789108
4272,4271.999999999999,-0.745307986856673,0.004862299,0.008061309495594086,0.21935940633306136
4273,4272.999999999999,-0.7456859320832376,0.005149551,0.008063201461052376,0.21941088933591096
4274,4273.999999999999,-0.7460638773098021,0.005268003,0.008065170093455766,0.21946445855261595
4275,4274.999999999999,-0.7464418225363665,0.005582117,0.008067220468986593,0.2195202521131346
4276,4275.999999999999,-0.7468197677629314,0.005730259,0.008069358198241745,0.2195784226895859
4277,4276.999999999999,-0.7471977129894958,0.005924222,0.008071560575972763,0.21963835244068422
4278,4277.999999999999,-0.7475756582160604,0.006090974,0.008073831118959983,0.21970013706289757
4279,4278.999999999999,-0.7479536034426251,0.006333258,0.008076178958549047,0.21976402503279924
4280,4279.999999999999,-0.7483315486691897,0.006452571,0.008078595130068159,0.2198297724092423
4281,4280.999999999999,-0.7487094938957541,0.006762658,0.008081092446427412,0.2198977278492724
4282,4281.999999999999,-0.749087439122319,0.006893326,0.008083673053410833,0.21996794974264733
4283,4282.999999999999,-0.7494653843488834,0.007058268,0.008086309522588465,0.22003969172376556
4284,4283.999999999999,-0.7498433295754481,0.007069559,0.008088979294976656,0.22011233993140947
4285,4284.999999999999,-0.7502212748020127,0.006927104,0.008091624280960998,0.22018431366664462
4286,4285.999999999999,-0.7505992200285774,0.006575332,0.008094175871577595,0.2202537459844545
4287,4286.999999999999,-0.7509771652551418,0.006147076,0.008096580058264599,0.220319167237002
4288,4287.999999999999,-0.7513551104817067,0.005428174,0.008098767463506495,0.22037868956591575
4289,4288.999999999999,-0.7517330557082711,0.004775674,0.008100695711328591,0.2204311598621808
4290,4289.999999999999,-0.7521110009348355,0.00412788,0.008102378239195471,0.2204769437778361
4291,4290.999999999999,-0.7524889461614004,0.003591649,0.00810383701876391,0.22051663919212064
4292,4291.999999999999,-0.7528668913879648,0.003014018,0.008105085308919372,0.220550606897688
4293,4292.999999999999,-0.7532448366145295,0.002497323,0.008106126801430833,0.22057894735268965
4294,4293.999999999999,-0.7536227818410939,0.002130913,0.00810700141128264,0.22060274669918176
4295,4294.999999999999,-0.7540007270676587,0.00199345,0.008107780802936875,0.22062395502652202
4296,4295.999999999999,-0.7543786722942232,0.001887705,0.008108514234939778,0.22064391272803818
4297,4296.999999999999,-0.7547566175207876,0.002027184,0.00810925404174482,0.22066404389675756
4298,4297.999999999999,-0.7551345627473525,0.002127095,0.008110039086703753,0.22068540605835557
4299,4298.999999999999,-0.7555125079739169,0.002392403,0.008110893148051537,0.2207086462515679
4300,4299.999999999999,-0.7558904532004815,0.002521113,0.008111821668010461,0.2207339125668073
4301,4300.999999999999,-0.7562683984270462,0.002532836,0.008112776725960386,0.22075990101756998
4302,4301.999999999999,-0.7566463436536108,0.00271195,0.008113767846876912,0.22078687079164605
4303,4302.999999999999,-0.7570242888801753,0.002735937,0.008114797348320168,0.2208148849530593
4304,4303.999999999999,-0.7574022341067401,0.002893215,0.00811586110388417,0.2208438312165827
4305,4304.999999999999,-0.7577801793333045,0.002887355,0.008116953473303332,0.2208735561027708
4306,4305.999999999999,-0.758158124559869,0.00299379,0.008118064848643074,0.2209037981664048
4307,4306.999999999999,-0.7585360697864338,0.003244463,0.0081192437076148,0.22093587655321398
4308,4307.999999999999,-0.7589140150129983,0.003744576,0.008120564444578962,0.22097181563687515
4309,4308.999999999999,-0.7592919602395629,0.004262163,0.008122077498971661,0.22101298794436605
4310,4309.999999999999,-0.7596699054661276,0.00491858,0.008123812407968244,0.22106019722317372
4311,4310.999999999999,-0.7600478506926922,0.005603714,0.008125800833363148,0.2211143050346158
4312,4311.999999999999,-0.7604257959192566,0.006267107,0.008128044093429324,0.2211753472507267
4313,4312.999999999999,-0.7608037411458215,0.006803665,0.008130514111371782,0.22124255986299343
4314,4313.999999999999,-0.7611816863723859,0.007324478,0.008133183943475317,0.2213152096955747
4315,4314.999999999999,-0.7615596315989506,0.007531906,0.008135991393183722,0.22139160429395627
4316,4315.999999999999,-0.761937576825515,0.007891257,0.008138905948600911,0.22147091338714875
4317,4316.999999999999,-0.7623155220520799,0.008042655,0.008141917021591361,0.22155284885730672
4318,4317.999999999999,-0.7626934672786443,0.008338538,0.008145012618441253,0.22163708433885101
4319,4318.999999999999,-0.7630714125052087,0.008694111,0.008148231322633903,0.2217246697418488
4320,4319.999999999999,-0.7634493577317736,0.009019698,0.008151578747411816,0.22181575781040996
4321,4320.999999999999,-0.763827302958338,0.00931178,0.008155042894714803,0.22191002206068455
4322,4321.999999999999,-0.7642052481849027,0.009583846,0.008158613650539628,0.22200718727662397
4323,4322.999999999999,-0.7645831934114673,0.00995606,0.008162306157639737,0.2221076655135411
4324,4323.999999999999,-0.764961138638032,0.010429651,0.008166158498721024,0.2222124930546553
4325,4324.999999999999,-0.7653390838645964,0.010685725,0.008170148726504182,0.22232107268407225
4326,4325.999999999999,-0.7657170290911612,0.011071173,0.008174260184376158,0.2224329511522607
4327,4326.999999999999,-0.7660949743177257,0.011221232,0.008178472838405355,0.2225475833081699
4328,4327.999999999999,-0.7664729195442901,0.011315306,0.00818273162688555,0.22266347084644447
4329,4328.999999999999,-0.766850864770855,0.011270438,0.008186999713952156,0.2227796114121454
4330,4329.999999999999,-0.7672288099974194,0.011216363,0.008191249103501485,0.22289524319248183
4331,4330.999999999999,-0.767606755223984,0.011151663,0.008195476047828672,0.2230102642072092
4332,4331.999999999999,-0.7679847004505487,0.011158517,0.008199692060846071,0.22312498776584377
4333,4332.999999999999,-0.7683626456771133,0.01113996,0.008203905862316976,0.22323965114523248
4334,4333.999999999999,-0.7687405909036777,0.011081835,0.008208105172989949,0.22335392020992165
4335,4334.999999999999,-0.7691185361302422,0.01126293,0.008212327721625178,0.22346882161177734
4336,4335.999999999999,-0.769496481356807,0.011425387,0.008216615192179645,0.22358548962905325
4337,4336.999999999999,-0.7698744265833717,0.011833797,0.008221010540962938,0.22370509316248127
4338,4337.999999999999,-0.7702523718099361,0.012156591,0.008225544067276954,0.2238284566980683
4339,4338.999999999999,-0.770630317036501,0.012332277,0.00823017179265924,0.22395438352088604
4340,4339.999999999999,-0.7710082622630654,0.012158143,0.00823479981132702,0.22408031832440864
4341,4340.999999999999,-0.7713862074896298,0.011881516,0.008239342648510666,0.22420393522166546
4342,4341.999999999999,-0.7717641527161947,0.01120486,0.008243705341314604,0.22432265014062602
4343,4342.999999999999,-0.7721420979427591,0.010227765,0.008247755520470353,0.22443286112999855
4344,4343.999999999999,-0.7725200431693238,0.009120961,0.008251411899786256,0.22453235627982543
4345,4344.999999999999,-0.7728979883958884,0.007892598,0.008254626996491718,0.22461984351809597
4346,4345.999999999999,-0.7732759336224531,0.006590576,0.008257363919731121,0.224694318993489
4347,4346.999999999999,-0.7736538788490175,0.0056127,0.008259670004687447,0.22475707076195162
4348,4347.999999999999,-0.7740318240755824,0.004661252,0.008261611500245623,0.22480990154748
4349,4348.999999999999,-0.7744097693021468,0.004232543,0.00826329218392877,0.22485563528033947
4350,4349.999999999999,-0.7747877145287112,0.00404675,0.00826485674356311,0.22489820911685438
4351,4350.999999999999,-0.7751656597552761,0.00415402,0.008266406464500936,0.22494037917186707
4352,4351.999999999999,-0.7755436049818405,0.004588751,0.008268058608784136,0.2249853363080913
4353,4352.999999999999,-0.7759215502084051,0.005286712,0.008269924800834619,0.22503611798078618
4354,4353.999999999999,-0.7762994954349696,0.006081609,0.00827207310216262,0.2250945762379952
4355,4354.999999999999,-0.7766774406615344,0.006906764,0.008274527548950715,0.22516136513756627
4356,4355.999999999999,-0.7770553858880989,0.00769135,0.008277286192702288,0.22523643165820542
4357,4356.999999999999,-0.7774333311146633,0.008459568,0.008280338273883657,0.22531948301808574
4358,4357.999999999999,-0.7778112763412282,0.008973267,0.008283632602270526,0.22540912626024195
4359,4358.999999999999,-0.7781892215677926,0.009416145,0.008287107697512891,0.22550368841912358
4360,4359.999999999999,-0.7785671667943572,0.009763202,0.008290732068836529,0.22560231258710994
4361,4360.999999999999,-0.7789451120209219,0.010008019,0.00829446828813668,0.2257039802935861
4362,4361.999999999999,-0.7793230572474865,0.01009741,0.008298267663595971,0.2258073665667024
4363,4362.999999999999,-0.7797010024740509,0.010143664,0.008302092672245392,0.225911450354456
4364,4363.999999999999,-0.7800789477006158,0.010169499,0.008305931303741531,0.22601590483875347
4365,4364.999999999999,-0.7804568929271802,0.010194076,0.00830977946172505,0.2261206185519786
4366,4365.999999999999,-0.7808348381537449,0.010361361,0.0083136638763721,0.22622631885927905
4367,4366.999999999999,-0.7812127833803095,0.010345468,0.00831757689996102,0.2263327976555468
4368,4367.999999999999,-0.7815907286068742,0.010442606,0.008321505276629906,0.22643969423040358
4369,4368.999999999999,-0.7819686738334386,0.010348948,0.008325434310923486,0.22654660870013993
4370,4369.999999999999,-0.7823466190600035,0.010182198,0.008329314135236786,0.2266521840980957
4371,4370.999999999999,-0.7827245642865679,0.010022742,0.008333132315549798,0.2267560820773499
4372,4371.999999999999,-0.7831025095131323,0.009887214,0.008336894751965454,0.2268584631878823
4373,4372.999999999999,-0.7834804547396972,0.009715336,0.008340599097065951,0.22695926355320034
4374,4373.999999999999,-0.7838583999662616,0.009640343,0.008344256790308435,0.2270587944567909
4375,4374.999999999999,-0.7842363451928263,0.009569414,0.008347886908289243,0.22715757499928518
4376,4375.999999999999,-0.7846142904193907,0.009487487,0.008351488140672275,0.22725556952462142
4377,4376.999999999999,-0.7849922356459555,0.009497852,0.008355075849797155,0.22735319606335677
4378,4377.999999999999,-0.78537018087252,0.009649226,0.008358694123163535,0.22745165429747294
4379,4378.999999999999,-0.7857481260990844,0.009679588,0.008362346739656763,0.2275510470556786
4380,4379.999999999999,-0.7861260713256493,0.009650643,0.008365999623924184,0.2276504471003913
4381,4380.999999999999,-0.7865040165522137,0.009399826,0.008369599640835368,0.2277484085510536
4382,4381.999999999999,-0.7868819617787783,0.00919165,0.008373112920639863,0.22784400976480398
4383,4382.999999999999,-0.787259907005343,0.008669191,0.008376488130439053,0.22793585390231097
4384,4383.999999999999,-0.7876378522319076,0.008160509,0.00837966848282881,0.228022395699587
4385,4384.999999999999,-0.7880157974584721,0.007587278,0.008382644383291614,0.22810337407650996
4386,4385.999999999999,-0.7883937426850369,0.007194707,0.008385437773626563,0.22817938609985008
4387,4386.999999999999,-0.7887716879116013,0.006787458,0.008388080019885957,0.22825128528337146
4388,4387.999999999999,-0.7891496331381658,0.006577404,0.008390605612784255,0.22832001016722717
4389,4388.999999999999,-0.7895275783647306,0.006408391,0.008393059572400953,0.2283867858101892
4390,4389.999999999999,-0.7899055235912951,0.006525004,0.008395503629852715,0.2284532920015165
4391,4390.999999999999,-0.7902834688178597,0.006784224,0.008398018709448646,0.22852173080384078
4392,4391.999999999999,-0.7906614140444246,0.007273675,0.008400675267359934,0.22859401942724966
4393,4392.999999999999,-0.791039359270989,0.00774936,0.008403514209543316,0.2286712709795317
4394,4393.999999999999,-0.7914173044975534,0.008240348,0.008406535826449697,0.22875349336425863
4395,4394.999999999999,-0.7917952497241181,0.0086537,0.008409728338849173,0.22884036605225588
4396,4395.999999999999,-0.7921731949506827,0.008907502,0.008413046925083491,0.22893066938406853
4397,4396.999999999999,-0.7925511401772474,0.009181229,0.008416465199851522,0.22902368537907636
4398,4397.999999999999,-0.7929290854038118,0.0092788,0.00841995363977292,0.22911861066517342
4399,4398.999999999999,-0.7933070306303767,0.009199361,0.00842344550614574,0.2292136291897636
4400,4399.999999999999,-0.7936849758569411,0.009166953,0.008426916236498683,0.22930807257395322
4401,4400.999999999999,-0.7940629210835055,0.008904113,0.0084303311730655,0.22940099773187844
4402,4401.999999999999,-0.7944408663100704,0.008591501,0.008433637364964058,0.22949096379663345
4403,4402.999999999999,-0.7948188115366348,0.008236685,0.008436817431249279,0.22957749780860842
4404,4403.999999999999,-0.7951967567631995,0.007609148,0.008439811859720923,0.22965898035833632
4405,4404.999999999999,-0.7955747019897641,0.006991862,0.008442571050737185,0.22973406177080627
4406,4405.999999999999,-0.7959526472163287,0.006370503,0.008445096171770866,0.22980277381457165
4407,4406.999999999999,-0.7963305924428932,0.005535187,0.008447346021123094,0.22986399533429042
4408,4407.999999999999,-0.796708537669458,0.004691395,0.00844927856504858,0.22991658253348415
4409,4408.999999999999,-0.7970864828960225,0.003876423,0.008450897648006167,0.22996064002520733
4410,4409.999999999999,-0.7974644281225869,0.002848249,0.008452168426847474,0.22999521967909137
4411,4410.999999999999,-0.7978423733491518,0.00191222,0.008453068025114852,0.23001969899501123
4412,4411.999999999999,-0.7982203185757162,0.001012634,0.008453620742418701,0.2300347391990511
4413,4412.999999999999,-0.7985982638022808,0.000273063,0.00845386370394068,0.2300413505188686
4414,4413.999999999999,-0.7989762090288453,-0.000496651,0.008453821451932022,0.2300402007831413
4415,4414.999999999999,-0.7993541542554101,-0.001182878,0.008453504066947809,0.2300315642977472
4416,4415.999999999999,-0.7997320994819745,-0.001652734,0.008452968213937914,0.2300169829945239
4417,4416.999999999999,-0.8001100447085392,-0.002101108,0.008452258840605326,0.22999767996277823
4418,4417.999999999999,-0.8004879899351038,-0.002541104,0.008451381589672275,0.22997380874880435
4419,4418.999999999999,-0.8008659351616685,-0.00276012,0.008450379803519401,0.2299465487588626
4420,4419.999999999999,-0.8012438803882329,-0.002796104,0.008449329829350139,0.2299179775061945
4421,4420.999999999999,-0.8016218256147978,-0.002929659,0.008448247816952994,0.22988853444893284
4422,4421.999999999999,-0.8019997708413622,-0.002936161,0.00844713933761855,0.2298583711896176
4423,4422.999999999999,-0.8023777160679266,-0.002910366,0.008446034504132735,0.2298283071388976
4424,4423.999999999999,-0.8027556612944915,-0.002903973,0.008444935753297396,0.22979840860552905
4425,4424.999999999999,-0.8031336065210559,-0.003000141,0.008443820037445699,0.22976804843054777
4426,4425.999999999999,-0.8035115517476206,-0.002943403,0.00844269687040386,0.22973748549835352
4427,4426.999999999999,-0.8038894969741852,-0.002829193,0.008441606007852317,0.2297078016161222
4428,4427.999999999999,-0.8042674422007499,-0.00257485,0.008440584791724317,0.22968001290962256
4429,4428.999999999999,-0.8046453874273143,-0.002181398,0.008439685991110338,0.22965555529895745
4430,4429.999999999999,-0.8050233326538792,-0.001661812,0.008438959729673247,0.22963579271847717
4431,4430.999999999999,-0.8054012778804436,-0.001000044,0.008438456711788745,0.22962210490453336
4432,4431.999999999999,-0.805779223107008,-0.000118384,0.008438245359526817,0.22961635371650008
4433,4432.999999999999,-0.8061571683335729,0.000763676,0.008438367302042386,0.22961967194139105
4434,4433.999999999999,-0.8065351135601373,0.001621138,0.008438817966576159,0.2296319351480869
4435,4434.999999999999,-0.8069130587867019,0.002565291,0.008439609087004609,0.22965346263163255
4436,4435.999999999999,-0.8072910040132664,0.003560187,0.008440766634589873,0.22968496110607325
4437,4436.999999999999,-0.8076689492398312,0.004339028,0.0084422593698913,0.22972558050292344
4438,4437.999999999999,-0.8080468944663957,0.005203505,0.008444062647289642,0.22977465018071838
4439,4438.999999999999,-0.8084248396929601,0.005932191,0.00844616698886348,0.22983191223207758
4440,4439.999999999999,-0.808802784919525,0.006557407,0.008448527180836387,0.22989613632746703
4441,4440.999999999999,-0.8091807301460894,0.007325468,0.008451150664005008,0.22996752494127823
4442,4441.999999999999,-0.809558675372654,0.008117953,0.008454069047629397,0.23004693820529543
4443,4442.999999999999,-0.8099366205992187,0.008929072,0.008457290468492336,0.23013459753265775
4444,4443.999999999999,-0.8103145658257833,0.00998937,0.008460865535916306,0.23023188007318685
4445,4444.999999999999,-0.8106925110523477,0.011012426,0.008464834300190047,0.2303398756507589
4446,4445.999999999999,-0.8110704562789126,0.012260108,0.008469232171757728,0.2304595478326473
4447,4446.999999999999,-0.811448401505477,0.013374512,0.008474076412889626,0.23059136634915608
4448,4447.999999999999,-0.8118263467320417,0.014523647,0.00847934840090162,0.2307348244512347
4449,4448.999999999999,-0.8122042919586063,0.015581067,0.008485037367378316,0.23088962911537253
4450,4449.999999999999,-0.812582237185171,0.016567684,0.008491112600868548,0.2310549446404098
4451,4450.999999999999,-0.8129601824117354,0.017193833,0.008497492602964413,0.2312285533416906
4452,4451.999999999999,-0.8133381276383003,0.017678362,0.008504082492784453,0.2314078733789022
4453,4452.999999999999,-0.8137160728648647,0.017950802,0.008510815429014598,0.23159108590723027
4454,4453.999999999999,-0.8140940180914291,0.01811929,0.008517631688561171,0.23177656577850497
4455,4454.999999999999,-0.8144719633179938,0.017982736,0.008524453982759177,0.2319622098610107
4456,4455.999999999999,-0.8148499085445584,0.017838002,0.008531223121228738,0.2321464075024585
4457,4456.999999999999,-0.8152278537711231,0.017665024,0.008537932220831388,0.23232897140310899
4458,4457.999999999999,-0.8156057989976875,0.017525875,0.00854458233697917,0.232509930282187
4459,4458.999999999999,-0.8159837442242523,0.017442733,0.008551190446215775,0.23268974609497992
4460,4459.999999999999,-0.8163616894508168,0.017507075,0.00855779500276725,0.23286946523428556
4461,4460.999999999999,-0.8167396346773812,0.017532285,0.00856441648219419,0.2330496448684919
4462,4461.999999999999,-0.8171175799039461,0.017559288,0.008571047828448185,0.23323009299274025
4463,4462.999999999999,-0.8174955251305105,0.017508659,0.00857767471003522,0.23341041962721149
4464,4463.999999999999,-0.8178734703570751,0.017257938,0.008584244644725243,0.2335891966576726
4465,4464.999999999999,-0.8182514155836398,0.01685902,0.008590691815435746,0.23376463311006992
4466,4465.999999999999,-0.8186293608102044,0.016289848,0.008596956043649056,0.23393509144351532
4467,4466.999999999999,-0.8190073060367689,0.015289589,0.008602923692384929,0.23409747943824755
4468,4467.999999999999,-0.8193852512633337,0.014176215,0.008608491922369272,0.234248998695058
4469,4468.999999999999,-0.8197631964898981,0.012832204,0.008613595773888325,0.2343878815700851
4470,4469.999999999999,-0.8201411417164628,0.011388325,0.008618172790548535,0.23451242853828042
4471,4470.999999999999,-0.8205190869430274,0.009879958,0.008622191913567072,0.23462179444710798
4472,4471.999999999999,-0.8208970321695921,0.008604426,0.008625684955916466,0.2347168449716509
4473,4472.999999999999,-0.8212749773961565,0.00734865,0.008628699650378076,0.23479887898705942
4474,4473.999999999999,-0.8216529226227209,0.006458058,0.008631308740069663,0.2348698759344076
4475,4474.999999999999,-0.8220308678492858,0.00570758,0.008633607712474768,0.2349324341604918
4476,4475.999999999999,-0.8224088130758502,0.005121354,0.00863565408443181,0.23498811877821785
4477,4476.999999999999,-0.8227867583024149,0.004846927,0.008637537816542312,0.23503937774026068
4478,4477.999999999999,-0.8231647035289795,0.004651853,0.008639332825821905,0.23508822243108282
4479,4478.999999999999,-0.8235426487555442,0.004532834,0.008641068480126475,0.23513545199075397
4480,4479.999999999999,-0.8239205939821086,0.004452645,0.008642766489574698,0.23518165718169892
4481,4480.999999999999,-0.8242985392086735,0.004243563,0.008644409834726105,0.23522637488134931
4482,4481.999999999999,-0.8246764844352379,0.004120607,0.008645990433788941,0.2352693851729482
4483,4482.999999999999,-0.8250544296618023,0.003775954,0.008647482667557055,0.23530999092238164
4484,4483.999999999999,-0.8254323748883672,0.00325884,0.008648812050963137,0.23534616528771357
4485,4484.999999999999,-0.8258103201149316,0.002794663,0.008649955997244559,0.235377293651822
4486,4485.999999999999,-0.8261882653414963,0.002152509,0.008650890877265756,0.23540273303317244
4487,4486.999999999999,-0.8265662105680609,0.001560519,0.008651592537870106,0.235421826190891
4488,4487.999999999999,-0.8269441557946255,0.00102147,0.008652080463078901,0.23543510331220668
4489,4488.999999999999,-0.82732210102119,0.000535967,0.008652374776018814,0.23544311197529186
4490,4489.999999999999,-0.8277000462477548,0.00015318,0.00865250500592834,0.23544665571166076
4491,4490.999999999999,-0.8280779914743193,-6.5152e-05,0.008652521640809542,0.2354471083698383
4492,4491.999999999999,-0.8284559367008837,-0.000231119,0.008652465653704432,0.23544558488309636
4493,4492.999999999999,-0.8288338819274486,-0.000396574,0.008652347036917883,0.2354423571559023
4494,4493.999999999999,-0.829211827154013,-0.000342882,0.008652207299985155,0.23543855472025302
4495,4494.999999999999,-0.8295897723805776,-0.000409613,0.008652065099038523,0.23543468523536965
4496,4495.999999999999,-0.829967717607142,-0.000322416,0.008651926765605394,0.23543092099089005
4497,4496.999999999999,-0.8303456628337069,-0.00035029,0.008651799642594604,0.2354274617975427
4498,4497.999999999999,-0.8307236080602713,-0.00038536,0.008651660624891644,0.2354236789331324
4499,4498.999999999999,-0.831101553286836,-0.000585011,0.008651477251347921,0.23541868908480687
4500,4499.999999999999,-0.8314794985134006,-0.000564316,0.008651260060021215,0.23541277900772659
4501,4500.999999999999,-0.8318574437399653,-0.00064486,0.008651031558872577,0.23540656117471334
4502,4501.999999999999,-0.8322353889665297,-0.000446506,0.008650825320587509,0.23540094914507967
4503,4502.999999999999,-0.8326133341930946,-0.000260739,0.008650691670651628,0.23539731234505265
4504,4503.999999999999,-0.832991279419659,0.000251669,0.008650689956670026,0.23539726570523725
4505,4504.999999999999,-0.8333692246462234,0.000747375,0.00865087874862549,0.23540240299605755
4506,4505.999999999999,-0.8337471698727883,0.001525153,0.008651308194180408,0.235414088804924
4507,4506.999999999999,-0.8341251150993527,0.002380404,0.00865204623749302,0.2354341719865698
4508,4507.999999999999,-0.8345030603259174,0.003297434,0.008653119193377674,0.235463368603572
4509,4508.999999999999,-0.834881005552482,0.004158747,0.00865452820738635,0.23550170982798807
4510,4509.999999999999,-0.8352589507790467,0.00507892,0.00865627387345997,0.23554921182177388
4511,4510.999999999999,-0.8356368960056111,0.005989367,0.008658365476578918,0.2356061272421169
4512,4511.999999999999,-0.836014841232176,0.006782435,0.008660778997379182,0.2356718024888256
4513,4512.999999999999,-0.8363927864587404,0.0074394,0.008663466534704801,0.23574493410504355
4514,4513.999999999999,-0.8367707316853048,0.008241134,0.008666429726192443,0.2358255666531346
4515,4514.999999999999,-0.8371486769118694,0.008957245,0.008669679748816292,0.2359140042740603
4516,4515.999999999999,-0.8375266221384341,0.009860636,0.008673235812965297,0.23601076970913443
4517,4516.999999999999,-0.8379045673649987,0.010678241,0.00867711709822587,0.23611638486149072
4518,4517.999999999999,-0.8382825125915632,0.011637441,0.008681334150970587,0.23623113671254695
4519,4518.999999999999,-0.838660457818128,0.012714071,0.008685935919830603,0.23635635722241158
4520,4519.999999999999,-0.8390384030446925,0.013716042,0.00869093048735356,0.23649226632841044
4521,4520.999999999999,-0.8394163482712569,0.014618845,0.008696285004997008,0.23663797017616725
4522,4521.999999999999,-0.8397942934978218,0.015597962,0.008701995153980844,0.23679335124568857
4523,4522.999999999999,-0.8401722387243862,0.016251904,0.008708013906391556,0.23695712984225542
4524,4523.999999999999,-0.8405501839509508,0.016837053,0.008714266813066631,0.237127280100951
4525,4524.999999999999,-0.8409281291775157,0.0169548,0.008720652547835692,0.23730104479621636
4526,4525.999999999999,-0.8413060744040801,0.01700552,0.008727070118253995,0.23747567578362963
4527,4526.999999999999,-0.8416840196306445,0.016639528,0.008733428110898563,0.2376486855772301
4528,4527.999999999999,-0.8420619648572094,0.016178087,0.008739629741366805,0.23781744053925633
4529,4528.999999999999,-0.8424399100837738,0.015661465,0.008745646544713983,0.23798116609910255
4530,4529.999999999999,-0.8428178553103385,0.015084512,0.008751456692335591,0.23813926827018034
4531,4530.999999999999,-0.8431958005369031,0.014422636,0.008757032735203658,0.2382910001263875
4532,4531.999999999999,-0.8435737457634678,0.014036187,0.008762410673356907,0.23843734127868257
4533,4532.999999999999,-0.8439516909900322,0.013687718,0.008767649732135147,0.2385799033306627
4534,4533.999999999999,-0.8443296362165966,0.013407216,0.008772769932619839,0.23871923108370854
4535,4534.999999999999,-0.8447075814431615,0.013196846,0.008777797371739903,0.2388560346714328
4536,4535.999999999999,-0.8450855266697259,0.012979625,0.008782744007871282,0.23899063949782212
4537,4536.999999999999,-0.8454634718962906,0.012673331,0.008787591714005017,0.23912255230183424
4538,4537.999999999999,-0.8458414171228552,0.012027927,0.008792259575280638,0.23924957127794783
4539,4538.999999999999,-0.8462193623494199,0.011262166,0.008796660765018435,0.2393693337518449
4540,4539.999999999999,-0.8465973075759843,0.010064989,0.008800691013232663,0.23947900239266945
4541,4540.999999999999,-0.8469752528025492,0.008662978,0.008804230086098118,0.23957530547136408
4542,4541.999999999999,-0.8473531980291136,0.007133904,0.00880721526417137,0.2396565363049284
4543,4542.999999999999,-0.847731143255678,0.005514355,0.008809605438728073,0.23972157626798615
4544,4543.999999999999,-0.8481090884822429,0.004050471,0.008811412928892884,0.23977076058099664
4545,4544.999999999999,-0.8484870337088073,0.002625845,0.008812674569774503,0.23980509157833013
4546,4545.999999999999,-0.8488649789353719,0.001362292,0.00881342821844552,0.23982559940341094
4547,4546.999999999999,-0.8492429241619366,0.000497301,0.008813779630594371,0.23983516181512485
4548,4547.999999999999,-0.8496208693885012,-0.000198112,0.008813836169121566,0.23983670030682613
4549,4548.999999999999,-0.8499988146150657,-0.000464243,0.008813711002166295,0.23983329434046102
4550,4549.999999999999,-0.8503767598416305,-0.000601984,0.008813509514463753,0.23982781158076336
4551,4550.999999999999,-0.850754705068195,-0.000526674,0.008813296229011992,0.23982200778795482
4552,4551.999999999999,-0.8511326502947596,-0.000354961,0.008813129624142081,0.2398174742384892
4553,4552.999999999999,-0.8515105955213242,-0.000287248,0.008813008264229079,0.23981417186702172
4554,4553.999999999999,-0.8518885407478889,-0.000244025,0.008812907868181901,0.23981143995140441
4555,4554.999999999999,-0.8522664859744533,-0.000309762,0.00881280321760531,0.23980859226414392
4556,4555.999999999999,-0.8526444312010177,-0.000398042,0.008812669462033738,0.2398049525896233
4557,4556.999999999999,-0.8530223764275826,-0.000473356,0.00881250479167647,0.2398004716809284
4558,4557.999999999999,-0.853400321654147,-0.000577528,0.008812306203380733,0.2397950678181092
4559,4558.999999999999,-0.8537782668807117,-0.000640672,0.008812075996943232,0.23978880358182206
4560,4559.999999999999,-0.8541562121072763,-0.000419768,0.008811875602825203,0.23978335058007494
4561,4560.999999999999,-0.854534157333841,0.000135276,0.008811821841628506,0.23978188766338657
4562,4561.999999999999,-0.8549121025604054,0.000941022,0.008812025232474235,0.2397874222102486
4563,4562.999999999999,-0.8552900477869703,0.001998555,0.00881258073202187,0.2398025381229988
4564,4563.999999999999,-0.8556679930135347,0.003415582,0.008813603855639429,0.23983037873493354
4565,4564.999999999999,-0.8560459382400991,0.005002391,0.008815194621995778,0.23987366569268329
4566,4565.999999999999,-0.856423883466664,0.006766,0.008817418525597176,0.23993418119255477
4567,4566.999999999999,-0.8568018286932284,0.008358117,0.008820276569510253,0.2400119525293815
4568,4567.999999999999,-0.857179773919793,0.009928825,0.008823732300728936,0.2401059877663354
4569,4568.999999999999,-0.8575577191463577,0.011434695,0.008827769420932245,0.24021584340350913
4570,4569.999999999999,-0.8579356643729223,0.012649315,0.008832320639240263,0.24033968836277841
4571,4570.999999999999,-0.8583136095994868,0.013836991,0.008837325825701276,0.24047588642480225
4572,4571.999999999999,-0.8586915548260516,0.01482003,0.008842741217848532,0.2406232467521947
4573,4572.999999999999,-0.8590695000526161,0.015520185,0.008848474687564629,0.2407792624111691
4574,4573.999999999999,-0.8594474452791805,0.016136295,0.008854456895317548,0.24094204657693752
4575,4574.999999999999,-0.8598253905057451,0.016600277,0.008860643210878292,0.2411103847991005
4576,4575.999999999999,-0.8602033357323098,0.016803865,0.008866955678886485,0.24128215580423687
4577,4576.999999999999,-0.8605812809588744,0.016718972,0.008873290576999012,0.24145453716360582
4578,4577.999999999999,-0.8609592261854389,0.016577862,0.008879582766734019,0.24162575636881814
4579,4578.999999999999,-0.8613371714120037,0.01631863,0.008885799302795079,0.24179491693268776
4580,4579.999999999999,-0.8617151166385681,0.015877612,0.008891883510783688,0.24196047666626672
4581,4580.999999999999,-0.8620930618651328,0.015293229,0.008897773946065664,0.24212076357588158
4582,4581.999999999999,-0.8624710070916974,0.01469449,0.00890344080369147,0.2422749666275384
4583,4582.999999999999,-0.8628489523182621,0.014059019,0.008908874429428235,0.24242282311617766
4584,4583.999999999999,-0.8632268975448267,0.013447401,0.008914072389497676,0.24256426681531842
4585,4584.999999999999,-0.8636048427713912,0.013044835,0.008919078696566288,0.24270049537062846
4586,4585.999999999999,-0.8639827879979558,0.012593831,0.00892392370228138,0.2428323346925058
4587,4586.999999999999,-0.8643607332245204,0.012384181,0.008928643862483616,0.24296077679491182
4588,4587.999999999999,-0.8647386784510849,0.012275777,0.008933303919190307,0.2430875833978858
4589,4588.999999999999,-0.8651166236776495,0.012248974,0.008937938425476875,0.24321369473850907
4590,4589.999999999999,-0.8654945689042142,0.012218009,0.00894256201519352,0.24333950902413165
4591,4590.999999999999,-0.8658725141307788,0.012248929,0.008947185596406395,0.2434653230783549
4592,4591.999999999999,-0.8662504593573435,0.012172469,0.008951800571806461,0.24359090295648184
4593,4592.999999999999,-0.8666284045839079,0.011968102,0.008956362478594458,0.24371503876410822
4594,4593.999999999999,-0.8670063498104725,0.011563138,0.00896080923851103,0.24383604126574124
4595,4594.999999999999,-0.8673842950370372,0.011029737,0.008965078673141341,0.24395221850051862
4596,4595.999999999999,-0.8677622402636016,0.010423194,0.008969132689574976,0.24406253390754187
4597,4596.999999999999,-0.8681401854901662,0.009739737,0.008972942931337477,0.24416621586783185
4598,4597.999999999999,-0.8685181307167309,0.009055007,0.00897649462322713,0.24426286232766795
4599,4598.999999999999,-0.8688960759432955,0.008460274,0.008979804531650074,0.24435292952420354
4600,4599.999999999999,-0.8692740211698602,0.008105896,0.008982935084087052,0.24443811619572947
4601,4600.999999999999,-0.8696519663964246,0.007927102,0.008985964881617863,0.2445205611865875
4602,4601.999999999999,-0.8700299116229893,0.007894761,0.008988954780415967,0.2446019204776191
4603,4602.999999999999,-0.8704078568495539,0.007938599,0.008991946851832206,0.24468333888860197
4604,4603.999999999999,-0.8707858020761186,0.008106285,0.008994978895491498,0.24476584499972967
4605,4604.999999999999,-0.8711637473026832,0.008102487,0.008998041909494435,0.24484919385684045
4606,4605.999999999999,-0.8715416925292478,0.008248929,0.00900113187930682,0.24493327621889374
4607,4606.999999999999,-0.8719196377558123,0.008204048,0.009004241041366785,0.2450178808286088
4608,4607.999999999999,-0.8722975829823769,0.008333021,0.009007366094511745,0.24510291785677554
4609,4608.999999999999,-0.8726755282089413,0.008333719,0.009010515651924442,0.24518862168003633
4610,4609.999999999999,-0.873053473435506,0.008568549,0.0090137097176788,0.24527553663697327
4611,4610.999999999999,-0.8734314186620706,0.008809293,0.009016993653894747,0.2453648970937526
4612,4611.999999999999,-0.8738093638886353,0.009089158,0.009020375970953922,0.2454569346296562
4613,4612.999999999999,-0.8741873091151999,0.009357786,0.009023861938168674,0.24555179262997767
4614,4613.999999999999,-0.8745652543417646,0.009548101,0.009027434633041485,0.24564901061010078
4615,4614.999999999999,-0.874943199568329,0.009592436,0.009031051670338,0.2457474352090424
4616,4615.999999999999,-0.8753211447948936,0.009793691,0.009034715117418613,0.24584712268254472
4617,4616.999999999999,-0.8756990900214583,0.009869266,0.009038430877787761,0.2459482336731471
4618,4617.999999999999,-0.8760770352480227,0.009955562,0.009042177227342792,0.24605017703790155
4619,4618.999999999999,-0.8764549804745874,0.009984101,0.009045945277567871,0.24615271090797047
4620,4619.999999999999,-0.876832925701152,0.009920337,0.009049706671232647,0.2462550636438059
4621,4620.999999999999,-0.8772108709277167,0.010020491,0.00905347494161082,0.24635760350454566
4622,4621.999999999999,-0.8775888161542813,0.010092669,0.009057275778017385,0.24646102953206253
4623,4622.999999999999,-0.8779667613808457,0.010111043,0.009061093726272028,0.2465649211966868
4624,4623.999999999999,-0.8783447066074104,0.010247353,0.009064940905566385,0.2466696082784231
4625,4624.999999999999,-0.878722651833975,0.010392911,0.0090688413501933,0.2467757447836972
4626,4625.999999999999,-0.8791005970605394,0.010382138,0.009072767265493898,0.2468825743813108
4627,4626.999999999999,-0.8794785422871041,0.010350324,0.009076685133017815,0.2469891849877647
4628,4627.999999999999,-0.8798564875136687,0.010334478,0.009080593994106982,0.24709555051664397
4629,4628.999999999999,-0.8802344327402334,0.01032493,0.009084498056425607,0.24720178546432447
4630,4629.999999999999,-0.880612377966798,0.010145295,0.009088366368338334,0.24730704759390165
4631,4630.999999999999,-0.8809903231933625,0.009985006,0.009092170443924463,0.24741056176398474
4632,4631.999999999999,-0.8813682684199271,0.00962342,0.009095875899428035,0.24751139234490976
4633,4632.999999999999,-0.8817462136464917,0.009238883,0.009099440358118467,0.24760838620709297
4634,4633.999999999999,-0.8821241588730564,0.008815577,0.009102852156606068,0.24770122597353256
4635,4634.999999999999,-0.882502104099621,0.008371063,0.009106099960880411,0.24778960323009308
4636,4635.999999999999,-0.8828800493261857,0.007981227,0.009109190095854862,0.2478736900864351
4637,4636.999999999999,-0.8832579945527501,0.007747693,0.00911216243097137,0.2479545714453429
4638,4637.999999999999,-0.8836359397793148,0.007480776,0.009115040194554589,0.24803287938173052
4639,4638.999999999999,-0.8840138850058792,0.00738209,0.009117848869183473,0.2481093073118964
4640,4639.999999999999,-0.8843918302324438,0.007435068,0.00912064890625215,0.24818550020207525
4641,4640.999999999999,-0.8847697754590085,0.007618377,0.0091234935950927,0.24826290812886512
4642,4641.999999999999,-0.8851477206855731,0.007731417,0.009126394285778225,0.24834183994348907
4643,4642.999999999999,-0.8855256659121378,0.007997512,0.009129366622595487,0.24842272134867674
4644,4643.999999999999,-0.8859036111387024,0.008258057,0.009132438479949809,0.24850631084563776
4645,4644.999999999999,-0.8862815563652668,0.008455101,0.009135596809093269,0.24859225335985244
4646,4645.999999999999,-0.8866595015918315,0.008817751,0.009138860905074547,0.24868107393634295
4647,4646.999999999999,-0.8870374468183961,0.009331091,0.009142290539175334,0.24877439903454188
4648,4647.999999999999,-0.8874153920449606,0.009803624,0.009145906476273296,0.24887279369555573
4649,4648.999999999999,-0.8877933372715252,0.010567564,0.009149756072905321,0.248977546556401
4650,4649.999999999999,-0.8881712824980899,0.011448559,0.009153916517202975,0.2490907580131394
4651,4650.999999999999,-0.8885492277246545,0.012407844,0.0091584247240214,0.24921343257015235
4652,4651.999999999999,-0.8889271729512191,0.013602175,0.009163339905283353,0.2493471814659404
4653,4652.999999999999,-0.8893051181777836,0.014929022,0.009168731520140515,0.24949389478030826
4654,4653.999999999999,-0.8896830634043482,0.016156672,0.009174605864971389,0.24965374384644326
4655,4654.999999999999,-0.8900610086309129,0.0172054,0.00918091038290174,0.24982529851894084
4656,4655.999999999999,-0.8904389538574773,0.018162992,0.009187594040365572,0.25000717010372503
4657,4656.999999999999,-0.8908168990840422,0.01873514,0.009194566776794847,0.2501969079278935
4658,4657.999999999999,-0.8911948443106068,0.019072601,0.009201711404413917,0.25039132314961976
4659,4658.999999999999,-0.8915727895371712,0.019069686,0.00920891925206487,0.2505874586760521
4660,4659.999999999999,-0.8919507347637359,0.018816786,0.009216078757686756,0.25078227874885956
4661,4660.999999999999,-0.8923286799903003,0.018212754,0.009223076326629198,0.25097269230013525
4662,4661.999999999999,-0.892706625216865,0.017343907,0.00922979556177796,0.25115553200304586
4663,4662.999999999999,-0.8930845704434296,0.016363941,0.009236165421902642,0.2513288647272315
4664,4663.999999999999,-0.8934625156699942,0.015227005,0.009242135245524322,0.25149131190362145
4665,4664.999999999999,-0.8938404608965589,0.014123034,0.00924768159909409,0.2516422358728652
4666,4665.999999999999,-0.8942184061231235,0.01311972,0.009252829733510475,0.2517823237469157
4667,4666.999999999999,-0.894596351349688,0.01191668,0.009257560927445656,0.25191106609249064
4668,4667.999999999999,-0.8949742965762526,0.010848842,0.009261862987630732,0.2520281311138402
4669,4668.999999999999,-0.895352241802817,0.009793933,0.00926576390676788,0.2521342805311955
4670,4669.999999999999,-0.8957301870293817,0.008807665,0.009269279099353166,0.25222993379436276
4671,4670.999999999999,-0.8961081322559463,0.007846918,0.009272426359425804,0.25231557510381586
4672,4671.999999999999,-0.896486077482511,0.007021465,0.009275236076616596,0.25239203140353655
4673,4672.999999999999,-0.8968640227090756,0.006047882,0.00927770582527308,0.2524592366881586
4674,4673.999999999999,-0.8972419679356403,0.005319601,0.009279853968242031,0.25251769063619833
4675,4674.999999999999,-0.8976199131622047,0.004551461,0.009281719328624042,0.2525684496780412
4676,4675.999999999999,-0.8979978583887693,0.003813377,0.009283300053920585,0.25261146340463425
4677,4676.999999999999,-0.898375803615334,0.003303444,0.009284644938183217,0.2526480595697609
4678,4677.999999999999,-0.8987537488418984,0.002851255,0.009285808007737213,0.2526797083046256
4679,4678.999999999999,-0.899131694068463,0.002516806,0.009286822424252642,0.2527073119842413
4680,4679.999999999999,-0.8995096392950277,0.002385425,0.009287748811655625,0.25273252026967724
4681,4680.999999999999,-0.8998875845215923,0.002371023,0.009288647650064126,0.25275697890878374
4682,4681.999999999999,-0.900265529748157,0.002668043,0.009289599895534649,0.2527828908280831
4683,4682.999999999999,-0.9006434749747214,0.00318392,0.00929070575627559,0.2528129828318391
4684,4683.999999999999,-0.9010214202012861,0.003772722,0.009292020371094,0.2528487553234276
4685,4684.999999999999,-0.9013993654278507,0.004300816,0.009293546048668295,0.2528902711251885
4686,4685.999999999999,-0.9017773106544154,0.005006296,0.009295304837945046,0.25293813021952355
4687,4686.999999999999,-0.90215525588098,0.005532485,0.009297296378931426,0.25299232281052864
4688,4687.999999999999,-0.9025332011075446,0.005900624,0.009299456923417097,0.2530511142210299
4689,4688.999999999999,-0.9029111463341091,0.006283518,0.00930175939257144,0.2531137675985082
4690,4689.999999999999,-0.9032890915606737,0.006509615,0.009304176944346518,0.2531795525336295
4691,4690.999999999999,-0.9036670367872381,0.006576406,0.009306649843932355,0.25324684355940724
4692,4691.999999999999,-0.9040449820138028,0.006750222,0.009309168211651756,0.2533153718361293
4693,4692.999999999999,-0.9044229272403674,0.006991539,0.009311765028139027,0.2533860348125744
4694,4693.999999999999,-0.9048008724669321,0.007259248,0.009314458036599747,0.2534593153059627
4695,4694.999999999999,-0.9051788176934967,0.007493167,0.009317245839014521,0.2535351752742486
4696,4695.999999999999,-0.9055567629200614,0.007970185,0.009320167989052065,0.253614691027589
4697,4696.999999999999,-0.9059347081466258,0.008420897,0.00932326545465213,0.253698977360416
4698,4697.999999999999,-0.9063126533731904,0.008973932,0.009326552600945857,0.2537884251678617
4699,4698.999999999999,-0.9066905985997549,0.009712738,0.009330083869809302,0.2538845158888433
4700,4699.999999999999,-0.9070685438263195,0.01057707,0.009333918087850059,0.2539888502769017
4701,4700.999999999999,-0.9074464890528842,0.011335951,0.009338059048693339,0.2541015315618377
4702,4701.999999999999,-0.9078244342794488,0.012083544,0.00934248469186524,0.25422195944757525
4703,4702.999999999999,-0.9082023795060135,0.012800491,0.009347187092988199,0.2543499183008156
4704,4703.999999999999,-0.9085803247325781,0.013528441,0.009352162540073171,0.2544853071131913
4705,4704.999999999999,-0.9089582699591425,0.014160285,0.009357394950983849,0.25462768826747945
4706,4705.999999999999,-0.9093362151857072,0.014779706,0.009362863816711486,0.2547765036851216
4707,4706.999999999999,-0.9097141604122718,0.015400251,0.009368567002054523,0.25493169526432347
4708,4707.999999999999,-0.9100921056388362,0.015906628,0.009374483144792865,0.25509268170946287
4709,4708.999999999999,-0.9104700508654009,0.016304939,0.009380570248786772,0.2552583202473606
4710,4709.999999999999,-0.9108479960919655,0.016907372,0.009386846465989586,0.2554291048178301
4711,4710.999999999999,-0.9112259413185302,0.017309665,0.009393312548890254,0.2556050558971387
4712,4711.999999999999,-0.9116038865450948,0.017633002,0.009399915755988296,0.2557847383159458
4713,4712.999999999999,-0.9119818317716593,0.017688187,0.009406590493377864,0.25596636717314386
4714,4713.999999999999,-0.9123597769982239,0.017469683,0.009413234367949204,0.2561471562102745
4715,4714.999999999999,-0.9127377222247886,0.016762667,0.009419703344587497,0.2563231860321954
4716,4715.999999999999,-0.9131156674513532,0.015803407,0.009425857440695622,0.25649064751838846
4717,4716.999999999999,-0.9134936126779178,0.014502754,0.009431584475138345,0.2566464880646535
4718,4717.999999999999,-0.9138715579044825,0.012851584,0.009436753695874812,0.25678714972670424
4719,4718.999999999999,-0.9142495031310469,0.011065279,0.009441273327977437,0.25691013518153855
4720,4719.999999999999,-0.9146274483576116,0.009304083,0.009445122579545471,0.25701487865271433
4721,4720.999999999999,-0.915005393584176,0.007582807,0.009448313739278982,0.2571017145327955
4722,4721.999999999999,-0.9153833388107406,0.006194208,0.009450917217806762,0.2571725587925981
4723,4722.999999999999,-0.9157612840373053,0.004922208,0.009453017915988614,0.2572297217022107
4724,4723.999999999999,-0.9161392292638699,0.003941337,0.00945469288325021,0.2572752998833154
4725,4724.999999999999,-0.9165171744904346,0.003199207,0.009456042250510147,0.2573120180370132
4726,4725.999999999999,-0.9168951197169992,0.002791953,0.00945717441567194,0.25734282582052503
4727,4726.999999999999,-0.9172730649435636,0.002344834,0.009458145127735204,0.2573692402414121
4728,4727.999999999999,-0.9176510101701283,0.001886037,0.009458944646484535,0.2573909962549111
4729,4728.999999999999,-0.9180289553966927,0.00136477,0.009459558959978602,0.2574077125766743
4730,4729.999999999999,-0.9184069006232574,0.000847974,0.009459977107994807,0.25741909096385124
4731,4730.999999999999,-0.918784845849822,8.8609e-05,0.009460154096531873,0.25742390706729446
4732,4731.999999999999,-0.9191627910763867,-0.000783475,0.009460022785887971,0.257420333922645
4733,4732.999999999999,-0.9195407363029513,-0.001597937,0.009459572764239029,0.2574080882097366
4734,4733.999999999999,-0.919918681529516,-0.002219207,0.009458851428562074,0.2573884596660179
4735,4734.999999999999,-0.9202966267560804,-0.002796385,0.009457903619034676,0.2573626684548803
4736,4735.999999999999,-0.920674571982645,-0.003156371,0.009456778711177125,0.25733205815267735
4737,4736.999999999999,-0.9210525172092097,-0.003273146,0.009455563708547492,0.2572989962468325
4738,4737.999999999999,-0.9214304624357743,-0.003122377,0.009454355129852874,0.25726610914516457
4739,4738.999999999999,-0.921808407662339,-0.002535107,0.009453286020316792,0.257237017192639
4740,4739.999999999999,-0.9221863528889034,-0.001632624,0.009452498433298264,0.25721558585807547
4741,4740.999999999999,-0.922564298115468,-0.000497685,0.009452095863239435,0.25720463136871363
4742,4741.999999999999,-0.9229422433420327,0.000838814,0.009452160327278032,0.25720638552456687
4743,4742.999999999999,-0.9233201885685971,0.002078015,0.00945271152807666,0.2572213844623974
4744,4743.999999999999,-0.9236981337951617,0.003189326,0.009453706911270478,0.2572484702189472
4745,4744.999999999999,-0.9240760790217264,0.004303228,0.009455122798780018,0.2572869984808501
4746,4745.999999999999,-0.924454024248291,0.005173313,0.009456913605497665,0.2573357288141359
4747,4746.999999999999,-0.9248319694748557,0.005911608,0.009459008351987062,0.25739272976994637
4748,4747.999999999999,-0.9252099147014203,0.006440049,0.009461342476888719,0.2574562445441917
4749,4748.999999999999,-0.9255878599279848,0.006901956,0.009463863750439994,0.25752485189262725
4750,4749.999999999999,-0.9259658051545494,0.007272691,0.009466542370525938,0.25759774085839215
4751,4750.999999999999,-0.9263437503811138,0.007604197,0.009469353694928805,0.25767424089258134
4752,4751.999999999999,-0.9267216956076785,0.007864549,0.009472276864284625,0.25775378438298496
4753,4752.999999999999,-0.9270996408342431,0.00802472,0.0094752795009707,0.2578354902896062
4754,4753.999999999999,-0.9274775860608078,0.008359122,0.009478375598409045,0.2579197393928562
4755,4754.999999999999,-0.9278555312873724,0.008538988,0.009481568878415277,0.25800663296849735
4756,4755.999999999999,-0.9282334765139371,0.008566637,0.009484801373073354,0.25809459362917636
4757,4756.999999999999,-0.9286114217405015,0.008503268,0.009488027117629685,0.2581823706102296
4758,4757.999999999999,-0.9289893669670661,0.008383515,0.009491218257143125,0.2582692059400946
4759,4758.999999999999,-0.9293673121936306,0.007878154,0.009494291267230387,0.25835282680451693
4760,4759.999999999999,-0.9297452574201952,0.007335211,0.009497166176571255,0.2584310570730135
4761,4760.999999999999,-0.9301232026467599,0.006639339,0.009499806983804199,0.2585029170986303
4762,4761.999999999999,-0.9305011478733245,0.005910009,0.009502178466890748,0.25856744844087426
4763,4762.999999999999,-0.9308790930998891,0.005130375,0.009504264797106868,0.25862422037822175
4764,4763.999999999999,-0.9312570383264538,0.004482192,0.00950608130901321,0.2586736501853257
4765,4764.999999999999,-0.9316349835530182,0.003743828,0.009507635801509522,0.2587159500810593
4766,4765.999999999999,-0.9320129287795829,0.003008634,0.009508911831899752,0.25875067263686946
4767,4766.999999999999,-0.9323908740061475,0.002378942,0.009509929936215729,0.2587783766666502
4768,4767.999999999999,-0.9327688192327122,0.001856145,0.009510730251673597,0.2588001543596929
4769,4768.999999999999,-0.9331467644592768,0.001346861,0.009511335532087776,0.2588166248788302
4770,4769.999999999999,-0.9335247096858412,0.000901149,0.009511760344412161,0.25882818461107115
4771,4770.999999999999,-0.9339026549124059,0.000501455,0.009512025398155441,0.2588353970908555
4772,4771.999999999999,-0.9342806001389705,-7.5257e-05,0.009512105937905278,0.25883758868909645
4773,4772.999999999999,-0.9346585453655349,-0.000573305,0.009511983377449263,0.2588342536491893
4774,4773.999999999999,-0.9350364905920996,-0.001198713,0.00951164851457702,0.25882514156623326
4775,4774.999999999999,-0.9354144358186642,-0.001946446,0.0095110541656616,0.25880896850833096
4776,4775.999999999999,-0.9357923810452289,-0.002461381,0.009510221207074515,0.25878630255049084
4777,4776.999999999999,-0.9361703262717935,-0.002980319,0.009509192874804817,0.2587583202039109
4778,4777.999999999999,-0.9365482714983582,-0.00335901,0.00950799491523723,0.2587257220634102
4779,4778.999999999999,-0.9369262167249226,-0.003370541,0.009506723214398544,0.2586911173206994
4780,4779.999999999999,-0.9373041619514872,-0.003275215,0.009505467348519987,0.2586569434692048
4781,4780.999999999999,-0.9376821071780517,-0.002881812,0.009504303839037748,0.2586252827632827
4782,4781.999999999999,-0.9380600524046163,-0.00221262,0.00950334113090952,0.2585990861405633
4783,4782.999999999999,-0.938437997631181,-0.001254957,0.009502685853822072,0.2585812551426387
4784,4783.999999999999,-0.9388159428577456,-0.000122265,0.009502425596581663,0.25857417318234655
4785,4784.999999999999,-0.9391938880843103,0.000991127,0.009502589787704385,0.2585786410504051
4786,4785.999999999999,-0.9395718333108749,0.002213561,0.0095031953859705,0.25859512021873426
4787,4786.999999999999,-0.9399497785374393,0.003247999,0.009504227471236297,0.2586232046895407
4788,4787.999999999999,-0.940327723764004,0.004061351,0.009505608738207192,0.2586607908785945
4789,4788.999999999999,-0.9407056689905686,0.004512301,0.009507228923631005,0.258704878369952
4790,4789.999999999999,-0.9410836142171333,0.004714458,0.009508972528391361,0.2587523242725464
4791,4790.999999999999,-0.9414615594436979,0.004463959,0.009510706997837647,0.25879952159058117
4792,4791.999999999999,-0.9418395046702623,0.003865083,0.009512280958670525,0.25884235124674065
4793,4792.999999999999,-0.942217449896827,0.003094109,0.009513596055369097,0.25887813685095634
4794,4793.999999999999,-0.9425953951233916,0.002282941,0.009514612170559347,0.2589057867538686
4795,4794.999999999999,-0.9429733403499561,0.00126825,0.009515283248402881,0.2589240477122702
4796,4795.999999999999,-0.9433512855765207,0.000188227,0.009515558482667757,0.2589315372181598
4797,4796.999999999999,-0.9437292308030854,-0.000730669,0.009515455975985463,0.25892874786923514
4798,4797.999999999999,-0.94410717602965,-0.001597144,0.00951501608307962,0.2589167777734674
4799,4798.999999999999,-0.9444851212562146,-0.002422401,0.009514256499156765,0.2588961084419563
4800,4799.999999999999,-0.9448630664827791,-0.003146598,0.009513204110862369,0.25886747149759676
4801,4800.999999999999,-0.9452410117093437,-0.003907742,0.009511871033797586,0.2588311966226913
4802,4801.999999999999,-0.9456189569359084,-0.004700299,0.009510244349794575,0.25878693229598515
4803,4802.999999999999,-0.9459969021624728,-0.00573381,0.009508272588949573,0.25873327795004714
4804,4803.999999999999,-0.9463748473890374,-0.00670626,0.009505921756412258,0.2586693085378746
4805,4804.999999999999,-0.9467527926156021,-0.007998008,0.009503143052461895,0.25859369615141803
4806,4805.999999999999,-0.9471307378421667,-0.009178286,0.00949989720329821,0.2585053720961288
4807,4806.999999999999,-0.9475086830687314,-0.010446494,0.00949618865733652,0.2584044574195542
4808,4807.999999999999,-0.947886628295296,-0.01162716,0.00949201734125545,0.2582909501265181
4809,4808.999999999999,-0.9482645735218604,-0.012507635,0.009487456525973267,0.258166844020278
4810,4809.999999999999,-0.9486425187484251,-0.012997204,0.009482636809896092,0.25803569286450606
4811,4810.999999999999,-0.9490204639749895,-0.013100957,0.00947770497221006,0.25790149072432894
4812,4811.999999999999,-0.9493984092015542,-0.012970016,0.009472778272311438,0.25776742839046946
4813,4812.999999999999,-0.9497763544281188,-0.012392306,0.009467985488044192,0.2576370100865797
4814,4813.999999999999,-0.9501542996546835,-0.011571967,0.009463456896749971,0.25751378083972243
4815,4814.999999999999,-0.9505322448812481,-0.010271314,0.009459329114856741,0.25740145817228655
4816,4815.999999999999,-0.9509101901078127,-0.008781449,0.009455728664442383,0.25730348492540195
4817,4816.999999999999,-0.9512881353343772,-0.007041356,0.009452738587632077,0.2572221207904115
4818,4817.999999999999,-0.9516660805609418,-0.005055825,0.009450452551725158,0.25715991458437615
4819,4818.999999999999,-0.9520440257875065,-0.003230305,0.009448886700085061,0.25711730559059354
4820,4819.999999999999,-0.9524219710140711,-0.001202237,0.009448049071039837,0.2570945125431131
4821,4820.999999999999,-0.9527999162406358,0.000622134,0.009447939447459955,0.25709152953353925
4822,4821.999999999999,-0.9531778614672002,0.00267095,0.009448561750149194,0.25710846325237807
4823,4822.999999999999,-0.9535558066937648,0.004639063,0.00944994314240893,0.257146052850715
4824,4823.999999999999,-0.9539337519203295,0.006655007,0.009452077412331424,0.25720412929392916
4825,4824.999999999999,-0.9543116971468939,0.008734531,0.00945498561354449,0.25728326548041897
4826,4825.999999999999,-0.9546896423734585,0.010939963,0.009458703554090677,0.2573844357966608
4827,4826.999999999999,-0.9550675876000232,0.012911759,0.0094632108763283,0.25750708628300395
4828,4827.999999999999,-0.9554455328265878,0.014941072,0.00946847429858968,0.25765031129913407
4829,4828.999999999999,-0.9558234780531525,0.016888896,0.009474489290823332,0.2578139875760706
4830,4829.999999999999,-0.9562014232797169,0.018571865,0.00948119040349848,0.2579963341413519
4831,4830.999999999999,-0.9565793685062816,0.019757884,0.009488433676333464,0.25819343363614977
4832,4831.999999999999,-0.9569573137328462,0.020655266,0.009496070654899933,0.2584012464096743
4833,4832.999999999999,-0.9573352589594106,0.020876161,0.009503918957193467,0.2586148095947589
4834,4833.999999999999,-0.9577132041859753,0.020535112,0.009511744553671623,0.25882775492313126
4835,4834.999999999999,-0.9580911494125399,0.019662166,0.009519340738342118,0.25903445763819594
4836,4835.999999999999,-0.9584690946391046,0.01831537,0.009526517452566061,0.25922974598092074
4837,4836.999999999999,-0.9588470398656692,0.01671962,0.00953313810618268,0.25940990314368345
4838,4837.999999999999,-0.9592249850922339,0.015085768,0.009539148453469499,0.2595734530251776
4839,4838.999999999999,-0.9596029303187983,0.013365262,0.009544524918959171,0.2597197541042553
4840,4839.999999999999,-0.9599808755453629,0.011862946,0.00954929235935336,0.2598494827662263
4841,4840.999999999999,-0.9603588207719274,0.010346087,0.009553489258357844,0.25996368620607274
4842,4841.999999999999,-0.960736765998492,0.008990735,0.009557143388143759,0.2600631201430702
4843,4842.999999999999,-0.9611147112250567,0.007739052,0.009560304859712805,0.26014914816704127
4844,4843.999999999999,-0.9614926564516213,0.006632439,0.009563020677923837,0.2602230493453555
4845,4844.999999999999,-0.9618706016781859,0.005514512,0.009565316118997719,0.26028551147902185
4846,4845.999999999999,-0.9622485469047506,0.004327317,0.009567175955143326,0.2603361201987342
4847,4846.999999999999,-0.962626492131315,0.003186108,0.009568595786700277,0.2603747557836346
4848,4847.999999999999,-0.9630044373578797,0.001861873,0.009569549716861647,0.2604007135457074
4849,4848.999999999999,-0.9633823825844443,0.000504306,0.00956999685989077,0.2604128809273801
4850,4849.999999999999,-0.963760327811009,-0.00073635,0.009569953009929693,0.2604116877091523
4851,4850.999999999999,-0.9641382730375736,-0.001926621,0.009569449781340729,0.260397994161648
4852,4851.999999999999,-0.964516218264138,-0.002770854,0.00956856208721415,0.26037383877390136
4853,4852.999999999999,-0.9648941634907027,-0.003492489,0.009567378486919556,0.2603416313691243
4854,4853.999999999999,-0.9652721087172673,-0.003860726,0.00956598893066498,0.2603038196171705
4855,4854.999999999999,-0.9656500539438317,-0.003966246,0.009564509847312053,0.26026357170876396
4856,4855.999999999999,-0.9660279991703964,-0.003797292,0.009563042751247875,0.26022364999110165
4857,4856.999999999999,-0.966405944396961,-0.003307054,0.009561700224418594,0.2601871179750045
4858,4857.999999999999,-0.9667838896235257,-0.002395609,0.009560622577288815,0.2601577937027192
4859,4858.999999999999,-0.9671618348500903,-0.001511407,0.009559884258265159,0.26013770301859374
4860,4859.999999999999,-0.9675397800766548,-0.000376004,0.00955952758927615,0.2601279975609718
4861,4860.999999999999,-0.9679177253032194,0.000764056,0.00955960092047668,0.2601299930045934
4862,4861.999999999999,-0.968295670529784,0.001997753,0.009560122826740798,0.2601441947975305
4863,4862.999999999999,-0.9686736157563485,0.003085978,0.009561083512673093,0.26017033639349524
4864,4863.999999999999,-0.9690515609829131,0.004092082,0.00956243996942959,0.26020724746222224
4865,4864.999999999999,-0.9694295062094778,0.005119985,0.00956418079780431,0.26025461781551473
4866,4865.999999999999,-0.9698074514360424,0.006151148,0.009566310733261973,0.2603125763119322
4867,4866.999999999999,-0.9701853966626071,0.007176062,0.009568829210963435,0.26038110758141864
4868,4867.999999999999,-0.9705633418891717,0.007996153,0.009571696344081266,0.2604591262481066
4869,4868.999999999999,-0.9709412871157361,0.008733616,0.009574857812248806,0.2605451541795179
4870,4869.999999999999,-0.9713192323423008,0.00950357,0.009578304140946141,0.26063893356083173
4871,4870.999999999999,-0.9716971775688654,0.010043832,0.00958199806458496,0.2607394503437308
4872,4871.999999999999,-0.9720751227954301,0.010700848,0.009585918240976266,0.260846123777667
4873,4872.999999999999,-0.9724530680219947,0.011240348,0.009590064526122925,0.26095894994427876
4874,4873.999999999999,-0.9728310132485591,0.011773948,0.009594413597780897,0.2610772942129753
4875,4874.999999999999,-0.9732089584751238,0.01230043,0.009598962995904703,0.261201089642509
4876,4875.999999999999,-0.9735869037016884,0.01276757,0.009603700161374464,0.2613299944818178
4877,4876.999999999999,-0.9739648489282529,0.013183791,0.009608604257880866,0.26146344174604114
4878,4877.999999999999,-0.9743427941548175,0.013712874,0.009613686990954494,0.26160174995889285
4879,4878.999999999999,-0.9747207393813822,0.014171666,0.009618956405348468,0.2617451380292575
4880,4879.999999999999,-0.9750986846079468,0.014868172,0.009624444139424622,0.26189446688081897
4881,4880.999999999999,-0.9754766298345114,0.015334777,0.009630151669625985,0.2620497766896389
4882,4881.999999999999,-0.9758545750610759,0.015861352,0.009636046883647406,0.26221019363537856
4883,4882.999999999999,-0.9762325202876405,0.016075409,0.009642082056833349,0.26237441906400266
4884,4883.999999999999,-0.9766104655142052,0.015973551,0.009648138432557529,0.26253922144308417
4885,4884.999999999999,-0.9769884107407696,0.015611246,0.00965410709418661,0.2627016370000447
4886,4885.999999999999,-0.9773663559673342,0.014869533,0.00965986712664912,0.2628583754681715
4887,4886.999999999999,-0.9777443011938989,0.013845616,0.009665293503396441,0.2630060347017591
4888,4887.999999999999,-0.9781222464204635,0.012297885,0.009670233909100759,0.2631404699895911
4889,4888.999999999999,-0.9785001916470282,0.010662409,0.009674572775859668,0.2632585365688377
4890,4889.999999999999,-0.9788781368735926,0.008890496,0.009678267739414778,0.26335908164930066
4891,4890.999999999999,-0.9792560821001572,0.007098317,0.00968128918719067,0.26344129943175254
4892,4891.999999999999,-0.9796340273267219,0.005680666,0.00968370406500327,0.26350701160464807
4893,4892.999999999999,-0.9800119725532863,0.004492675,0.009685626547837852,0.26355932502761115
4894,4893.999999999999,-0.980389917779851,0.003786651,0.009687191113708289,0.2636018990338189
4895,4894.999999999999,-0.9807678630064156,0.003407668,0.009688550642970506,0.2636388937096858
4896,4895.999999999999,-0.9811458082329803,0.003568893,0.009689869021934399,0.2636747686288909
4897,4896.999999999999,-0.9815237534595449,0.003948707,0.00969128964245201,0.2637134256825046
4898,4897.999999999999,-0.9819016986861095,0.004762909,0.009692935899293442,0.26375822261327686
4899,4898.999999999999,-0.982279643912674,0.005760601,0.009694924554479043,0.26381233667764237
4900,4899.999999999999,-0.9826575891392386,0.006903512,0.009697317725007556,0.26387745816524627
4901,4900.999999999999,-0.9830355343658033,0.007906259,0.009700116366135539,0.2639536130699437
4902,4901.999999999999,-0.9834134795923679,0.009106214,0.009703331257616743,0.2640410947237777
4903,4902.999999999999,-0.9837914248189326,0.010019259,0.009706945448229812,0.2641394418605165
4904,4903.999999999999,-0.984169370045497,0.01109325,0.009710935134228488,0.2642480067472267
4905,4904.999999999999,-0.9845473152720616,0.011919056,0.00971528382983096,0.2643663407829318
4906,4905.999999999999,-0.9849252604986263,0.012967534,0.009719986713778946,0.26449431277451046
4907,4906.999999999999,-0.9853032057251907,0.013907781,0.00972506541228728,0.2646325112012477
4908,4907.999999999999,-0.9856811509517553,0.014942239,0.009730517275959928,0.2647808639694046
4909,4908.999999999999,-0.98605909617832,0.015885375,0.009736342850738766,0.2649393859348164
4910,4909.999999999999,-0.9864370414048846,0.017042634,0.00974256534264968,0.26510870856561686
4911,4910.999999999999,-0.9868149866314493,0.018024946,0.009749192154883766,0.2652890333128982
4912,4911.999999999999,-0.9871929318580137,0.018840932,0.009756158796190371,0.2654786052803295
4913,4912.999999999999,-0.9875708770845784,0.0194658,0.009763397719442716,0.2656755864169541
4914,4913.999999999999,-0.987948822311143,0.019840401,0.009770825514963884,0.2658777070298369
4915,4914.999999999999,-0.9883267675377074,0.019919432,0.009778339034509562,0.26608216031226106
4916,4915.999999999999,-0.9887047127642721,0.019643638,0.009785815371236933,0.2662856017986546
4917,4916.999999999999,-0.9890826579908367,0.018942935,0.009793107176774351,0.2664840219355639
4918,4917.999999999999,-0.9894606032174014,0.01816015,0.009800118643707636,0.26667481367043655
4919,4918.999999999999,-0.989838548443966,0.017260022,0.009806812086173384,0.2668569515186873
4920,4919.999999999999,-0.9902164936705304,0.016230133,0.009813140808282963,0.2670291648204546
4921,4920.999999999999,-0.9905944388970951,0.015131301,0.009819067260422223,0.26719043179868435
4922,4921.999999999999,-0.9909723841236597,0.014002292,0.009824572711625736,0.2673402427578416
4923,4922.999999999999,-0.9913503293502244,0.01273986,0.009829626245973968,0.2674777564328987
4924,4923.999999999999,-0.991728274576789,0.011567451,0.009834219662055504,0.2676027496520819
4925,4924.999999999999,-0.9921062198033537,0.010352438,0.009838361920762692,0.26771546625369397
4926,4925.999999999999,-0.9924841650299181,0.008933353,0.009842006407087179,0.2678146377787378
4927,4926.999999999999,-0.9928621102564827,0.007504677,0.009845112744573491,0.26789916552788823
4928,4927.999999999999,-0.9932400554830472,0.005874556,0.009847641053197213,0.26796796431039743
4929,4928.999999999999,-0.9936180007096118,0.004280585,0.009849560096730233,0.2680201841451973
4930,4929.999999999999,-0.9939959459361765,0.002581852,0.009850856909383608,0.268055472215197
4931,4930.999999999999,-0.9943738911627411,0.001059767,0.009851545075642617,0.2680741981730723
4932,4931.999999999999,-0.9947518363893058,-0.00035863,0.009851677571333775,0.26807780356450034
4933,4932.999999999999,-0.9951297816158704,-0.001640309,0.009851299826607153,0.26806752460684186
4934,4933.999999999999,-0.9955077268424348,-0.002724282,0.009850475038439974,0.2680450809774536
4935,4934.999999999999,-0.9958856720689995,-0.003573744,0.009849284884008234,0.2680126952255192
4936,4935.999999999999,-0.9962636172955641,-0.004068149,0.009847840775517602,0.26797339903159945
4937,4936.999999999999,-0.9966415625221285,-0.004579873,0.009846206536200539,0.2679289291143245
4938,4937.999999999999,-0.9970195077486932,-0.004721755,0.0098444487832496,0.26788109821985145
4939,4938.999999999999,-0.9973974529752578,-0.00492476,0.009842625856100982,0.2678314938451121
4940,4939.999999999999,-0.9977753982018225,-0.004781935,0.009840791556580498,0.2677815800123694
4941,4940.999999999999,-0.9981533434283871,-0.004672301,0.00983900496489699,0.2677329643760056
4942,4941.999999999999,-0.9985312886549516,-0.004184889,0.009837331198556353,0.26768741887362496
4943,4942.999999999999,-0.9989092338815162,-0.00360987,0.009835858202578217,0.26764733661112516
4944,4943.999999999999,-0.9992871791080808,-0.002768016,0.009834652956793581,0.26761454020255804
4945,4944.999999999999,-0.9996651243346453,-0.001658253,0.009833816513173561,0.2675917794121407
4946,4945.999999999999,-1.00004306956121,-0.000347657,0.009833437451118853,0.26758146460815885
4947,4946.999999999999,-1.0004210147877746,0.001306576,0.009833618660548209,0.26758639556793246
4948,4947.999999999999,-1.0007989600143392,0.003120783,0.009834455310148378,0.2676091619633552
4949,4948.999999999999,-1.0011769052409039,0.004936717,0.0098359779569799,0.267650595294404
4950,4949.999999999999,-1.0015548504674683,0.007000026,0.00983823367449869,0.2677119764950696
4951,4950.999999999999,-1.001932795694033,0.008804294,0.009841220258150239,0.26779324557636786
4952,4951.999999999999,-1.0023107409205976,0.010611339,0.00984488928105678,0.26789308477582313
4953,4952.999999999999,-1.0026886861471622,0.012239104,0.009849207388985148,0.26801058647851383
4954,4953.999999999999,-1.0030666313737269,0.013529799,0.009854077005926476,0.2681430955059743
4955,4954.999999999999,-1.0034445766002915,0.014476997,0.00985936952335626,0.26828711224196977
4956,4955.999999999999,-1.003822521826856,0.015265777,0.009864990093085304,0.26844005573578933
4957,4956.999999999999,-1.0042004670534206,0.015757096,0.00987085256646764,0.26859958176335286
4958,4957.999999999999,-1.004578412279985,0.015964151,0.009876847013409802,0.2687626989744271
4959,4958.999999999999,-1.0049563575065497,0.015879775,0.00988286464332319,0.2689264470262857
4960,4959.999999999999,-1.0053343027331143,0.01565512,0.009888823874840923,0.26908860597684403
4961,4960.999999999999,-1.005712247959679,0.015220622,0.009894658544493694,0.26924737542638333
4962,4961.999999999999,-1.0060901931862436,0.014629797,0.009900299456179696,0.26940087245305067
4963,4962.999999999999,-1.0064681384128082,0.013916087,0.00990569384647763,0.2695476612910093
4964,4963.999999999999,-1.0068460836393727,0.01317484,0.009910813289749059,0.2696869684392326
4965,4964.999999999999,-1.0072240288659373,0.012286809,0.009915624844099066,0.2698178975030942
4966,4965.999999999999,-1.007601974092502,0.011538131,0.00992012710527216,0.2699404102708556
4967,4966.999999999999,-1.0079799193190664,0.010663565,0.00992432261778458,0.2700545759823309
4968,4967.999999999999,-1.008357864545631,0.009950613,0.009928218132871907,0.2701605783479993
4969,4968.999999999999,-1.0087358097721957,0.009330764,0.009931861785071279,0.2702597271753424
4970,4969.999999999999,-1.0091137549987603,0.008841716,0.009935295886106699,0.270353173825025
4971,4970.999999999999,-1.009491700225325,0.008388835,0.009938551988357462,0.27044177688102694
4972,4971.999999999999,-1.0098696454518894,0.007928144,0.009941635450519964,0.27052568216090567
4973,4972.999999999999,-1.010247590678454,0.007576776,0.009944565455771097,0.270605411665497
4974,4973.999999999999,-1.0106255359050187,0.007153065,0.0099473489923181,0.2706811555536073
4975,4974.999999999999,-1.0110034811315831,0.006578751,0.00994994392947273,0.27075176739080603
4976,4975.999999999999,-1.0113814263581478,0.00588833,0.009952299866349303,0.27081587569912563
4977,4976.999999999999,-1.0117593715847124,0.004996209,0.009954356746128505,0.2708718462492591
4978,4977.999999999999,-1.012137316811277,0.003968676,0.009956050863874731,0.2709179455415978
4979,4978.999999999999,-1.0125152620378417,0.002679831,0.009957307249616947,0.2709521335393032
4980,4979.999999999999,-1.0128932072644061,0.001437687,0.009958085347753644,0.2709733066682381
4981,4980.999999999999,-1.0132711524909708,0.000158609,0.009958387003980336,0.27098151515233615
4982,4981.999999999999,-1.0136490977175354,-0.000931973,0.009958240859364238,0.27097753835473976
4983,4982.999999999999,-1.0140270429441,-0.001980121,0.009957690553350934,0.27096256376525824
4984,4983.999999999999,-1.0144049881706647,-0.002776499,0.009956791682439143,0.2709381042416922
4985,4984.999999999999,-1.0147829333972294,-0.003282311,0.009955646733280062,0.27090694858789244
4986,4985.999999999999,-1.0151608786237938,-0.003559267,0.009954353862406427,0.27087176777918376
4987,4986.999999999999,-1.0155388238503584,-0.003439584,0.009953031271242984,0.2708357782401898
4988,4987.999999999999,-1.0159167690769229,-0.003037867,0.009951807210400105,0.27080246984780565
4989,4988.999999999999,-1.0162947143034875,-0.0023623,0.009950786726729954,0.2707747010724994
4990,4989.999999999999,-1.0166726595300521,-0.001618014,0.00995003455639169,0.27075423347490213
4991,4990.999999999999,-1.0170506047566168,-0.000704827,0.00994959560305768,0.27074228894618646
4992,4991.999999999999,-1.0174285499831814,0.000222851,0.009949504522793421,0.27073981052593626
4993,4992.999999999999,-1.017806495209746,0.001069225,0.009949748689771701,0.27074645464789077
4994,4993.999999999999,-1.0181844404363105,0.001985037,0.00995032586164349,0.27076216029462435
4995,4994.999999999999,-1.0185623856628752,0.002929807,0.009951254632558046,0.27078743343871436
4996,4995.999999999999,-1.0189403308894398,0.00377268,0.009952521219041926,0.2708218990127412
4997,4996.999999999999,-1.0193182761160042,0.004609837,0.009954105285185299,0.27086500364840765
4998,4997.999999999999,-1.0196962213425689,0.005604853,0.009956035581848467,0.27091752969647853
4999,4998.999999999999,-1.0200741665691335,0.006549103,0.009958332346675505,0.2709800278513032
5000,4999.999999999999,-1.0204521117956982,0.007722926,0.009961029369292475,0.27105341757544776
5001,5000.999999999999,-1.0208300570222628,0.008815435,0.009964154666590052,0.27113846124734564
5002,5001.999999999999,-1.0212080022488272,0.009994512,0.009967709231430344,0.27123518588415124
5003,5002.999999999999,-1.0215859474753919,0.011056527,0.009971687301282482,0.2713434346794113
5004,5003.999999999999,-1.0219638927019565,0.012212028,0.009976084420928134,0.27146308640045896
5005,5004.999999999999,-1.0223418379285212,0.013305979,0.00998090662539668,0.27159430526880973
5006,5005.999999999999,-1.0227197831550858,0.014196378,0.009986103817670393,0.2717357280751644
5007,5006.999999999999,-1.0230977283816505,0.015003312,0.009991621759396725,0.2718858789187625
5008,5007.999999999999,-1.023475673608215,0.015855849,0.009997453295694594,0.2720445631053713
5009,5008.999999999999,-1.0238536188347795,0.016743657,0.010003613709535125,0.27221219650582107
5010,5009.999999999999,-1.024231564061344,0.017625754,0.010010108586948768,0.27238893112374407
5011,5010.999999999999,-1.0246095092879086,0.018725348,0.010016977949689398,0.27257585600654316
5012,5011.999999999999,-1.0249874545144733,0.019963534,0.010024289088825909,0.2727748022374849
5013,5012.999999999999,-1.025365399741038,0.02121543,0.010032070785265246,0.27298655298494473
5014,5013.999999999999,-1.0257433449676026,0.022707179,0.010040370955470153,0.2732124121222979
5015,5014.999999999999,-1.0261212901941672,0.024146913,0.010049225095678361,0.27345334555137957
5016,5015.999999999999,-1.0264992354207316,0.025637512,0.010058632988571369,0.2737093473586521
5017,5016.999999999999,-1.0268771806472963,0.026790105,0.010068540372364022,0.27397894100572123
5018,5017.999999999999,-1.0272551258738607,0.02758402,0.01007881559286021,0.2742585439994057
5019,5018.999999999999,-1.0276330711004253,0.02804771,0.010089328466259725,0.2745446138580351
5020,5019.999999999999,-1.02801101632699,0.027995045,0.010099919012127615,0.2748327972922021
5021,5020.999999999999,-1.0283889615535546,0.027499208,0.010110405906139175,0.27511816021567137
5022,5021.999999999999,-1.0287669067801193,0.026484248,0.010120607300893505,0.27539575430857927
5023,5022.999999999999,-1.029144852006684,0.025235479,0.010130380912862941,0.275661707838898
5024,5023.999999999999,-1.0295227972332484,0.023783969,0.010139644246053157,0.2759137759762622
5025,5024.999999999999,-1.029900742459813,0.02212683,0.010148320129718065,0.2761498587976933
5026,5025.999999999999,-1.0302786876863776,0.02053191,0.010156381463295195,0.2763692188593183
5027,5026.999999999999,-1.030656632912942,0.018683384,0.010163792079883008,0.2765708720096102
5028,5027.999999999999,-1.0310345781395067,0.016987304,0.010170532863011946,0.2767542980629322
5029,5028.999999999999,-1.0314125233660714,0.015261843,0.010176627068596662,0.2769201298449604
5030,5029.999999999999,-1.031790468592636,0.013788702,0.010182116826002587,0.2770695137541298
5031,5030.999999999999,-1.0321684138192007,0.012215315,0.010187030873050914,0.2772032317863928
5032,5031.999999999999,-1.032546359045765,0.010780153,0.010191376386732523,0.27732147923762024
5033,5032.999999999999,-1.0329243042723297,0.009317635,0.010195174318252077,0.27742482621913467
5034,5033.999999999999,-1.0333022494988944,0.008160121,0.010198477135477708,0.2775147004543612
5035,5034.999999999999,-1.033680194725459,0.007025789,0.010201346856575477,0.27759278954357086
5036,5035.999999999999,-1.0340581399520237,0.006007498,0.010203809790879526,0.27765980940021684
5037,5036.999999999999,-1.0344360851785883,0.005225184,0.010205932460151236,0.2777175701736418
5038,5037.999999999999,-1.0348140304051527,0.004726245,0.010207813007695259,0.2777687424792162
5039,5038.999999999999,-1.0351919756317174,0.004400334,0.010209537681179217,0.27781567323553635
5040,5039.999999999999,-1.0355699208582818,0.004253413,0.010211173002364491,0.27786017259194506
5041,5040.999999999999,-1.0359478660848465,0.004303354,0.010212789996985728,0.2779041732571413
5042,5041.999999999999,-1.036325811311411,0.004221629,0.010214400985301426,0.2779480104824375
5043,5042.999999999999,-1.0367037565379758,0.004097661,0.01021597310327338,0.27799078999179655
5044,5043.999999999999,-1.0370817017645404,0.003742669,0.010217454710922474,0.2780311065898011
5045,5044.999999999999,-1.037459646991105,0.003281108,0.010218782012417276,0.27806722430344105
5046,5045.999999999999,-1.0378375922176695,0.002585688,0.01021989067618899,0.2780973925815501
5047,5046.999999999999,-1.0382155374442341,0.00174079,0.010220708262042959,0.27811964022601166
5048,5047.999999999999,-1.0385934826707985,0.000829954,0.010221194062254718,0.27813285952321226
5049,5048.999999999999,-1.0389714278973632,-0.000188158,0.010221315344122033,0.27813615977094835
5050,5049.999999999999,-1.0393493731239278,-0.001100693,0.010221071786580431,0.2781295322326107
5051,5050.999999999999,-1.0397273183504925,-0.001926055,0.010220499814101124,0.2781139680685542
5052,5051.999999999999,-1.0401052635770571,-0.002426111,0.010219677373918665,0.2780915883310851
5053,5052.999999999999,-1.0404832088036218,-0.002652949,0.010218717570677447,0.27806547075436816
5054,5053.999999999999,-1.0408611540301862,-0.00258463,0.010217727811686544,0.27803853804017625
5055,5054.999999999999,-1.0412390992567508,-0.002198225,0.010216823983078244,0.27801394361081566
5056,5055.999999999999,-1.0416170444833155,-0.001727071,0.010216082209635217,0.27799375892715045
5057,5056.999999999999,-1.0419949897098801,-0.00096869,0.010215572784634263,0.2779798967666861
5058,5057.999999999999,-1.0423729349364448,-0.000178334,0.010215356028511485,0.277973998532108
5059,5058.999999999999,-1.0427508801630092,0.000721922,0.010215458751756393,0.27797679377400164
5060,5059.999999999999,-1.0431288253895739,0.001545207,0.010215887177048171,0.2779884518200938
5061,5060.999999999999,-1.0435067706161385,0.002376557,0.010216628283039927,0.27800861834148466
5062,5061.999999999999,-1.043884715842703,0.003190263,0.010217680259563,0.2780372440809757
5063,5062.999999999999,-1.0442626610692676,0.003950986,0.01021902976004863,0.27807396585992933
5064,5063.999999999999,-1.0446406062958322,0.004678365,0.010220660471058029,0.2781183397670617
5065,5064.999999999999,-1.0450185515223969,0.005301754,0.010222546440226327,0.27816965960254825
5066,5065.999999999999,-1.0453964967489615,0.006013724,0.010224684755674524,0.2782278461301249
5067,5066.999999999999,-1.0457744419755262,0.006542913,0.010227057616182452,0.278292414953914
5068,5067.999999999999,-1.0461523872020906,0.00713773,0.010229642883041543,0.27836276364896567
5069,5068.999999999999,-1.0465303324286552,0.007771619,0.01023246034168441,0.27843943060432885
5070,5069.999999999999,-1.0469082776552197,0.008329662,0.010235503042832174,0.2785222267204917
5071,5070.999999999999,-1.0472862228817843,0.008801966,0.010238740451345114,0.2786103210939734
5072,5071.999999999999,-1.047664168108349,0.009397593,0.01024217966956993,0.2787039069894731
5073,5072.999999999999,-1.0480421133349136,0.010053493,0.010245855392122529,0.27880392849558494
5074,5073.999999999999,-1.0484200585614782,0.010857485,0.010249806994281477,0.27891145706822257
5075,5074.999999999999,-1.0487980037880429,0.011762053,0.010254081467488576,0.27902777140965906
5076,5075.999999999999,-1.0491759490146073,0.012707621,0.010258705565730521,0.27915359953296004
5077,5076.999999999999,-1.049553894241172,0.013879257,0.0102637297575452,0.27929031475700317
5078,5077.999999999999,-1.0499318394677364,0.015241368,0.010269232758151864,0.279440059032023
5079,5078.999999999999,-1.050309784694301,0.016513489,0.01027523355646356,0.2796033490726668
5080,5079.999999999999,-1.0506877299208657,0.017856396,0.010281728523450221,0.2797800861279958
5081,5080.999999999999,-1.0510656751474303,0.019191147,0.010288729494466619,0.27997059225442
5082,5081.999999999999,-1.051443620373995,0.020201661,0.010296173656338906,0.28017315821840444
5083,5082.999999999999,-1.0518215656005596,0.021150644,0.010303988109480001,0.280385800321128
5084,5083.999999999999,-1.052199510827124,0.02171336,0.010312088232331625,0.2806062158926835
5085,5084.999999999999,-1.0525774560536887,0.021921198,0.010320333968786302,0.2808305938122343
5086,5085.999999999999,-1.0529554012802533,0.021804292,0.010328596888898652,0.2810554393229312
5087,5086.999999999999,-1.053333346506818,0.021283525,0.010336739306277772,0.2812770057872105
5088,5087.999999999999,-1.0537112917333826,0.020637234,0.01034466118165678,0.2814925709979413
5089,5088.999999999999,-1.054089236959947,0.019764221,0.010352295950188536,0.2817003236333576
5090,5089.999999999999,-1.0544671821865117,0.018807117,0.010359584876728192,0.2818986654287468
5091,5090.999999999999,-1.0548451274130763,0.017825289,0.01036650739822083,0.2820870368348791
5092,5091.999999999999,-1.0552230726396408,0.016971381,0.010373083015884252,0.2822659685069244
5093,5092.999999999999,-1.0556010178662054,0.015915165,0.010379297672423701,0.28243507792640554
5094,5093.999999999999,-1.05597896309277,0.015124674,0.010385163351915392,0.2825946911966491
5095,5094.999999999999,-1.0563569083193347,0.014162657,0.010390697855390525,0.2827452927083907
5096,5095.999999999999,-1.0567348535458994,0.013420707,0.010395910355768721,0.2828871320694892
5097,5096.999999999999,-1.057112798772464,0.0124527,0.010400799721104028,0.28302017847812594
5098,5097.999999999999,-1.0574907439990284,0.011616263,0.010405348095941132,0.28314394606260995
5099,5098.999999999999,-1.057868689225593,0.010781523,0.010409580664093289,0.28325912010941073
5100,5099.999999999999,-1.0582466344521575,0.009866752,0.01041348262257981,0.2833652978089033
5101,5100.999999999999,-1.0586245796787221,0.009030009,0.010417053592888552,0.2834624688612474
5102,5101.999999999999,-1.0590025249052868,0.008128351,0.01042029605301739,0.2835507006962004
5103,5102.999999999999,-1.0593804701318514,0.00736677,0.010423224206525885,0.28363037981230765
5104,5103.999999999999,-1.059758415358416,0.006430616,0.010425831534614769,0.2837013288240043
5105,5104.999999999999,-1.0601363605849807,0.005532636,0.010428092261608565,0.28376284633942916
5106,5105.999999999999,-1.0605143058115452,0.004662082,0.010430018784110701,0.2838152696873464
5107,5106.999999999999,-1.0608922510381098,0.003500257,0.010431561242642027,0.28385724212221075
5108,5107.999999999999,-1.0612701962646742,0.002330378,0.010432663072975072,0.28388722445298076
5109,5108.999999999999,-1.0616481414912389,0.001078651,0.010433307286093957,0.28390475438498347
5110,5109.999999999999,-1.0620260867178037,-0.000266272,0.010433460803476563,0.28390893180577703
5111,5110.999999999999,-1.0624040319443682,-0.001659962,0.01043309679800379,0.2838990267122618
5112,5111.999999999999,-1.0627819771709328,-0.003026741,0.010432211139490203,0.2838749267163665
5113,5112.999999999999,-1.0631599223974975,-0.004110484,0.010430862399430368,0.2838382256296529
5114,5113.999999999999,-1.0635378676240619,-0.005047522,0.010429131787104093,0.2837911332692006
5115,5114.999999999999,-1.0639158128506265,-0.005507564,0.010427137164919253,0.28373685683451405
5116,5115.999999999999,-1.0642937580771912,-0.005639634,0.010425030649782417,0.2836795356374926
5117,5116.999999999999,-1.0646717033037558,-0.005430987,0.01042293860560139,0.283622608215239
5118,5117.999999999999,-1.0650496485303205,-0.004875357,0.010420990988842324,0.28356961086334886
5119,5118.999999999999,-1.065427593756885,-0.003892942,0.010419334020466253,0.2835245224568702
5120,5119.999999999999,-1.0658055389834495,-0.002700799,0.010418087983998176,0.2834906160772608
5121,5120.999999999999,-1.0661834842100142,-0.001410992,0.010417310968107635,0.283469472397744
5122,5121.999999999999,-1.0665614294365786,-9.2251e-05,0.010417026896349527,0.2834617424114126
5123,5122.999999999999,-1.0669393746631433,0.001057541,0.010417209309723402,0.2834667061321855
5124,5123.999999999999,-1.067317319889708,0.002161231,0.010417817569479801,0.2834832577233548
5125,5124.999999999999,-1.0676952651162726,0.003065386,0.010418805256952917,0.2835101340686761
5126,5125.999999999999,-1.0680732103428372,0.003831621,0.010420108602389533,0.2835455999047638
5127,5126.999999999999,-1.0684511555694018,0.004504955,0.01042168398694208,0.28358846830230905
5128,5127.999999999999,-1.0688291007959663,0.005094721,0.010423498062802463,0.2836378318212255
5129,5128.999999999999,-1.069207046022531,0.005795387,0.01042555599497015,0.2836938310083085
5130,5129.999999999999,-1.0695849912490953,0.006471325,0.01042787406759317,0.28375690897779976
5131,5130.999999999999,-1.06996293647566,0.007154918,0.0104304490543421,0.28382697793680317
5132,5131.999999999999,-1.0703408817022246,0.008096228,0.01043333110325727,0.28390540248301366
5133,5132.999999999999,-1.0707188269287893,0.009106474,0.010436581942809726,0.2839938623336993
5134,5133.999999999999,-1.071096772155354,0.010254994,0.010440240730014668,0.28409342300552487
5135,5134.999999999999,-1.0714747173819186,0.011456499,0.010444343607585138,0.28420506799181494
5136,5135.999999999999,-1.071852662608483,0.012903879,0.010448947051876344,0.28433033409248476
5137,5136.999999999999,-1.0722306078350476,0.014253325,0.010454079019685664,0.2844699820507462
5138,5137.999999999999,-1.0726085530616123,0.015850533,0.010459767824401804,0.2846247823131551
5139,5138.999999999999,-1.072986498288177,0.017385296,0.010466048485862538,0.2847956878180434
5140,5139.999999999999,-1.0733644435147416,0.018967559,0.01047291817987216,0.28498262171513095
5141,5140.999999999999,-1.073742388741306,0.020670132,0.010480408617924906,0.2851864469181359
5142,5141.999999999999,-1.0741203339678707,0.02249902,0.010488566405391527,0.2854084316238028
5143,5142.999999999999,-1.0744982791944353,0.024219715,0.010497394966833721,0.28564866901920277
5144,5143.999999999999,-1.0748762244209997,0.025839267,0.010506854743480513,0.2859060826553394
5145,5144.999999999999,-1.0752541696475644,0.027168897,0.01051687183475689,0.2861786615951222
5146,5145.999999999999,-1.075632114874129,0.028271392,0.010527348531050345,0.2864637470245453
5147,5146.999999999999,-1.0760100601006937,0.028911139,0.01053815446336751,0.28675779142257574
5148,5147.999999999999,-1.0763880053272583,0.028905846,0.010549080290115063,0.2870550983142601
5149,5148.999999999999,-1.0767659505538227,0.028315727,0.010559893600300997,0.2873493434743272
5150,5149.999999999999,-1.0771438957803874,0.027121165,0.010570369654654486,0.28763441143567403
5151,5150.999999999999,-1.077521841006952,0.025385154,0.01058029191096975,0.28790440978470033
5152,5151.999999999999,-1.0778997862335165,0.023152878,0.010589464269720369,0.2881540023814502
5153,5152.999999999999,-1.078277731460081,0.020505108,0.01059771443342543,0.2883785007726212
5154,5153.999999999999,-1.0786556766866457,0.0178989,0.010604971739177705,0.28857598212255164
5155,5154.999999999999,-1.0790336219132104,0.015380705,0.010611260673103558,0.2887471127326835
5156,5155.999999999999,-1.079411567139775,0.01305411,0.010616634074402307,0.28889333043087845
5157,5156.999999999999,-1.0797895123663397,0.010863976,0.010621153937618437,0.28901632217463163
5158,5157.999999999999,-1.0801674575929041,0.009098764,0.010624926348764512,0.28911897471140613
5159,5158.999999999999,-1.0805454028194688,0.007647957,0.010628091020395792,0.2892050898135066
5160,5159.999999999999,-1.0809233480460332,0.00635695,0.010630737564270357,0.28927710594109435
5161,5160.999999999999,-1.0813012932725978,0.005152641,0.010632912561759437,0.28933629063785377
5162,5161.999999999999,-1.0816792384991625,0.004268218,0.010634692846104032,0.2893847346427822
5163,5162.999999999999,-1.0820571837257271,0.00329334,0.010636121773479777,0.28942361773752107
5164,5163.999999999999,-1.0824351289522918,0.002376063,0.010637193135380437,0.2894527709800092
5165,5164.999999999999,-1.0828130741788564,0.001337981,0.010637894987980963,0.28947186936220987
5166,5165.999999999999,-1.0831910194054208,0.000536851,0.010638249279883468,0.28948151013601275
5167,5166.999999999999,-1.0835689646319855,-0.000334655,0.010638287489389983,0.28948254986965277
5168,5167.999999999999,-1.0839469098585501,-0.001063896,0.010638023201552705,0.2894753582312325
5169,5168.999999999999,-1.0843248550851148,-0.001505689,0.010637537620360203,0.2894621448938495
5170,5169.999999999999,-1.0847028003116794,-0.001585571,0.010636953456879669,0.28944624899574994
5171,5170.999999999999,-1.0850807455382439,-0.001347327,0.010636399219480118,0.2894311674277988
5172,5171.999999999999,-1.0854586907648085,-0.000815996,0.010635990410679435,0.28942004317362263
5173,5172.999999999999,-1.0858366359913731,-5.7544e-05,0.010635825335542828,0.2894155512503208
5174,5173.999999999999,-1.0862145812179376,0.001016982,0.01063600664304897,0.2894204848788997
5175,5174.999999999999,-1.0865925264445022,0.002154492,0.010636605964778707,0.2894367932539732
5176,5175.999999999999,-1.0869704716710669,0.003630335,0.010637699138654283,0.2894665400305355
5177,5176.999999999999,-1.0873484168976315,0.004983126,0.010639326846888859,0.28951083222800233
5178,5177.999999999999,-1.0877263621241962,0.006503533,0.010641497510857972,0.28956989900367613
5179,5178.999999999999,-1.0881043073507606,0.007736695,0.010644188523956868,0.2896431252005032
5180,5179.999999999999,-1.0884822525773252,0.009096482,0.0106473695334044,0.28972968487723216
5181,5180.999999999999,-1.0888601978038899,0.010344958,0.010651043433127172,0.28982965678161754
5182,5181.999999999999,-1.0892381430304543,0.011687552,0.010655206974119041,0.2899429525036983
5183,5182.999999999999,-1.089616088257019,0.01281273,0.010659836856434735,0.2900689380196641
5184,5183.999999999999,-1.0899940334835836,0.014012569,0.010664906103288843,0.29020687925378746
5185,5184.999999999999,-1.0903719787101482,0.015207215,0.010670427842230866,0.2903571334248884
5186,5185.999999999999,-1.0907499239367129,0.016232259,0.010676369041792868,0.2905188017009345
5187,5186.999999999999,-1.0911278691632775,0.017008058,0.01068265055136269,0.2906897302840468
5188,5187.999999999999,-1.091505814389842,0.01777593,0.01068922377247543,0.2908685967426259
5189,5188.999999999999,-1.0918837596164066,0.018235457,0.010696028938384741,0.29105377474065214
5190,5189.999999999999,-1.0922617048429712,0.018450621,0.010702961602415479,0.29124242213930623
5191,5190.999999999999,-1.092639650069536,0.018264313,0.010709899719439945,0.29143121792147886
5192,5191.999999999999,-1.0930175952961005,0.01792897,0.010716739258711722,0.29161733126634776
5193,5192.999999999999,-1.093395540522665,0.017417542,0.010723418781454776,0.2917990903396479
5194,5193.999999999999,-1.0937734857492296,0.016675321,0.010729861398870161,0.291974402890573
5195,5194.999999999999,-1.0941514309757943,0.015979071,0.010736032184661546,0.29214231852618366
5196,5195.999999999999,-1.0945293762023587,0.015518395,0.010741984343123337,0.2923042850090848
5197,5196.999999999999,-1.0949073214289233,0.015013903,0.01074775411126591,0.29246128839856217
5198,5197.999999999999,-1.095285266655488,0.014929086,0.010753412516146723,0.29261526143931016
5199,5198.999999999999,-1.0956632118820526,0.014928326,0.010759054749318209,0.29276879442542936
5200,5199.999999999999,-1.0960411571086173,0.015122281,0.010764733491053719,0.2929233208601855
5201,5200.999999999999,-1.0964191023351817,0.015375855,0.010770496803513878,0.29308014858159526
5202,5201.999999999999,-1.0967970475617463,0.015608846,0.010776352063433619,0.29323947832084196
5203,5202.999999999999,-1.097174992788311,0.015869949,0.010782300693587746,0.29340134879360047
5204,5203.999999999999,-1.0975529380148754,0.015987348,0.010788320850253946,0.29356516560190576
5205,5204.999999999999,-1.09793088324144,0.016000271,0.010794365634209054,0.29372965255288175
5206,5205.999999999999,-1.0983088284680047,0.015759277,0.010800367318991278,0.29389296671561754
5207,5206.999999999999,-1.0986867736945694,0.015244113,0.010806226110620189,0.2940523925575666
5208,5207.999999999999,-1.099064718921134,0.014577678,0.010811861612398218,0.2942057423731385
5209,5208.999999999999,-1.0994426641476984,0.013922376,0.010817247342081284,0.29435229554376086
5210,5209.999999999999,-1.099820609374263,0.013335013,0.010822398242111866,0.29449245867400753
5211,5210.999999999999,-1.1001985546008277,0.012886703,0.010827353428309133,0.29462729615954214
5212,5211.999999999999,-1.1005764998273921,0.012454435,0.01083214220938054,0.29475760553092367
5213,5212.999999999999,-1.1009544450539568,0.012289265,0.010836818091031814,0.29488484275257704
5214,5213.999999999999,-1.1013323902805214,0.012146967,0.010841435869651627,0.2950104989101992
5215,5214.999999999999,-1.101710335507086,0.012179448,0.010846032895865967,0.29513559036610054
5216,5215.999999999999,-1.1020882807336507,0.012379706,0.010850673903377349,0.2952618786140633
5217,5216.999999999999,-1.1024662259602154,0.012427753,0.010855361833733472,0.29538944369767806
5218,5217.999999999999,-1.1028441711867798,0.012413668,0.010860056181977489,0.29551718342091915
5219,5218.999999999999,-1.1032221164133444,0.012150539,0.010864698144367486,0.29564349765245274
5220,5219.999999999999,-1.103600061639909,0.011909315,0.010869244797853056,0.29576721839657527
5221,5220.999999999999,-1.1039780068664737,0.011304781,0.010873631626239163,0.29588659007818446
5222,5221.999999999999,-1.1043559520930384,0.010787197,0.010877806405054398,0.2960001915970174
5223,5222.999999999999,-1.1047338973196028,0.010008793,0.010881736277630491,0.296107128877583
5224,5223.999999999999,-1.1051118425461675,0.00933642,0.010885391993085605,0.2962066059628375
5225,5224.999999999999,-1.105489787772732,0.008678912,0.010888796397452792,0.29629924452501055
5226,5225.999999999999,-1.1058677329992965,0.008215624,0.010891989002070904,0.29638611972240475
5227,5226.999999999999,-1.1062456782258612,0.007666387,0.010894990267193752,0.2964677883068892
5228,5227.999999999999,-1.1066236234524258,0.007382065,0.010897834012494044,0.29654517055864066
5229,5228.999999999999,-1.1070015686789905,0.007044675,0.010900560271252989,0.2966193558387368
5230,5229.999999999999,-1.1073795139055551,0.006748093,0.010903166726666346,0.2966902811037226
5231,5230.999999999999,-1.1077574591321195,0.00632857,0.010905637857846468,0.2967575240087294
5232,5231.999999999999,-1.1081354043586842,0.005969205,0.010907961800525777,0.29682076171058963
5233,5232.999999999999,-1.1085133495852488,0.005622322,0.0109101522816749,0.29688036773920295
5234,5233.999999999999,-1.1088912948118133,0.005121138,0.010912182501386794,0.2969356128319475
5235,5234.999999999999,-1.109269240038378,0.004708884,0.010914040106332757,0.2969861608376246
5236,5235.999999999999,-1.1096471852649425,0.004418319,0.010915764897735625,0.2970330948026818
5237,5236.999999999999,-1.1100251304915072,0.004196204,0.010917392806659116,0.2970773924611722
5238,5237.999999999999,-1.1104030757180718,0.00420399,0.010918980213271375,0.2971205879956278
5239,5238.999999999999,-1.1107810209446363,0.004334509,0.010920593755740914,0.2971644947229907
5240,5239.999999999999,-1.111158966171201,0.004632711,0.01092228831473819,0.29721060602238225
5241,5240.999999999999,-1.1115369113977656,0.004973558,0.010924103636495014,0.2972600034438679
5242,5241.999999999999,-1.11191485662433,0.005436258,0.010926070806628321,0.29731353287017687
5243,5242.999999999999,-1.1122928018508949,0.005657516,0.010928167226092264,0.2973705793499439
5244,5243.999999999999,-1.1126707470774595,0.006011715,0.010930372391169329,0.29743058494859204
5245,5244.999999999999,-1.113048692304024,0.00619601,0.01093267931686481,0.29749335959473255
5246,5245.999999999999,-1.1134266375305886,0.006272474,0.010935035518869958,0.29755747511756825
5247,5246.999999999999,-1.1138045827571532,0.006425966,0.010937435176261367,0.2976227731217039
5248,5247.999999999999,-1.1141825279837176,0.006741852,0.010939923533240054,0.29769048476456883
5249,5248.999999999999,-1.1145604732102823,0.00710752,0.010942540685259213,0.2977617010990266
5250,5249.999999999999,-1.114938418436847,0.007588568,0.010945317843413599,0.2978372714222318
5251,5250.999999999999,-1.1153163636634116,0.008373532,0.010948334243164073,0.2979193518409143
5252,5251.999999999999,-1.1156943088899762,0.009363479,0.010951686052484559,0.2980105592189569
5253,5252.999999999999,-1.1160722541165407,0.010401153,0.010955421026644162,0.29811219304343267
5254,5253.999999999999,-1.1164501993431053,0.011749489,0.010959606891348783,0.29822609622468355
5255,5254.999999999999,-1.11682814456967,0.013072692,0.010964297603759719,0.2983537370118664
5256,5255.999999999999,-1.1172060897962344,0.014427393,0.010969494366687654,0.2984951481351273
5257,5256.999999999999,-1.117584035022799,0.015612695,0.010975171120620244,0.2986496204790104
5258,5257.999999999999,-1.1179619802493637,0.016797503,0.0109812957604333,0.29881628041858105
5259,5258.999999999999,-1.1183399254759283,0.017840751,0.010987841441811216,0.29899439748279866
5260,5259.999999999999,-1.118717870702493,0.018800429,0.010994765621349564,0.2991828140066532
5261,5260.999999999999,-1.1190958159290574,0.01971622,0.011002044213165972,0.29938087457989637
5262,5261.999999999999,-1.119473761155622,0.020422357,0.011009629304955094,0.2995872754422815
5263,5262.999999999999,-1.1198517063821867,0.021173934,0.011017489864768215,0.299801172171466
5264,5263.999999999999,-1.120229651608751,0.021748662,0.011025601059903196,0.30002188903520055
5265,5264.999999999999,-1.1206075968353157,0.022372784,0.011033938804855611,0.30024877063352123
5266,5265.999999999999,-1.1209855420618804,0.022877848,0.011042489935037326,0.3004814587397356
5267,5266.999999999999,-1.121363487288445,0.023219047,0.011051200985749675,0.3007184985052777
5268,5267.999999999999,-1.1217414325150097,0.023392347,0.011060009262682587,0.30095818393106083
5269,5268.999999999999,-1.122119377741574,0.023249237,0.011068823244698692,0.3011980246000662
5270,5269.999999999999,-1.1224973229681388,0.022766887,0.011077519031904095,0.3014346490244254
5271,5270.999999999999,-1.1228752681947034,0.021930942,0.01108596569745827,0.30166449450331073
5272,5271.999999999999,-1.123253213421268,0.020763181,0.011094033717453376,0.3018840365116379
5273,5272.999999999999,-1.1236311586478327,0.019259368,0.011101596883128124,0.30208984073405587
5274,5273.999999999999,-1.1240091038743973,0.017448687,0.011108533700209984,0.30227860114298816
5275,5274.999999999999,-1.1243870491009618,0.0155245,0.01111476472952562,0.302448156088406
5276,5275.999999999999,-1.1247649943275264,0.013637033,0.011120275460623948,0.3025981107208203
5277,5276.999999999999,-1.125142939554091,0.011701657,0.011125063779090397,0.3027284075040797
5278,5277.999999999999,-1.1255208847806555,0.009835088,0.011129133634074641,0.30283915390002114
5279,5278.999999999999,-1.1258988300072201,0.008086231,0.011132520272559537,0.30293130902790916
5280,5279.999999999999,-1.1262767752337848,0.006459915,0.011135269095782344,0.3030061083183469
5281,5280.999999999999,-1.1266547204603494,0.004851768,0.011137406694079475,0.3030642753312489
5282,5281.999999999999,-1.127032665686914,0.003410126,0.011138967965779317,0.30310675969850825
5283,5282.999999999999,-1.1274106109134785,0.002015481,0.01113999325691275,0.3031346592915547
5284,5283.999999999999,-1.1277885561400431,0.000762894,0.011140518293697178,0.3031489462702891
5285,5284.999999999999,-1.1281665013666078,-0.000576731,0.011140553473405784,0.303149903558928
5286,5285.999999999999,-1.1285444465931722,-0.001660404,0.01114013071615857,0.30313839974818574
5287,5286.999999999999,-1.1289223918197369,-0.002705067,0.011139305761695492,0.30311595159365556
5288,5287.999999999999,-1.1293003370463015,-0.003694125,0.011138096489660356,0.30308304562523103
5289,5288.999999999999,-1.1296782822728662,-0.004385276,0.011136569704139631,0.3030414996747118
5290,5289.999999999999,-1.1300562274994308,-0.005111518,0.011134775070159647,0.3029926651963123
5291,5290.999999999999,-1.1304341727259952,-0.005548194,0.01113276067652617,0.30293785075310026
5292,5291.999999999999,-1.1308121179525599,-0.006053069,0.011130568355539685,0.30287819465996185
5293,5292.999999999999,-1.1311900631791245,-0.006310705,0.011128231940856874,0.3028146175775971
5294,5293.999999999999,-1.131568008405689,-0.006647315,0.011125783229954509,0.30274798475942805
5295,5294.999999999999,-1.1319459536322536,-0.006765182,0.011123248635345778,0.3026790149265529
5296,5295.999999999999,-1.1323238988588182,-0.006955644,0.011120655775000167,0.30260845960220656
5297,5296.999999999999,-1.1327018440853829,-0.006957137,0.011118026640416572,0.30253691720555964
5298,5297.999999999999,-1.1330797893119475,-0.006787847,0.011115429214870569,0.3024662376557822
5299,5298.999999999999,-1.133457734538512,-0.006354292,0.01111294571051962,0.3023986580596449
5300,5299.999999999999,-1.1338356797650766,-0.005768386,0.01111065485637798,0.3023363207427635
5301,5300.999999999999,-1.1342136249916412,-0.004980062,0.011108623694070691,0.3022810500006916
5302,5301.999999999999,-1.134591570218206,-0.003961368,0.01110693400867711,0.30223507131881266
5303,5302.999999999999,-1.1349695154447705,-0.002630008,0.011105688419129263,0.30220117710052224
5304,5303.999999999999,-1.1353474606713352,-0.000980958,0.01110500604544777,0.302182608766711
5305,5304.999999999999,-1.1357254058978996,0.000747476,0.011104961923744074,0.3021814081539899
5306,5305.999999999999,-1.1361033511244643,0.002720784,0.011105617329899817,0.30219924266404186
5307,5306.999999999999,-1.136481296351029,0.004875758,0.011107052868293466,0.3022383056537424
5308,5307.999999999999,-1.1368592415775933,0.00697784,0.011109292873684324,0.3022992593056261
5309,5308.999999999999,-1.137237186804158,0.008965866,0.01111230579747255,0.30238124513855724
5310,5309.999999999999,-1.1376151320307226,0.010950432,0.011116069432352518,0.3024836588609649
5311,5310.999999999999,-1.1379930772572873,0.012901471,0.011120576788794183,0.3026063102780474
5312,5311.999999999999,-1.138371022483852,0.014558325,0.011125765938204501,0.30274751422693974
5313,5312.999999999999,-1.1387489677104163,0.016215532,0.011131581354382566,0.30290575976274225
5314,5313.999999999999,-1.139126912936981,0.017638909,0.011137978916569547,0.3030798462984449
5315,5314.999999999999,-1.1395048581635456,0.018839757,0.01114487238541262,0.30326742714170846
5316,5315.999999999999,-1.13988280339011,0.019760521,0.011152166780819704,0.30346591775256154
5317,5316.999999999999,-1.1402607486166747,0.020505099,0.011159775880256536,0.3036729718963213
5318,5317.999999999999,-1.1406386938432393,0.021012334,0.011167621538067319,0.30388646312136436
5319,5318.999999999999,-1.141016639069804,0.021208971,0.011175600208409358,0.30410357380177105
5320,5319.999999999999,-1.1413945842963686,0.021082961,0.011183592225320156,0.3043210476608152
5321,5320.999999999999,-1.141772529522933,0.020605071,0.011191470121669793,0.304535416141191
5322,5321.999999999999,-1.1421504747494977,0.019782062,0.011199102183735783,0.30474309512992204
5323,5322.999999999999,-1.1425284199760624,0.018765022,0.011206386526933674,0.3049413122062282
5324,5323.999999999999,-1.142906365202627,0.017314621,0.011213204591357677,0.30512684119071976
5325,5324.999999999999,-1.1432843104291917,0.015817781,0.011219465707947938,0.30529721485258854
5326,5325.999999999999,-1.1436622556557563,0.01427546,0.011225152506341842,0.30545196052018814
5327,5326.999999999999,-1.1440402008823207,0.012639004,0.011230238602939015,0.3055903602591782
5328,5327.999999999999,-1.1444181461088854,0.010946844,0.011234695682272054,0.30571164356643854
5329,5328.999999999999,-1.1447960913354498,0.009517203,0.011238562826711975,0.30581687392746226
5330,5329.999999999999,-1.1451740365620144,0.008084217,0.011241889013046855,0.3059073840685468
5331,5330.999999999999,-1.145551981788579,0.006881592,0.011244717141083469,0.3059843413529042
5332,5331.999999999999,-1.1459299270151437,0.005953903,0.011247142698116391,0.30605034412218873
5333,5332.999999999999,-1.1463078722417084,0.005015193,0.011249215556852855,0.30610674948190003
5334,5333.999999999999,-1.146685817468273,0.004365099,0.011250988175145447,0.3061549848829264
5335,5334.999999999999,-1.1470637626948375,0.00371712,0.011252515493190996,0.30619654532418433
5336,5335.999999999999,-1.147441707921402,0.003139761,0.011253811255912531,0.3062318048240832
5337,5336.999999999999,-1.1478196531479667,0.002610464,0.011254897890957743,0.3062613736700069
5338,5337.999999999999,-1.1481975983745312,0.002031507,0.011255775096348394,0.30628524364470894
5339,5338.999999999999,-1.1485755436010958,0.001572978,0.01125645624529838,0.3063037786518781
5340,5339.999999999999,-1.1489534888276605,0.001132759,0.011256967555490126,0.30631769211099713
5341,5340.999999999999,-1.149331434054225,0.000746728,0.011257322727060147,0.3063273568217726
5342,5341.999999999999,-1.1497093792807898,0.000470696,0.0112575527868549,0.3063336170677073
5343,5342.999999999999,-1.1500873245073542,0.000244349,0.011257687910777164,0.3063372939769471
5344,5343.999999999999,-1.1504652697339188,5.1789e-05,0.011257743872748917,0.30633881677977554
5345,5344.999999999999,-1.1508432149604835,-3.6884e-05,0.011257746689385718,0.30633889342436743
5346,5345.999999999999,-1.151221160187048,-0.000110564,0.011257718825751835,0.30633813521626363
5347,5346.999999999999,-1.1515991054136125,-0.000145692,0.011257670400385845,0.3063368174949256
5348,5347.999999999999,-1.1519770506401772,-0.000328612,0.011257580769919475,0.3063343785256858
5349,5348.999999999999,-1.1523549958667418,-0.000462304,0.011257431308456068,0.3063303114720761
5350,5349.999999999999,-1.1527329410933065,-0.000593083,0.011257231869216653,0.3063248844538998
5351,5350.999999999999,-1.153110886319871,-0.000930777,0.011256943901410176,0.30631704845069135
5352,5351.999999999999,-1.1534888315464356,-0.001164313,0.011256547986777814,0.3063062750647097
5353,5352.999999999999,-1.1538667767730002,-0.001478865,0.011256048498523784,0.30629268329690396
5354,5353.999999999999,-1.1542447219995648,-0.00180231,0.011255428446309397,0.3062758108166056
5355,5354.999999999999,-1.1546226672261293,-0.00213603,0.011254684207907604,0.3062555590579953
5356,5355.999999999999,-1.1550006124526941,-0.00248807,0.011253810379646526,0.30623178097967046
5357,5356.999999999999,-1.1553785576792586,-0.002656262,0.011252838241784894,0.30620532776083326
5358,5357.999999999999,-1.1557565029058232,-0.002930857,0.011251782429306745,0.30617659763968696
5359,5358.999999999999,-1.1561344481323879,-0.003092886,0.011250644106850293,0.306145622307652
5360,5359.999999999999,-1.1565123933589523,-0.00330852,0.011249434416429793,0.3061127049543817
5361,5360.999999999999,-1.1568903385855172,-0.00353867,0.011248140485041852,0.30607749528760864
5362,5361.999999999999,-1.1572682838120816,-0.003734568,0.011246766042249967,0.30604009479392563
5363,5362.999999999999,-1.157646229038646,-0.003798663,0.011245342467901438,0.3060013573624779
5364,5363.999999999999,-1.1580241742652109,-0.003802662,0.01124390602565178,0.30596226977760244
5365,5364.999999999999,-1.1584021194917753,-0.003555335,0.011242515565730167,0.3059244334356159
5366,5365.999999999999,-1.15878006471834,-0.002923551,0.011241291233711589,0.305891117664165
5367,5366.999999999999,-1.1591580099449046,-0.002173531,0.011240328024805934,0.30586490741459765
5368,5367.999999999999,-1.159535955171469,-0.001137366,0.011239702355947536,0.3058478820976297
5369,5368.999999999999,-1.1599139003980339,2.8678e-05,0.01123949284427886,0.3058421809946903
5370,5369.999999999999,-1.1602918456245983,0.001389545,0.011239760849585388,0.30584947379060223
5371,5370.999999999999,-1.160669790851163,0.002898244,0.01124057112427792,0.3058715224882261
5372,5371.999999999999,-1.1610477360777276,0.004191924,0.01124191097185349,0.30590798159811566
5373,5372.999999999999,-1.161425681304292,0.005327146,0.011243709815387408,0.3059569306243132
5374,5373.999999999999,-1.1618036265308567,0.006133109,0.011245875489723639,0.30601586162515937
5375,5374.999999999999,-1.1621815717574213,0.006550865,0.011248272413437224,0.3060810852421319
5376,5375.999999999999,-1.1625595169839857,0.006680478,0.011250772774901168,0.3061491235436819
5377,5376.999999999999,-1.1629374622105506,0.006583165,0.011253279240180523,0.30621732793851053
5378,5377.999999999999,-1.163315407437115,0.006413674,0.011255735286810762,0.3062841603720042
5379,5378.999999999999,-1.1636933526636797,0.0060545,0.0112580914302344,0.30634827430075573
5380,5379.999999999999,-1.1640712978902443,0.005911383,0.01126035265441514,0.3064098053453266
5381,5380.999999999999,-1.1644492431168088,0.005794931,0.011262564827163623,0.30647000163242843
5382,5381.999999999999,-1.1648271883433734,0.006070822,0.011264807129516595,0.3065310177878354
5383,5382.999999999999,-1.165205133569938,0.006501941,0.011267183037396884,0.30659566953485085
5384,5383.999999999999,-1.1655830787965025,0.007127363,0.011269758602590984,0.3066657542341492
5385,5384.999999999999,-1.1659610240230673,0.007870318,0.011272592753562728,0.30674287541092077
5386,5385.999999999999,-1.1663389692496318,0.00851077,0.011275688330570495,0.30682711035253335
5387,5386.999999999999,-1.1667169144761964,0.009128668,0.011279021701266186,0.30691781599003487
5388,5387.999999999999,-1.167094859702761,0.009288269,0.011282501997979732,0.3070125196881578
5389,5388.999999999999,-1.1674728049293255,0.00913983,0.011285984404005587,0.3071072807835927
5390,5389.999999999999,-1.1678507501558903,0.008590414,0.011289334934548399,0.3071984533643221
5391,5390.999999999999,-1.1682286953824548,0.007673109,0.011292408294990884,0.30728208376239574
5392,5391.999999999999,-1.1686066406090192,0.006591674,0.0112951039483123,0.30735543622611006
5393,5392.999999999999,-1.168984585835584,0.00527781,0.011297346955722092,0.3074164715670905
5394,5393.999999999999,-1.1693625310621485,0.004057902,0.011299111149615583,0.30746447772853913
5395,5394.999999999999,-1.1697404762887131,0.003098404,0.01130046349546185,0.30750127693370005
5396,5395.999999999999,-1.1701184215152778,0.002316009,0.01130148667123585,0.3075291189648839
5397,5396.999999999999,-1.1704963667418424,0.001754455,0.011302255877455201,0.3075500501324215
5398,5397.999999999999,-1.170874311968407,0.001610366,0.011302891736472798,0.3075673527377473
5399,5398.999999999999,-1.1712522571949715,0.00182728,0.011303541357420958,0.30758502982428115
5400,5399.999999999999,-1.1716302024215361,0.002356742,0.011304332022992329,0.30760654493053513
5401,5400.999999999999,-1.1720081476481008,0.003091212,0.01130536153709675,0.3076345594364763
5402,5401.999999999999,-1.1723860928746654,0.004056349,0.011306712230377516,0.307671313673039
5403,5402.999999999999,-1.1727640381012299,0.004889464,0.01130840274403806,0.30771731489321025
5404,5403.999999999999,-1.1731419833277945,0.005758094,0.011310414840898396,0.30777206683804115
5405,5404.999999999999,-1.1735199285543592,0.00641868,0.011312715917702524,0.30783468232774
5406,5405.999999999999,-1.1738978737809238,0.006929878,0.011315238429591335,0.3079033233730565
5407,5406.999999999999,-1.1742758190074882,0.007266935,0.011317921238444224,0.3079763263209766
5408,5407.999999999999,-1.1746537642340529,0.007328478,0.01132067937178077,0.3080513789525153
5409,5408.999999999999,-1.1750317094606175,0.007178976,0.011323420883275223,0.3081259792806887
5410,5409.999999999999,-1.1754096546871822,0.006876432,0.011326076970455732,0.30819825509486054
5411,5410.999999999999,-1.1757875999137468,0.006335374,0.011328573639961731,0.30826619293311686
5412,5411.999999999999,-1.1761655451403112,0.005856065,0.011330877488049233,0.30832888383327794
5413,5412.999999999999,-1.176543490366876,0.005071203,0.011332942442439228,0.30838507410476446
5414,5413.999999999999,-1.1769214355934405,0.004264093,0.011334706557720111,0.308433078127055
5415,5414.999999999999,-1.177299380820005,0.003285428,0.011336133210432512,0.30847189932505104
5416,5415.999999999999,-1.1776773260465698,0.002168871,0.011337163923568165,0.3084999464582941
5417,5416.999999999999,-1.1780552712731343,0.000975831,0.0113377581861231,0.30851611716620797
5418,5417.999999999999,-1.178433216499699,-0.000405717,0.011337865922055549,0.3085190488102784
5419,5418.999999999999,-1.1788111617262635,-0.001864203,0.011337436969341207,0.3085073764122872
5420,5419.999999999999,-1.179189106952828,-0.003298928,0.011336461278983419,0.30848082652510495
5421,5420.999999999999,-1.1795670521793928,-0.004627713,0.011334963360919098,0.3084400660980919
5422,5421.999999999999,-1.1799449974059573,-0.005810754,0.011332990776531448,0.3083863893424167
5423,5422.999999999999,-1.180322942632522,-0.006676565,0.011330631015227128,0.3083221769661165
5424,5423.999999999999,-1.1807008878590866,-0.007177916,0.011328012897746887,0.3082509343601243
5425,5424.999999999999,-1.181078833085651,-0.007595222,0.011325221179252647,0.30817496782988746
5426,5425.999999999999,-1.1814567783122156,-0.007748271,0.011322321679283558,0.3080960684163084
5427,5426.999999999999,-1.1818347235387803,-0.007673847,0.01131940732134275,0.30801676469672196
5428,5427.999999999999,-1.1822126687653447,-0.007600018,0.011316520979158778,0.3079382233247158
5429,5428.999999999999,-1.1825906139919096,-0.007210543,0.011313722188742431,0.30786206435767505
5430,5429.999999999999,-1.182968559218474,-0.006826414,0.01131106958829561,0.3077898834223603
5431,5430.999999999999,-1.1833465044450386,-0.006217713,0.011308604605528435,0.307722807824193
5432,5431.999999999999,-1.1837244496716033,-0.005449357,0.011306399848821187,0.3076628133378536
5433,5432.999999999999,-1.1841023948981677,-0.004463971,0.011304526501322703,0.30761183695549943
5434,5433.999999999999,-1.1844803401247324,-0.003437785,0.011303033285841863,0.3075712044923018
5435,5434.999999999999,-1.184858285351297,-0.002097983,0.011301987177296378,0.3075427384286154
5436,5435.999999999999,-1.1852362305778614,-0.000505045,0.011301495276292772,0.30752935312041146
5437,5436.999999999999,-1.1856141758044263,0.001363503,0.011301657501344424,0.3075337674889507
5438,5437.999999999999,-1.1859921210309907,0.003568254,0.011302589468352787,0.3075591276031838
5439,5438.999999999999,-1.1863700662575554,0.005932021,0.011304384760146438,0.3076079799816051
5440,5439.999999999999,-1.18674801148412,0.008367618,0.011307087000297261,0.3076815116820786
5441,5440.999999999999,-1.1871259567106844,0.010944894,0.011310736536158947,0.3077808206120295
5442,5441.999999999999,-1.1875039019372493,0.013526969,0.011315361048061943,0.3079066599916211
5443,5442.999999999999,-1.1878818471638137,0.016057513,0.011320951704938086,0.3080587895152466
5444,5443.999999999999,-1.1882597923903782,0.018459341,0.01132747444504075,0.3082362823155624
5445,5444.999999999999,-1.188637737616943,0.020471929,0.011334831388871048,0.3084364749557187
5446,5445.999999999999,-1.1890156828435074,0.022108397,0.01134287790434968,0.30865543179634203
5447,5446.999999999999,-1.189393628070072,0.023222876,0.011351444273471904,0.3088885345752526
5448,5447.999999999999,-1.1897715732966367,0.024003282,0.011360368723964447,0.30913138124463835
5449,5448.999999999999,-1.1901495185232012,0.024263992,0.01136948991686824,0.3093795815477676
5450,5449.999999999999,-1.190527463749766,0.02410932,0.01137863114805,0.30962832712021837
5451,5450.999999999999,-1.1909054089763305,0.023616671,0.011387650053290756,0.3098737440342406
5452,5451.999999999999,-1.191283354202895,0.02269026,0.01139640079505491,0.3101118638483239
5453,5452.999999999999,-1.1916612994294598,0.02136335,0.011404725720861129,0.3103383966199061
5454,5453.999999999999,-1.1920392446560244,0.019865378,0.011412516821333594,0.3105504032641436
5455,5454.999999999999,-1.1924171898825888,0.018050949,0.01141968196873285,0.31074537685753423
5456,5455.999999999999,-1.1927951351091535,0.015966882,0.011426110407155115,0.310920303578401
5457,5456.999999999999,-1.1931730803357181,0.013879467,0.011431750549722581,0.3110737796762868
5458,5457.999999999999,-1.1935510255622828,0.011782883,0.011436600031065046,0.31120574078618934
5459,5458.999999999999,-1.1939289707888472,0.009777213,0.011440674298748784,0.3113166072578011
5460,5459.999999999999,-1.1943069160154118,0.008009495,0.011444035499441233,0.3114080701880936
5461,5460.999999999999,-1.1946848612419765,0.006374823,0.011446753741603977,0.3114820373254941
5462,5461.999999999999,-1.1950628064685411,0.004957433,0.01144889522763468,0.311540310129016
5463,5462.999999999999,-1.1954407516951058,0.003804134,0.011450550923847119,0.31158536391815866
5464,5463.999999999999,-1.1958186969216702,0.0028668,0.011451811547678133,0.3116196672401353
5465,5464.999999999999,-1.196196642148235,0.002088246,0.011452747915669687,0.3116451471112218
5466,5465.999999999999,-1.1965745873747995,0.001635846,0.01145345166706703,0.3116642971623161
5467,5466.999999999999,-1.196952532601364,0.001226058,0.011453992488544873,0.3116790136644398
5468,5467.999999999999,-1.1973304778279286,0.001149443,0.011454441393176697,0.311691228981764
5469,5468.999999999999,-1.1977084230544932,0.00118968,0.011454883423362795,0.31170325723589026
5470,5469.999999999999,-1.1980863682810579,0.001337863,0.011455361059768689,0.3117162543846162
5471,5470.999999999999,-1.1984643135076225,0.001868288,0.011455966934501736,0.31173274107599386
5472,5471.999999999999,-1.198842258734187,0.002497735,0.011456791993277697,0.31175519206902214
5473,5472.999999999999,-1.1992202039607518,0.003297849,0.011457887199931674,0.3117849941603027
5474,5473.999999999999,-1.1995981491873162,0.004242586,0.011459312135638909,0.311823768636208
5475,5474.999999999999,-1.1999760944138806,0.005213814,0.011461099136259152,0.3118723954003072
5476,5475.999999999999,-1.2003540396404455,0.006380675,0.011463290177145155,0.31193201666013703
5477,5476.999999999999,-1.20073198486701,0.007385567,0.011465891619870971,0.312002805522946
5478,5477.999999999999,-1.2011099300935746,0.00837536,0.011468870003433912,0.3120838514684659
5479,5478.999999999999,-1.2014878753201392,0.009249559,0.011472200630436231,0.31217448244626733
5480,5479.999999999999,-1.2018658205467037,0.009689733,0.011475779637939188,0.3122718722018076
5481,5480.999999999999,-1.2022437657732685,0.009767463,0.011479456515114454,0.3123719251268028
5482,5481.999999999999,-1.202621710999833,0.009362837,0.011483071617898327,0.3124702970849737
5483,5482.999999999999,-1.2029996562263976,0.008263264,0.011486402468266274,0.3125609341408635
5484,5483.999999999999,-1.2033776014529622,0.006700373,0.011489230185854371,0.31263788025634776
5485,5484.999999999999,-1.2037555466795267,0.004856096,0.011491414042001618,0.31269730600947615
5486,5485.999999999999,-1.2041334919060913,0.002553471,0.011492814247240898,0.3127354075350659
5487,5486.999999999999,-1.204511437132656,0.000310254,0.01149335541283787,0.31275013340114816
5488,5487.999999999999,-1.2048893823592204,-0.001856964,0.01149306312700718,0.312742179898515
5489,5488.999999999999,-1.2052673275857853,-0.003755148,0.011492002591536507,0.31271332125819495
5490,5489.999999999999,-1.2056452728123497,-0.005350338,0.011490281904051882,0.31266649896644216
5491,5490.999999999999,-1.2060232180389143,-0.006430214,0.011488055702354534,0.3126059209321942
5492,5491.999999999999,-1.206401163265479,-0.007314937,0.011485458245250105,0.31253524052366816
5493,5492.999999999999,-1.2067791084920434,-0.007784949,0.01148260478033242,0.3124575937876537
5494,5493.999999999999,-1.2071570537186083,-0.008045387,0.011479613280369365,0.3123761909267041
5495,5494.999999999999,-1.2075349989451727,-0.008016594,0.011476578005845305,0.3122935968992673
5496,5495.999999999999,-1.2079129441717371,-0.008025467,0.0114735464956557,0.31221110530458934
5497,5496.999999999999,-1.208290889398302,-0.007655264,0.011470583266940454,0.3121304717434836
5498,5497.999999999999,-1.2086688346248664,-0.007221547,0.011467771957088476,0.3120539721052442
5499,5498.999999999999,-1.209046779851431,-0.006601552,0.011465159769946786,0.3119828908719849
5500,5499.999999999999,-1.2094247250779957,-0.005955478,0.011462786835172621,0.31191832002730857
5501,5500.999999999999,-1.2098026703045601,-0.005141025,0.011460689900002416,0.3118612595144593
5502,5501.999999999999,-1.210180615531125,-0.004420663,0.011458883002833665,0.31181209133769366
5503,5502.999999999999,-1.2105585607576894,-0.00373664,0.01145734149596842,0.31177014479898263
5504,5503.999999999999,-1.210936505984254,-0.003170622,0.011456036212617655,0.3117346262295645
5505,5504.999999999999,-1.2113144512108187,-0.002538617,0.011454957322803973,0.3117052681421275
5506,5505.999999999999,-1.2116923964373834,-0.002013285,0.011454097137987628,0.311681861320847
5507,5506.999999999999,-1.2120703416639478,-0.00146364,0.011453440094384192,0.3116639822535735
5508,5507.999999999999,-1.2124482868905124,-0.000867007,0.011452999665929964,0.3116519975847918
5509,5508.999999999999,-1.2128262321170769,-0.000145429,0.011452808343253263,0.31164679142953844
5510,5509.999999999999,-1.2132041773436417,0.000597492,0.01145289377077974,0.31164911603095746
5511,5510.999999999999,-1.2135821225702061,0.001622801,0.011453313345350203,0.3116605332366533
5512,5511.999999999999,-1.2139600677967708,0.002661447,0.011454122950890712,0.311682563725723
5513,5512.999999999999,-1.2143380130233354,0.003962482,0.011455374692064039,0.3117166253382704
5514,5513.999999999999,-1.2147159582499,0.005256419,0.0114571168118776,0.311764030833404
5515,5514.999999999999,-1.2150939034764645,0.006545057,0.011459346967637908,0.31182471646318644
5516,5515.999999999999,-1.2154718487030292,0.007817393,0.011462061077347544,0.3118985711508093
5517,5516.999999999999,-1.215849793929594,0.009078042,0.011465253851852035,0.3119854509710474
5518,5517.999999999999,-1.2162277391561584,0.010181699,0.011468893415439945,0.31208448854160487
5519,5518.999999999999,-1.2166056843827229,0.011303861,0.011472953597860979,0.31219497173369276
5520,5519.999999999999,-1.2169836296092875,0.012139914,0.01147738382928793,0.31231552447221067
5521,5520.999999999999,-1.2173615748358522,0.012968425,0.01148212861772394,0.3124446367429984
5522,5521.999999999999,-1.2177395200624168,0.013641601,0.011487157183876669,0.3125814709988438
5523,5522.999999999999,-1.2181174652889815,0.014279477,0.011492433502951987,0.3127250469551594
5524,5523.999999999999,-1.2184954105155459,0.014822102,0.01149793290438626,0.3128746932917091
5525,5524.999999999999,-1.2188733557421108,0.015448832,0.011503653281890736,0.31303035269345625
5526,5525.999999999999,-1.2192513009686752,0.015816041,0.011509561486645484,0.3131911231350581
5527,5526.999999999999,-1.2196292461952396,0.016144325,0.011515601120529963,0.31335546994547303
5528,5527.999999999999,-1.2200071914218042,0.016271417,0.011521726808007188,0.313522158393438
5529,5528.999999999999,-1.220385136648369,0.016046398,0.011527833989963312,0.31368834328052064
5530,5529.999999999999,-1.2207630818749335,0.015416848,0.011533779681782276,0.3138501337971061
5531,5530.999999999999,-1.2211410271014982,0.014456857,0.01153942499388455,0.3140037505652002
5532,5531.999999999999,-1.2215189723280626,0.013090759,0.011544630738869768,0.31414540610269104
5533,5532.999999999999,-1.2218969175546275,0.011436855,0.011549265786184927,0.3142715321654523
5534,5533.999999999999,-1.222274862781192,0.009436815,0.01155321033815362,0.3143788688926398
5535,5534.999999999999,-1.2226528080077566,0.007531084,0.01155641680636956,0.3144661213377492
5536,5535.999999999999,-1.2230307532343212,0.005550493,0.011558888866161103,0.31453338951156007
5537,5536.999999999999,-1.2234086984608856,0.003730176,0.01156064265843504,0.3145811126305214
5538,5537.999999999999,-1.2237866436874503,0.002284983,0.011561779358750579,0.3146120438218534
5539,5538.999999999999,-1.224164588914015,0.001041785,0.011562408026793322,0.31462915075078507
5540,5539.999999999999,-1.2245425341405793,0.000242229,0.011562650670274394,0.31463575341626854
5541,5540.999999999999,-1.2249204793671442,-0.000415185,0.011562617986327092,0.31463486404075447
5542,5541.999999999999,-1.2252984245937086,-0.000736848,0.011562400283640495,0.3146289400488627
5543,5542.999999999999,-1.2256763698202733,-0.000787492,0.011562112225127165,0.31462110157739503
5544,5543.999999999999,-1.226054315046838,-0.000886032,0.011561795974923494,0.3146124959709526
5545,5544.999999999999,-1.2264322602734024,-0.00076145,0.01156148464594462,0.31460402427785883
5546,5545.999999999999,-1.2268102054999672,-0.000509295,0.011561244509941154,0.31459748984431696
5547,5546.999999999999,-1.2271881507265316,-0.000375495,0.011561077308862647,0.314592940071189
5548,5547.999999999999,-1.227566095953096,-0.000281715,0.011560953114171471,0.3145895605614777
5549,5548.999999999999,-1.227944041179661,-0.000317027,0.011560839968331049,0.3145864817063118
5550,5549.999999999999,-1.2283219864062254,-0.000468416,0.011560691541114755,0.31458244279599984
5551,5550.999999999999,-1.22869993163279,-0.000735143,0.011560464101425286,0.314576253846762
5552,5551.999999999999,-1.2290778768593547,-0.001060166,0.011560124837191908,0.31456702199666814
5553,5552.999999999999,-1.229455822085919,-0.001525119,0.011559636289129378,0.31455372792663894
5554,5553.999999999999,-1.229833767312484,-0.001887833,0.011558991334670931,0.314536177821759
5555,5554.999999999999,-1.2302117125390484,-0.002204027,0.011558218085193545,0.3145151366315654
5556,5555.999999999999,-1.230589657765613,-0.002545783,0.01155732050118525,0.31449071212642743
5557,5556.999999999999,-1.2309676029921777,-0.002772334,0.01155631552271802,0.3144633652691867
5558,5557.999999999999,-1.231345548218742,-0.002770507,0.011555268077569241,0.31443486283467187
5559,5558.999999999999,-1.2317234934453067,-0.002824994,0.011554210681122648,0.3144060896115485
5560,5559.999999999999,-1.2321014386718714,-0.00283865,0.011553140407515268,0.31437696598302917
5561,5560.999999999999,-1.2324793838984358,-0.002732855,0.011552087545655502,0.3143483161522994
5562,5561.999999999999,-1.2328573291250007,-0.002428767,0.011551112140457388,0.3143217740247071
5563,5562.999999999999,-1.233235274351565,-0.001965609,0.011550281723740922,0.3142991772346903
5564,5563.999999999999,-1.2336132195781297,-0.001282688,0.011549667884568115,0.3142824738198661
5565,5564.999999999999,-1.2339911648046944,-0.000345616,0.011549360179706017,0.3142741007440138
5566,5565.999999999999,-1.234369110031259,0.000583703,0.011549405171628595,0.31427532503659705
5567,5566.999999999999,-1.2347470552578235,0.001719058,0.01154984033039253,0.31428716630980075
5568,5567.999999999999,-1.2351250004843881,0.002743319,0.011550683597435671,0.3143101127750202
5569,5568.999999999999,-1.2355029457109525,0.003679992,0.011551897427301266,0.3143431427683298
5570,5569.999999999999,-1.2358808909375174,0.00435677,0.011553416155218734,0.31438446946029464
5571,5570.999999999999,-1.2362588361640818,0.004897045,0.011555164872822115,0.3144320544904354
5572,5571.999999999999,-1.2366367813906465,0.005365132,0.01155710414322777,0.31448482472647904
5573,5572.999999999999,-1.2370147266172111,0.005488895,0.011559155257074597,0.3145406383775996
5574,5573.999999999999,-1.2373926718437758,0.005740844,0.011561277370199905,0.31459838401751
5575,5574.999999999999,-1.2377706170703404,0.005922221,0.011563481370071836,0.31465835790931124
5576,5575.999999999999,-1.2381485622969048,0.006094457,0.011565752193116468,0.314720150152275
5577,5576.999999999999,-1.2385265075234697,0.006519437,0.011568135873629313,0.31478501340339704
5578,5577.999999999999,-1.2389044527500341,0.00690825,0.01157067333873204,0.3148540613463931
5579,5578.999999999999,-1.2392823979765986,0.007530075,0.01157340178673871,0.3149283061989547
5580,5579.999999999999,-1.2396603432031632,0.008290471,0.011576391436659882,0.3150096587177
5581,5580.999999999999,-1.2400382884297279,0.009190116,0.01157969478886698,0.31509954751051383
5582,5581.999999999999,-1.2404162336562925,0.010297891,0.011583377488477434,0.3151997588720419
5583,5582.999999999999,-1.2407941788828571,0.011460052,0.011587489143825791,0.3153116427138364
5584,5583.999999999999,-1.2411721241094216,0.012601654,0.011592036147288641,0.31543537298132585
5585,5584.999999999999,-1.2415500693359864,0.014001549,0.011597063424081231,0.3155721721518945
5586,5585.999999999999,-1.2419280145625509,0.015221908,0.011602585857119664,0.3157224452103209
5587,5586.999999999999,-1.2423059597891155,0.016546403,0.011608589197868899,0.3158858044342146
5588,5587.999999999999,-1.24268390501568,0.017554464,0.011615033327821081,0.3160611581433628
5589,5588.999999999999,-1.2430618502422446,0.018633582,0.011621871877443282,0.31624724455849484
5590,5589.999999999999,-1.2434397954688092,0.019404951,0.011629060118429718,0.316442846560406
5591,5590.999999999999,-1.2438177406953739,0.019893622,0.011636486472467792,0.3166449279485355
5592,5591.999999999999,-1.2441956859219383,0.020239216,0.011644070479743087,0.3168512992997959
5593,5592.999999999999,-1.2445736311485032,0.020182754,0.011651709125048005,0.3170591574275841
5594,5593.999999999999,-1.2449515763750676,0.019937979,0.011659290844809815,0.3172654665324316
5595,5594.999999999999,-1.2453295216016322,0.019264155,0.011666698974518037,0.3174670520112824
5596,5595.999999999999,-1.2457074668281969,0.018347518,0.011673806550654767,0.31766045901081175
5597,5596.999999999999,-1.2460854120547613,0.017261537,0.01168053568683463,0.3178435681345038
5598,5597.999999999999,-1.2464633572813262,0.015825996,0.011686788324412703,0.318013711070697
5599,5598.999999999999,-1.2468413025078906,0.014236794,0.01169246936840156,0.31816830015295816
5600,5599.999999999999,-1.247219247734455,0.012446839,0.011697511844261436,0.31830551291121734
5601,5600.999999999999,-1.24759719296102,0.010845129,0.011701913388322884,0.31842528502675216
5602,5601.999999999999,-1.2479751381875843,0.009145913,0.01170569114777186,0.31852808309826264
5603,5602.999999999999,-1.248353083414149,0.007783745,0.011708890389486096,0.318615138900243
5604,5603.999999999999,-1.2487310286407136,0.006451822,0.011711580521783642,0.3186883411292443
5605,5604.999999999999,-1.249108973867278,0.005441861,0.011713828102141702,0.3187495009064864
5606,5605.999999999999,-1.249486919093843,0.004732934,0.011715750859742463,0.31880182180621813
5607,5606.999999999999,-1.2498648643204073,0.004166019,0.01171743251814635,0.3188475820625801
5608,5607.999999999999,-1.2502428095469718,0.00390868,0.011718958415117848,0.31888910383444313
5609,5608.999999999999,-1.2506207547735366,0.003936528,0.01172044094457535,0.3189294455161323
5610,5609.999999999999,-1.250998700000101,0.004175194,0.01172197383787991,0.3189711576679165
5611,5610.999999999999,-1.2513766452266657,0.004639914,0.011723639651875036,0.3190164867759519
5612,5611.999999999999,-1.2517545904532303,0.005195571,0.011725498289178385,0.3190670628735045
5613,5612.999999999999,-1.2521325356797948,0.005893616,0.011727593841824951,0.31912408576596907
5614,5613.999999999999,-1.2525104809063596,0.006399768,0.011729916954725514,0.3191873008883993
5615,5614.999999999999,-1.252888426132924,0.006706953,0.011732393766044446,0.3192546983578572
5616,5615.999999999999,-1.2532663713594887,0.006771144,0.011734940757256607,0.3193240055194964
5617,5616.999999999999,-1.2536443165860534,0.006563412,0.011737460623150887,0.3193925745636338
5618,5617.999999999999,-1.2540222618126178,0.005965916,0.011739828323005718,0.3194570029588982
5619,5618.999999999999,-1.2544002070391824,0.005181991,0.011741934972124137,0.3195143278017442
5620,5619.999999999999,-1.254778152265747,0.004060866,0.011743681618965622,0.3195618564835832
5621,5620.999999999999,-1.2551560974923115,0.002872286,0.011744991794817345,0.3195975081847346
5622,5621.999999999999,-1.2555340427188764,0.001665001,0.011745849217798946,0.31962083985266315
5623,5622.999999999999,-1.2559119879454408,0.000535686,0.011746265087372353,0.31963215624025304
5624,5623.999999999999,-1.2562899331720054,-0.00034619,0.01174630089692668,0.31963313066786714
5625,5624.999999999999,-1.25666787839857,-0.000950103,0.01174605593305089,0.3196264648612267
5626,5625.999999999999,-1.2570458236251347,-0.001226265,0.011745644659102467,0.3196152735269633
5627,5626.999999999999,-1.2574237688516994,-0.001227674,0.011745180931836801,0.31960265486522443
5628,5627.999999999999,-1.2578017140782638,-0.000939657,0.011744771365633884,0.31959151000108355
5629,5628.999999999999,-1.2581796593048282,-0.000239918,0.011744548458263572,0.3195854443825329
5630,5629.999999999999,-1.258557604531393,0.000716923,0.01174463859914497,0.31958789724087316
5631,5630.999999999999,-1.2589355497579575,0.002232119,0.011745195887318389,0.3196030618246104
5632,5631.999999999999,-1.2593134949845222,0.004094795,0.011746391500790982,0.31963559612461406
5633,5632.999999999999,-1.2596914402110868,0.006466825,0.011748387357722876,0.3196899061584796
5634,5633.999999999999,-1.2600693854376515,0.009011891,0.011751312411135651,0.3197695009166847
5635,5634.999999999999,-1.260447330664216,0.011801843,0.011755245636841794,0.3198765294405672
5636,5635.999999999999,-1.2608252758907805,0.014561468,0.011760227580616237,0.3200120950368694
5637,5636.999999999999,-1.2612032211173454,0.017205855,0.01176623073466053,0.3201754491802628
5638,5637.999999999999,-1.2615811663439098,0.019495575,0.011773166299798826,0.3203641755220752
5639,5638.999999999999,-1.2619591115704745,0.021264698,0.011780868875105736,0.32057377327384035
5640,5639.999999999999,-1.262337056797039,0.022518532,0.011789142706496777,0.32079891569555613
5641,5640.999999999999,-1.2627150020236035,0.023148631,0.011797772549630076,0.32103374569029863
5642,5641.999999999999,-1.2630929472501682,0.023108904,0.011806513956903023,0.32127161149993627
5643,5642.999999999999,-1.2634708924767328,0.022435485,0.011815120599112699,0.32150581016538476
5644,5643.999999999999,-1.2638488377032973,0.021246804,0.01182337535541918,0.32173043352760694
5645,5644.999999999999,-1.2642267829298621,0.019557608,0.011831086271788268,0.32194025825123673
5646,5645.999999999999,-1.2646047281564265,0.017531907,0.01183809517436319,0.32213098020636344
5647,5646.999999999999,-1.2649826733829912,0.015384344,0.011844315444334116,0.3223002423750966
5648,5647.999999999999,-1.2653606186095556,0.013107664,0.011849699653543535,0.3224467541715233
5649,5648.999999999999,-1.2657385638361203,0.011005014,0.011854256289318429,0.3225707465475762
5650,5649.999999999999,-1.2661165090626851,0.009195127,0.01185807356275187,0.3226746198493801
5651,5650.999999999999,-1.2664944542892496,0.007427054,0.01186121469973389,0.3227600945410495
5652,5651.999999999999,-1.266872399515814,0.005981335,0.011863748518043126,0.3228290432497392
5653,5652.999999999999,-1.2672503447423789,0.004905642,0.01186580585853756,0.3228850263365728
5654,5653.999999999999,-1.2676282899689433,0.003910888,0.011867471941251742,0.3229303627568262
5655,5654.999999999999,-1.268006235195508,0.003298832,0.011868834380881176,0.3229674366278195
5656,5655.999999999999,-1.2683841804220726,0.003010479,0.011870026667868856,0.32299988040955735
5657,5656.999999999999,-1.268762125648637,0.002862514,0.011871136502703855,0.32303008055392174
5658,5657.999999999999,-1.2691400708752019,0.003105172,0.011872264231922523,0.32306076762927183
5659,5658.999999999999,-1.2695180161017663,0.003529536,0.011873518010031649,0.323094884669666
5660,5659.999999999999,-1.2698959613283307,0.00411876,0.011874963328513925,0.3231342137891357
5661,5660.999999999999,-1.2702739065548956,0.00487783,0.011876663437636855,0.32318047611514006
5662,5661.999999999999,-1.27065185178146,0.005619892,0.011878647219596706,0.3232344575722774
5663,5662.999999999999,-1.2710297970080247,0.006462499,0.011880930460598675,0.32329658772507464
5664,5663.999999999999,-1.2714077422345893,0.007077587,0.011883489166034163,0.32336621364696944
5665,5664.999999999999,-1.2717856874611537,0.007540668,0.01188625161588314,0.3234413837367951
5666,5665.999999999999,-1.2721636326877186,0.007795091,0.011889149654338037,0.323520243380547
5667,5666.999999999999,-1.272541577914283,0.007892743,0.011892114225325755,0.32360091346674746
5668,5667.999999999999,-1.2729195231408477,0.007695106,0.011895059901886735,0.32368106940940405
5669,5668.999999999999,-1.2732974683674123,0.007540473,0.011897939009065234,0.3237594139068818
5670,5669.999999999999,-1.2736754135939767,0.007097112,0.011900705111754827,0.32383468339556437
5671,5670.999999999999,-1.2740533588205414,0.006710968,0.011903314460716838,0.3239056873980202
5672,5671.999999999999,-1.274431304047106,0.00639547,0.01190579121855652,0.32397308341223363
5673,5672.999999999999,-1.2748092492736705,0.006024758,0.011908138301499243,0.32403695079273936
5674,5673.999999999999,-1.2751871945002353,0.005722868,0.011910358281084325,0.32409735951468727
5675,5674.999999999999,-1.2755651397267997,0.0056173,0.011912501262266345,0.3241556730033491
5676,5675.999999999999,-1.2759430849533644,0.005579621,0.01191461717368843,0.3242132498863178
5677,5676.999999999999,-1.276321030179929,0.005698069,0.011916748348239518,0.32427124210018504
5678,5677.999999999999,-1.2766989754064935,0.005898299,0.011918939744205062,0.32433087302222136
5679,5678.999999999999,-1.2770769206330583,0.006156112,0.011921217697753311,0.3243928592960732
5680,5679.999999999999,-1.2774548658596228,0.006404847,0.011923591375000873,0.32445745034447987
5681,5680.999999999999,-1.2778328110861872,0.006706065,0.011926068978304028,0.32452486936492636
5682,5681.999999999999,-1.278210756312752,0.006884206,0.011928637167330112,0.3245947533484679
5683,5682.999999999999,-1.2785887015393165,0.007112358,0.011931282134606164,0.32466672657462453
5684,5683.999999999999,-1.2789666467658811,0.007258274,0.011933997790489722,0.3247406233357832
5685,5684.999999999999,-1.2793445919924458,0.007325747,0.011936753771050256,0.3248156173873023
5686,5685.999999999999,-1.2797225372190104,0.007386085,0.011939533904389467,0.3248912686694109
5687,5686.999999999999,-1.280100482445575,0.007240754,0.011942297976379355,0.3249664828999395
5688,5687.999999999999,-1.2804784276721395,0.006968178,0.011944983075391345,0.32503954816626346
5689,5688.999999999999,-1.2808563728987041,0.00675186,0.011947575786826538,0.3251100994385509
5690,5689.999999999999,-1.2812343181252688,0.006226428,0.011950028327825829,0.3251768364789667
5691,5690.999999999999,-1.2816122633518334,0.005812655,0.011952303384801861,0.32523874393307317
5692,5691.999999999999,-1.2819902085783978,0.00526219,0.011954396227203208,0.3252956930760082
5693,5692.999999999999,-1.2823681538049625,0.00468181,0.011956275370869688,0.3253468271801285
5694,5693.999999999999,-1.2827460990315271,0.004296892,0.01195797209965051,0.32539299752233813
5695,5694.999999999999,-1.2831240442580918,0.004152249,0.011959568755905271,0.3254364447523885
5696,5695.999999999999,-1.2835019894846562,0.004329407,0.011961171556604552,0.32548005918129197
5697,5696.999999999999,-1.283879934711221,0.004806932,0.011962898074461215,0.3255270401255502
5698,5697.999999999999,-1.2842578799377855,0.0056629,0.01196487658597488,0.3255808781665407
5699,5698.999999999999,-1.2846358251643502,0.006856961,0.011967242496825983,0.3256452578805336
5700,5699.999999999999,-1.2850137703909146,0.008596762,0.011970162827246233,0.32572472411956493
5701,5700.999999999999,-1.2853917156174792,0.010643583,0.011973798725521336,0.32582366195187995
5702,5701.999999999999,-1.2857696608440439,0.012894882,0.01197824685076504,0.32594470160595684
5703,5702.999999999999,-1.2861476060706085,0.015287275,0.011983572506621262,0.32608962008447373
5704,5703.999999999999,-1.286525551297173,0.017846629,0.011989833907048386,0.326260001469937
5705,5704.999999999999,-1.2869034965237378,0.0202027,0.011997024188183153,0.3264556589871124
5706,5705.999999999999,-1.2872814417503022,0.022452169,0.012005084790247297,0.32667499914325504
5707,5706.999999999999,-1.2876593869768669,0.024477191,0.012013953154046164,0.3269163196159559
5708,5707.999999999999,-1.2880373322034315,0.026004104,0.012023492736284188,0.3271759048728602
5709,5708.999999999999,-1.288415277429996,0.027127782,0.012033533207630226,0.327449120016749
5710,5709.999999999999,-1.2887932226565608,0.027504162,0.012043857148856599,0.32773004876904066
5711,5710.999999999999,-1.2891711678831252,0.027274338,0.012054208785153283,0.32801173114258775
5712,5711.999999999999,-1.2895491131096897,0.026379707,0.012064347930250099,0.32828763133602135
5713,5712.999999999999,-1.2899270583362545,0.024879566,0.01207403452902386,0.3285512171166641
5714,5713.999999999999,-1.290305003562819,0.022631674,0.012083012852206943,0.3287955297366402
5715,5714.999999999999,-1.2906829487893836,0.020032673,0.012091075245353515,0.3290149186306186
5716,5715.999999999999,-1.2910608940159483,0.016912586,0.012098056887495136,0.3292048987915655
5717,5716.999999999999,-1.2914388392425127,0.013613934,0.01210382556375395,0.32936187246937215
5718,5717.999999999999,-1.2918167844690776,0.010220995,0.012108329712574478,0.329484436602637
5719,5718.999999999999,-1.292194729695642,0.006855471,0.012111556696980124,0.32957224732170876
5720,5719.999999999999,-1.2925726749222066,0.003748189,0.01211356049832068,0.32962677353394687
5721,5720.999999999999,-1.2929506201487713,0.000845303,0.012114428542508012,0.32965039421960696
5722,5721.999999999999,-1.2933285653753357,-0.001769319,0.012114253928789778,0.32964564273827623
5723,5722.999999999999,-1.2937065106019003,-0.003778872,0.012113205472637518,0.32961711279295514
5724,5723.999999999999,-1.294084455828465,-0.005418735,0.012111467376806784,0.32956981679597247
5725,5724.999999999999,-1.2944624010550294,-0.006376171,0.012109238462596546,0.3295091649504885
5726,5725.999999999999,-1.2948403462815943,-0.00683738,0.012106741463333336,0.32944121813908134
5727,5726.999999999999,-1.2952182915081587,-0.006844915,0.012104155884291487,0.32937086094910406
5728,5727.999999999999,-1.2955962367347233,-0.006304949,0.012101670920127101,0.32930324162941954
5729,5728.999999999999,-1.295974181961288,-0.005362014,0.012099466183639924,0.3292432476932963
5730,5729.999999999999,-1.2963521271878524,-0.004129777,0.012097672495089924,0.3291944389413573
5731,5730.999999999999,-1.2967300724144173,-0.002644948,0.012096392257602406,0.3291596019045978
5732,5731.999999999999,-1.2971080176409817,-0.001218248,0.012095662219358663,0.329139736551973
5733,5732.999999999999,-1.2974859628675461,0.00023962,0.012095477285468071,0.32913470424444613
5734,5733.999999999999,-1.297863908094111,0.001627609,0.012095830140611798,0.32914430592205096
5735,5734.999999999999,-1.2982418533206754,0.00291821,0.012096689175907737,0.3291676814632877
5736,5735.999999999999,-1.29861979854724,0.003901945,0.012097977998421078,0.32920275211050076
5737,5736.999999999999,-1.2989977437738047,0.004600246,0.012099584679672972,0.3292464721346202
5738,5737.999999999999,-1.2993756890003691,0.005061114,0.012101410412120034,0.3292961528454191
5739,5738.999999999999,-1.299753634226934,0.005308991,0.012103370077961896,0.32934947806955506
5740,5739.999999999999,-1.3001315794534984,0.00532472,0.012105379558118455,0.3294041588102488
5741,5740.999999999999,-1.3005095246800629,0.005198915,0.012107368236925634,0.32945827351739015
5742,5741.999999999999,-1.3008874699066277,0.004772155,0.012109252496080756,0.3295095468210477
5743,5742.999999999999,-1.3012654151331924,0.004058374,0.01211092122422255,0.32955495522705364
5744,5743.999999999999,-1.3016433603597568,0.003232874,0.0121122990704112,0.32959244833188056
5745,5744.999999999999,-1.3020213055863215,0.00234108,0.012113352395064895,0.3296211107558747
5746,5745.999999999999,-1.302399250812886,0.001262613,0.012114033394348573,0.32963964169041604
5747,5746.999999999999,-1.3027771960394507,0.000116959,0.012114294095674624,0.32964673573489406
5748,5747.999999999999,-1.3031551412660152,-0.00104334,0.01211411903503616,0.32964197209224433
5749,5748.999999999999,-1.3035330864925798,-0.002148619,0.01211351584220244,0.3296255583790652
5750,5749.999999999999,-1.3039110317191445,-0.003196113,0.012112505834229107,0.3295980746619913
5751,5750.999999999999,-1.304288976945709,-0.003956258,0.012111154231990072,0.329561295691414
5752,5751.999999999999,-1.3046669221722735,-0.004438444,0.012109567863215405,0.32951812839795797
5753,5752.999999999999,-1.3050448673988382,-0.004629469,0.012107854275998779,0.32947149931434017
5754,5753.999999999999,-1.3054228126254028,-0.004469889,0.012106134746538327,0.32942470853403044
5755,5754.999999999999,-1.3058007578519675,-0.004195741,0.01210449717979149,0.32938014807277866
5756,5755.999999999999,-1.306178703078532,-0.003574014,0.012103028908884577,0.3293401943860169
5757,5756.999999999999,-1.3065566483050968,-0.00290052,0.012101805399274811,0.3293069009934499
5758,5757.999999999999,-1.3069345935316612,-0.002002215,0.01210087891662963,0.3292816901163417
5759,5758.999999999999,-1.3073125387582258,-0.000857342,0.012100338538670511,0.3292669856829773
5760,5759.999999999999,-1.3076904839847905,0.00032122,0.012100237226295133,0.3292642288327994
5761,5760.999999999999,-1.308068429211355,0.00161799,0.012100603683876537,0.3292742006515897
5762,5761.999999999999,-1.3084463744379198,0.002953785,0.012101467624145625,0.32929770966394534
5763,5762.999999999999,-1.3088243196644842,0.004592996,0.012102893759073065,0.3293365167722948
5764,5763.999999999999,-1.3092022648910486,0.006289896,0.012104950327614375,0.3293924788532137
5765,5764.999999999999,-1.3095802101176135,0.008104626,0.012107670498053663,0.3294664984616921
5766,5765.999999999999,-1.309958155344178,0.009910314,0.012111074828343588,0.3295591350081202
5767,5766.999999999999,-1.3103361005707426,0.011799471,0.012115177383148835,0.3296707712115211
5768,5767.999999999999,-1.3107140457973072,0.013600317,0.012119977247464012,0.3298013821733297
5769,5768.999999999999,-1.3110919910238716,0.015300748,0.012125438757243702,0.3299499974254311
5770,5769.999999999999,-1.3114699362504365,0.016642464,0.012131475149491974,0.3301142560264311
5771,5770.999999999999,-1.311847881477001,0.017766685,0.012137977536299324,0.33029119498536674
5772,5771.999999999999,-1.3122258267035656,0.018735553,0.012144875459604836,0.3304788970407282
5773,5772.999999999999,-1.3126037719301302,0.019267801,0.012152057052723708,0.33067431814494735
5774,5773.999999999999,-1.3129817171566946,0.019670483,0.012159415322007917,0.330874546852542
5775,5774.999999999999,-1.3133596623832593,0.019992875,0.012166910610420727,0.33107850404056804
5776,5775.999999999999,-1.313737607609824,0.020025263,0.01217447294253728,0.331284285580712
5777,5776.999999999999,-1.3141155528363884,0.020060477,0.012182048049580434,0.33149041474431795
5778,5777.999999999999,-1.3144934980629532,0.020146338,0.012189646036482742,0.3316971665006086
5779,5778.999999999999,-1.3148714432895177,0.020095528,0.012197250647064119,0.3319040984963888
5780,5779.999999999999,-1.3152493885160823,0.019932098,0.012204814772152826,0.33210992882579055
5781,5780.999999999999,-1.315627333742647,0.019718032,0.01221230756083591,0.3323138179927055
5782,5781.999999999999,-1.3160052789692114,0.019361416,0.012219692506250098,0.3325147725947765
5783,5782.999999999999,-1.3163832241957762,0.018912602,0.012226925247452372,0.3327115855092489
5784,5783.999999999999,-1.3167611694223407,0.018137359,0.012233926675404549,0.332902104069529
5785,5784.999999999999,-1.317139114648905,0.017323035,0.012240627718726749,0.3330844487476205
5786,5785.999999999999,-1.31751705987547,0.01617784,0.012246958466622743,0.33325671717384436
5787,5786.999999999999,-1.3178950051020344,0.015033699,0.012252856592712136,0.3334172133609904
5788,5787.999999999999,-1.318272950328599,0.01361226,0.012258269894444344,0.3335645168052916
5789,5788.999999999999,-1.3186508955551637,0.012335077,0.01226317323052495,0.3336979433772749
5790,5789.999999999999,-1.319028840781728,0.011000287,0.012267582975241925,0.33381793864401466
5791,5790.999999999999,-1.319406786008293,0.009825344,0.012271518449155248,0.3339250283447311
5792,5791.999999999999,-1.3197847312348574,0.00874977,0.012275028636989845,0.3340205454216943
5793,5792.999999999999,-1.3201626764614218,0.008018496,0.012278197380036078,0.3341067713126396
5794,5793.999999999999,-1.3205406216879867,0.007620067,0.012281152640154168,0.3341871880371703
5795,5794.999999999999,-1.3209185669145511,0.007374731,0.012283986246317867,0.33426429438895977
5796,5795.999999999999,-1.3212965121411158,0.007492067,0.012286795663987068,0.33434074253828266
5797,5796.999999999999,-1.3216744573676804,0.007670374,0.012289660950086576,0.33441871094504166
5798,5797.999999999999,-1.3220524025942448,0.008101474,0.012292641397419427,0.3344998130486017
5799,5798.999999999999,-1.3224303478208097,0.008531114,0.012295784501039434,0.3345853412552169
5800,5799.999999999999,-1.3228082930473741,0.00893948,0.012299085964843208,0.3346751786619585
5801,5800.999999999999,-1.3231862382739388,0.009479441,0.012302566636478418,0.3347698925622197
5802,5801.999999999999,-1.3235641835005034,0.010009386,0.012306249491046414,0.33487010814035717
5803,5802.999999999999,-1.323942128727068,0.010503057,0.012310125781004927,0.33497558736361976
5804,5803.999999999999,-1.3243200739536325,0.011143643,0.012314216414472865,0.33508689917090656
5805,5804.999999999999,-1.3246980191801971,0.011807556,0.012318553562525857,0.33520491898178256
5806,5805.999999999999,-1.3250759644067618,0.012570678,0.012323160381112044,0.33533027690169653
5807,5806.999999999999,-1.3254539096333264,0.013343776,0.012328057503206208,0.33546353438249454
5808,5807.999999999999,-1.3258318548598909,0.014050899,0.012333234346530976,0.3356044034657398
5809,5808.999999999999,-1.3262098000864555,0.01457874,0.012338644564230134,0.33575162298922645
5810,5809.999999999999,-1.3265877453130202,0.014951506,0.012344224971987623,0.3359034736201256
5811,5810.999999999999,-1.3269656905395848,0.01511144,0.012349906045456207,0.33605806350457107
5812,5811.999999999999,-1.3273436357661494,0.01500351,0.012355596946256573,0.33621292080433746
5813,5812.999999999999,-1.3277215809927139,0.014517415,0.012361175592600334,0.3363647235047273
5814,5813.999999999999,-1.3280995262192787,0.013748181,0.012366517016142435,0.3365100710438348
5815,5814.999999999999,-1.3284774714458432,0.012765473,0.012371527370626478,0.33664640973492943
5816,5815.999999999999,-1.3288554166724076,0.011568942,0.012376125908621723,0.3367715423284849
5817,5816.999999999999,-1.3292333618989725,0.010294559,0.012380257511541193,0.33688396897134165
5818,5817.999999999999,-1.3296113071255369,0.009001467,0.012383903932000376,0.33698319312687175
5819,5818.999999999999,-1.3299892523521015,0.007967605,0.012387110621881192,0.33707045160378973
5820,5819.999999999999,-1.3303671975786662,0.006962663,0.012389932033642158,0.33714722612897635
5821,5820.999999999999,-1.3307451428052306,0.006273255,0.012392433259655809,0.33721528795612227
5822,5821.999999999999,-1.3311230880317955,0.00571685,0.012394699061131187,0.33727694355522553
5823,5822.999999999999,-1.33150103325836,0.005254759,0.012396772394755829,0.33733336183730245
5824,5823.999999999999,-1.3318789784849245,0.005060833,0.012398721759133624,0.3373864067443208
5825,5824.999999999999,-1.3322569237114892,0.00488602,0.012400601441938969,0.337437555519157
5826,5825.999999999999,-1.3326348689380536,0.004782308,0.0124024284911472,0.3374872720608526
5827,5826.999999999999,-1.3330128141646183,0.004797125,0.012404238741634972,0.3375365314860774
5828,5827.999999999999,-1.333390759391183,0.004864548,0.012406064533230461,0.33758621380638687
5829,5828.999999999999,-1.3337687046177473,0.005275157,0.012407980659782223,0.3376383542660831
5830,5829.999999999999,-1.3341466498443122,0.005735101,0.012410061297009395,0.3376949712893094
5831,5830.999999999999,-1.3345245950708766,0.006431021,0.012412360360877246,0.3377575320042217
5832,5831.999999999999,-1.3349025402974413,0.007328042,0.012414960446968671,0.33782828395112835
5833,5832.999999999999,-1.335280485524006,0.008251594,0.012417904571497579,0.3379083976608407
5834,5833.999999999999,-1.3356584307505703,0.009069241,0.012421177734951761,0.3379974649758387
5835,5834.999999999999,-1.336036375977135,0.009987224,0.012424778884942735,0.33809545725917284
5836,5835.999999999999,-1.3364143212036996,0.01063215,0.012428675381931759,0.3382014863437475
5837,5836.999999999999,-1.336792266430264,0.011050269,0.012432772765312471,0.33831298182551794
5838,5837.999999999999,-1.337170211656829,0.01105771,0.012436950567878491,0.3384266656248014
5839,5838.999999999999,-1.3375481568833933,0.010864742,0.012441093310922488,0.33853939540588945
5840,5839.999999999999,-1.337926102109958,0.010471735,0.012445125320739416,0.3386491119823655
5841,5840.999999999999,-1.3383040473365226,0.009765675,0.012448949636993181,0.33875317692907353
5842,5841.999999999999,-1.338681992563087,0.009115147,0.01245251759526744,0.33885026601978396
5843,5842.999999999999,-1.339059937789652,0.008425199,0.012455832240288935,0.3389404621057322
5844,5843.999999999999,-1.3394378830162164,0.007753743,0.012458889617238818,0.33902365757081504
5845,5844.999999999999,-1.3398158282427808,0.007379999,0.012461749480013298,0.33910147840138194
5846,5845.999999999999,-1.3401937734693457,0.007213014,0.01246450715981557,0.33917651869162435
5847,5846.999999999999,-1.34057171869591,0.007338521,0.01246725700141179,0.33925134569341436
5848,5847.999999999999,-1.3409496639224747,0.007524692,0.012470065741614172,0.339327775407926
5849,5848.999999999999,-1.3413276091490394,0.00791278,0.012472983001040484,0.3394071580809551
5850,5849.999999999999,-1.3417055543756038,0.00815773,0.012476019887311963,0.3394897959662735
5851,5850.999999999999,-1.3420834996021687,0.008215992,0.01247911407234746,0.339573993030391
5852,5851.999999999999,-1.342461444828733,0.008035715,0.01248218519988955,0.33965756266814945
5853,5852.999999999999,-1.3428393900552977,0.007744122,0.012485167156924607,0.33973870585279936
5854,5853.999999999999,-1.3432173352818624,0.007032256,0.012487959487690114,0.3398146890437861
5855,5854.999999999999,-1.343595280508427,0.006105313,0.012490442128436221,0.33988224514003845
5856,5855.999999999999,-1.3439732257349915,0.0051507,0.01249256920662797,0.3399401258862896
5857,5856.999999999999,-1.344351170961556,0.004051056,0.012494308086506076,0.33998744321828805
5858,5857.999999999999,-1.3447291161881205,0.003151113,0.012495669099203306,0.3400244782604781
5859,5858.999999999999,-1.3451070614146854,0.002310992,0.012496701287459179,0.3400525655337872
5860,5859.999999999999,-1.3454850066412498,0.001700517,0.012497459352798114,0.3400731935425247
5861,5860.999999999999,-1.3458629518678145,0.001366017,0.012498038843741814,0.34008896229441976
5862,5861.999999999999,-1.346240897094379,0.001118821,0.012498508410072258,0.3401017398452056
5863,5862.999999999999,-1.3466188423209438,0.000984251,0.012498905833084018,0.3401125542762816
5864,5863.999999999999,-1.3469967875475084,0.001073543,0.012499294699793795,0.34012313587851956
5865,5864.999999999999,-1.3473747327740728,0.001222522,0.012499728593197111,0.3401349427195068
5866,5865.999999999999,-1.3477526780006377,0.001386696,0.012500221663941194,0.34014835985797065
5867,5866.999999999999,-1.3481306232272021,0.001645263,0.012500794621156788,0.3401639508180666
5868,5867.999999999999,-1.3485085684537665,0.001857654,0.01250145657653639,0.34018196354157854
5869,5868.999999999999,-1.3488865136803312,0.002245572,0.012502231973876498,0.34020306317809434
5870,5869.999999999999,-1.3492644589068958,0.002700737,0.012503166690814329,0.3402284981217203
5871,5870.999999999999,-1.3496424041334605,0.003247487,0.012504290742247997,0.3402590851194422
5872,5871.999999999999,-1.3500203493600251,0.003860169,0.012505633894576628,0.3402956341562438
5873,5872.999999999999,-1.3503982945865896,0.004481102,0.012507210166355594,0.3403385266964499
5874,5873.999999999999,-1.3507762398131544,0.005061092,0.01250901337969222,0.34038759463103674
5875,5874.999999999999,-1.3511541850397188,0.005719997,0.012511050710254578,0.34044303321987984
5876,5875.999999999999,-1.3515321302662835,0.006245066,0.012513311779477775,0.34050456004784113
5877,5876.999999999999,-1.3519100754928481,0.006646596,0.012515747950535467,0.3405708516394533
5878,5877.999999999999,-1.3522880207194126,0.007205608,0.012518365637725067,0.3406420825366407
5879,5878.999999999999,-1.3526659659459772,0.007511716,0.01252114680890187,0.34071776205974885
5880,5879.999999999999,-1.3530439111725419,0.007867456,0.012524053051224827,0.34079684494212326
5881,5880.999999999999,-1.3534218563991063,0.008113614,0.012527073035785773,0.3408790229084681
5882,5881.999999999999,-1.3537998016256712,0.008372811,0.012530188518601706,0.3409637995147152
5883,5882.999999999999,-1.3541777468522356,0.008392475,0.012533356698509551,0.34105001008188435
5884,5883.999999999999,-1.3545556920788002,0.008368724,0.012536524106086326,0.34113619963285446
5885,5884.999999999999,-1.3549336373053649,0.008237222,0.012539662175097971,0.3412215908407969
5886,5885.999999999999,-1.3553115825319293,0.008063574,0.012542742579116672,0.34130541290434346
5887,5886.999999999999,-1.355689527758494,0.007868499,0.012545753304586486,0.3413873389179832
5888,5887.999999999999,-1.3560674729850586,0.007529358,0.012548663077862723,0.3414665178824911
5889,5888.999999999999,-1.356445418211623,0.007401756,0.012551484649494519,0.34154329675798467
5890,5889.999999999999,-1.3568233634381879,0.00742614,0.012554286715751118,0.3416195448651798
5891,5890.999999999999,-1.3572013086647523,0.007602425,0.01255712670295305,0.34169682485386527
5892,5891.999999999999,-1.357579253891317,0.007955877,0.012560066795940225,0.3417768288597384
5893,5892.999999999999,-1.3579571991178816,0.008774904,0.012563228455348048,0.34186286199506294
5894,5893.999999999999,-1.358335144344446,0.009739579,0.01256672718558413,0.3419580672948875
5895,5894.999999999999,-1.358713089571011,0.011186547,0.012570681650300224,0.34206567376167324
5896,5895.999999999999,-1.3590910347975753,0.012793468,0.012575213216401322,0.3421889839571495
5897,5896.999999999999,-1.3594689800241397,0.014600682,0.01258038996051547,0.34232985034073615
5898,5897.999999999999,-1.3598469252507046,0.016360915,0.012586240854411953,0.3424890612744377
5899,5898.999999999999,-1.360224870477269,0.018014776,0.012592736918573608,0.3426658281854192
5900,5899.999999999999,-1.3606028157038337,0.01940564,0.012599808352375239,0.3428582517019083
5901,5900.999999999999,-1.3609807609303983,0.020322287,0.012607315842560717,0.34306254091708327
5902,5901.999999999999,-1.3613587061569628,0.020476137,0.012615025627361796,0.3432723348491789
5903,5902.999999999999,-1.3617366513835276,0.020092014,0.012622691896872297,0.343480944669895
5904,5903.999999999999,-1.362114596610092,0.018999199,0.012630079065549282,0.3436819597700287
5905,5904.999999999999,-1.3624925418366567,0.017223724,0.012636924205969315,0.34386822552990626
5906,5905.999999999999,-1.3628704870632213,0.015071779,0.012643027171568491,0.3440342956840714
5907,5906.999999999999,-1.363248432289786,0.012565672,0.012648249892908423,0.34417641317170744
5908,5907.999999999999,-1.3636263775163504,0.009679739,0.012652453666358632,0.34429080367475173
5909,5908.999999999999,-1.364004322742915,0.006905887,0.012655587895446775,0.34437609039305256
5910,5909.999999999999,-1.3643822679694795,0.004007857,0.012657650294171149,0.34443221112133476
5911,5910.999999999999,-1.3647602131960443,0.001396715,0.01265867161026566,0.34446000254806175
5912,5911.999999999999,-1.3651381584226088,-0.000909669,0.01265876364862107,0.34446250703930026
5913,5912.999999999999,-1.3655161036491734,-0.003057382,0.012658013984626576,0.3444421076427914
5914,5913.999999999999,-1.365894048875738,-0.004779825,0.012656532967138952,0.34440180710389856
5915,5914.999999999999,-1.3662719941023027,-0.006306786,0.012654437901285839,0.3443447974577587
5916,5915.999999999999,-1.3666499393288674,-0.00744317,0.012651839536168002,0.34427409234092915
5917,5916.999999999999,-1.3670278845554318,-0.00823441,0.01264887690290546,0.3441934749829169
5918,5917.999999999999,-1.3674058297819962,-0.008638846,0.01264568831962456,0.34410670921168285
5919,5918.999999999999,-1.367783775008561,-0.008809203,0.012642391116208353,0.3440169877359928
5920,5919.999999999999,-1.3681617202351255,-0.008720904,0.012639078406077444,0.34392684430109965
5921,5920.999999999999,-1.3685396654616901,-0.008356281,0.01263585128580049,0.3438390298847812
5922,5921.999999999999,-1.3689176106882548,-0.007939666,0.012632771798109989,0.3437552327557952
5923,5922.999999999999,-1.3692955559148194,-0.007218368,0.012629907344812787,0.34367728701074146
5924,5923.999999999999,-1.369673501141384,-0.006555644,0.012627304433769766,0.34360645819298585
5925,5924.999999999999,-1.3700514463679485,-0.00596248,0.012624938851164095,0.34354208741100617
5926,5925.999999999999,-1.3704293915945134,-0.005425565,0.012622786822540269,0.34348352772891083
5927,5926.999999999999,-1.3708073368210778,-0.004990761,0.012620818422195248,0.34342996482683574
5928,5927.999999999999,-1.3711852820476422,-0.004772788,0.012618973378825808,0.3433797586390693
5929,5928.999999999999,-1.3715632272742069,-0.004915651,0.012617142529189352,0.3433299386824534
5930,5929.999999999999,-1.3719411725007715,-0.005243443,0.012615222738647592,0.34327769852051015
5931,5930.999999999999,-1.3723191177273362,-0.005745704,0.012613146090821259,0.3432211900544109
5932,5931.999999999999,-1.3726970629539008,-0.006487548,0.012610834341221878,0.34315828414315813
5933,5932.999999999999,-1.3730750081804652,-0.007363416,0.01260821688835832,0.3430870596223072
5934,5933.999999999999,-1.37345295340703,-0.008302255,0.01260525650557063,0.34300650350283535
5935,5934.999999999999,-1.3738308986335945,-0.009123181,0.012601963575392125,0.34291689830786704
5936,5935.999999999999,-1.3742088438601592,-0.009609077,0.012598423691645187,0.3428205731639632
5937,5936.999999999999,-1.3745867890867238,-0.010005271,0.012594717117045798,0.34271971213088964
5938,5937.999999999999,-1.3749647343132883,-0.009919719,0.012590951839615875,0.3426172537124207
5939,5938.999999999999,-1.375342679539853,-0.009292322,0.012587321290021618,0.34251846142512615
5940,5939.999999999999,-1.3757206247664175,-0.008239719,0.012584008214417675,0.34242830804520513
5941,5940.999999999999,-1.376098569992982,-0.006764386,0.012581172849485863,0.3423511538348973
5942,5941.999999999999,-1.3764765152195468,-0.004660084,0.012579013937534599,0.34229240684792034
5943,5942.999999999999,-1.3768544604461113,-0.002237179,0.012577710543720992,0.34225693969542764
5944,5943.999999999999,-1.377232405672676,0.000446287,0.012577372114179646,0.342247730558461
5945,5944.999999999999,-1.3776103508992406,0.003407343,0.012578100344711369,0.34226754672073584
5946,5945.999999999999,-1.377988296125805,0.00654201,0.012579980499948247,0.34231870835108896
5947,5946.999999999999,-1.3783662413523698,0.009418505,0.012582996600177128,0.3424007806193736
5948,5947.999999999999,-1.3787441865789343,0.012102945,0.012587063564825252,0.34251144836526254
5949,5948.999999999999,-1.3791221318054987,0.014397617,0.01259207144527984,0.3426477197345861
5950,5949.999999999999,-1.3795000770320636,0.015998027,0.012597815389558918,0.3428040204209395
5951,5950.999999999999,-1.379878022258628,0.01685887,0.012604024443249356,0.34297297737913207
5952,5951.999999999999,-1.3802559674851926,0.016871225,0.012610398507447766,0.34314642450199173
5953,5952.999999999999,-1.3806339127117573,0.016257738,0.01261665897416121,0.3433167804798114
5954,5953.999999999999,-1.3810118579383217,0.014842362,0.01262253604133155,0.3434767036245771
5955,5954.999999999999,-1.3813898031648866,0.012973714,0.012627792517904529,0.34361973963889747
5956,5955.999999999999,-1.381767748391451,0.010774248,0.012632280232343798,0.3437418565698661
5957,5956.999999999999,-1.3821456936180156,0.008403939,0.012635904384459204,0.34384047477289265
5958,5957.999999999999,-1.3825236388445803,0.0060676,0.01263863910900225,0.3439148904187098
5959,5958.999999999999,-1.3829015840711447,0.004000759,0.012640541753113944,0.3439666640025218
5960,5959.999999999999,-1.3832795292977094,0.002218664,0.012641717053731362,0.3439986455615775
5961,5960.999999999999,-1.383657474524274,0.00079398,0.01264228636094093,0.3440141371999497
5962,5961.999999999999,-1.3840354197508384,-2.0357e-05,0.012642432554500937,0.3440181153293777
5963,5962.999999999999,-1.3844133649774033,-0.000175504,0.012642395542135927,0.34401710817161757
5964,5963.999999999999,-1.3847913102039677,0.000180107,0.012642396411976866,0.3440171318411953
5965,5964.999999999999,-1.3851692554305324,0.001066708,0.012642632025865696,0.3440235432217292
5966,5965.999999999999,-1.385547200657097,0.002508727,0.012643307685161267,0.34404192884779167
5967,5966.999999999999,-1.3859251458836614,0.004627406,0.012644656218863008,0.3440786243192155
5968,5967.999999999999,-1.386303091110226,0.007199368,0.012646891155252487,0.3441394400365448
5969,5968.999999999999,-1.3866810363367907,0.010239026,0.012650186534138113,0.34422911186422844
5970,5969.999999999999,-1.3870589815633552,0.013558781,0.01265468366791729,0.3443514851084935
5971,5970.999999999999,-1.38743692678992,0.017111898,0.012660479586279064,0.34450920008168595
5972,5971.999999999999,-1.3878148720164845,0.020636307,0.01266761296322463,0.34470330915699
5973,5972.999999999999,-1.388192817243049,0.023907261,0.012676030477674507,0.34493236139391675
5974,5973.999999999999,-1.3885707624696138,0.026623623,0.012685579430875452,0.3451922016477125
5975,5974.999999999999,-1.3889487076961784,0.028500516,0.012695996383477218,0.34547566136846536
5976,5975.999999999999,-1.389326652922743,0.029495477,0.01270695603783433,0.3457738887562992
5977,5976.999999999999,-1.3897045981493075,0.029475463,0.012718099930473844,0.34607712952319686
5978,5977.999999999999,-1.390082543375872,0.028494087,0.012729054587828142,0.34637522093565715
5979,5978.999999999999,-1.3904604886024368,0.026507044,0.012739448295286695,0.3466580481238396
5980,5979.999999999999,-1.3908384338290012,0.023888895,0.01274897174757834,0.3469171944625428
5981,5980.999999999999,-1.3912163790555658,0.020734499,0.012757404346956047,0.3471466571812673
5982,5981.999999999999,-1.3915943242821305,0.017238898,0.012764580279022343,0.3473419242403982
5983,5982.999999999999,-1.3919722695086951,0.013580225,0.01277040424923472,0.34750040254333237
5984,5983.999999999999,-1.3923502147352598,0.009948339,0.01277485050346058,0.3476213912844201
5985,5984.999999999999,-1.3927281599618242,0.006691256,0.012777994931211688,0.3477069555224781
5986,5985.999999999999,-1.393106105188389,0.00374553,0.012779967197936377,0.3477606236341037
5987,5986.999999999999,-1.3934840504149535,0.001176593,0.012780897344382584,0.34778593420831677
5988,5987.999999999999,-1.3938619956415181,-0.000773327,0.012780973550612452,0.3477880078854721
5989,5988.999999999999,-1.3942399408680826,-0.002426791,0.01278036881595118,0.3477715522170279
5990,5989.999999999999,-1.3946178860946472,-0.003521051,0.01277924483670505,0.34774096718362896
5991,5990.999999999999,-1.3949958313212119,-0.004436331,0.012777741109433624,0.34770004868003757
5992,5991.999999999999,-1.3953737765477765,-0.00514684,0.012775930152566223,0.3476507700332439
5993,5992.999999999999,-1.395751721774341,-0.005612917,0.012773896853167651,0.3475954411379556
5994,5993.999999999999,-1.3961296670009058,-0.005911863,0.012771718985373548,0.3475361783362176
5995,5994.999999999999,-1.3965076122274702,-0.006099744,0.012769449120609039,0.34747441216938435
5996,5995.999999999999,-1.3968855574540349,-0.006181977,0.012767128211696064,0.3474112570205116
5997,5996.999999999999,-1.3972635026805995,-0.006158187,0.012764796258656652,0.3473478013456487
5998,5997.999999999999,-1.397641447907164,-0.006258741,0.012762449799323554,0.34728395093442527
5999,5998.999999999999,-1.3980193931337288,-0.00619527,0.012760096332319037,0.34721990983474815
6000,5999.999999999999,-1.3983973383602932,-0.006183575,0.01275775706962997,0.34715625525418514
6001,6000.999999999999,-1.3987752835868577,-0.006257142,0.012755406114827374,0.3470922825150048
6002,6001.999999999999,-1.3991532288134225,-0.00620758,0.012753050623737196,0.347028186337151
6003,6002.999999999999,-1.399531174039987,-0.006120777,0.012750720901897428,0.34696479137632336
6004,6003.999999999999,-1.3999091192665516,-0.005946735,0.012748440472618973,0.34690273773442065
6005,6004.999999999999,-1.4002870644931162,-0.005678345,0.012746243650871757,0.3468429591693436
6006,6005.999999999999,-1.4006650097196807,-0.005179971,0.012744191726521392,0.34678712346329826
6007,6006.999999999999,-1.4010429549462455,-0.0046079,0.012742342086960052,0.3467367922067788
6008,6007.999999999999,-1.40142090017281,-0.00384489,0.012740744741144226,0.3466933262128159
6009,6008.999999999999,-1.4017988453993746,-0.002992967,0.012739452573437685,0.34665816453825865
6010,6009.999999999999,-1.4021767906259393,-0.001834101,0.012738540389783233,0.3466333427565101
6011,6010.999999999999,-1.4025547358525037,-0.000531349,0.012738093384515144,0.3466211791235061
6012,6011.999999999999,-1.4029326810790683,0.001043853,0.012738190233735342,0.34662381452504454
6013,6012.999999999999,-1.403310626305633,0.002646531,0.012738887615243838,0.34664279124263303
6014,6013.999999999999,-1.4036885715321974,0.004270116,0.012740194672102578,0.3466783580716617
6015,6014.999999999999,-1.4040665167587623,0.006080337,0.012742150624254643,0.3467315822411502
6016,6015.999999999999,-1.4044444619853267,0.007811515,0.012744775803830414,0.3468030170165516
6017,6016.999999999999,-1.4048224072118913,0.009379015,0.01274802434320822,0.3468914142762964
6018,6017.999999999999,-1.405200352438456,0.010908104,0.01275185805310162,0.3469957348369607
6019,6018.999999999999,-1.4055782976650204,0.012441077,0.012756270408853191,0.34711580115357143
6020,6019.999999999999,-1.405956242891585,0.013683812,0.01276120729739923,0.3472501407346511
6021,6020.999999999999,-1.4063341881181497,0.014983642,0.01276662466109776,0.3473975547106868
6022,6021.999999999999,-1.4067121333447141,0.016248827,0.012772526742383949,0.3475581585242205
6023,6022.999999999999,-1.407090078571279,0.017512294,0.012778906669646659,0.3477317651891874
6024,6023.999999999999,-1.4074680237978434,0.018578264,0.012785726796706736,0.34791735030086585
6025,6024.999999999999,-1.407845969024408,0.019294064,0.01279288362949998,0.3481120976423008
6026,6025.999999999999,-1.4082239142509727,0.019894687,0.012800289230187719,0.3483136143029984
6027,6026.999999999999,-1.4086018594775371,0.020103737,0.012807847836898173,0.3485192944696781
6028,6027.999999999999,-1.408979804704102,0.019942865,0.012815415547931188,0.3487252223775955
6029,6028.999999999999,-1.4093577499306664,0.019466726,0.012822862881330844,0.34892787464323616
6030,6029.999999999999,-1.4097356951572309,0.018641652,0.012830064321109454,0.34912383580257916
6031,6030.999999999999,-1.4101136403837957,0.017704444,0.012836932737853184,0.3493107349434912
6032,6031.999999999999,-1.4104915856103601,0.016550218,0.012843405930848425,0.3494868794983295
6033,6032.999999999999,-1.4108695308369248,0.015363338,0.012849436718924875,0.3496509856020455
6034,6033.999999999999,-1.4112474760634894,0.014216785,0.012855026552069397,0.34980309271079174
6035,6034.999999999999,-1.411625421290054,0.013147022,0.01286019756218754,0.34994380306439843
6036,6035.999999999999,-1.4120033665166187,0.012318166,0.012865009785311625,0.3500747503265298
6037,6036.999999999999,-1.4123813117431832,0.011519518,0.012869514454751702,0.3501973286265742
6038,6037.999999999999,-1.4127592569697478,0.010788921,0.01287373013876778,0.35031204323262677
6039,6038.999999999999,-1.4131372021963124,0.009991729,0.012877657112503984,0.35041890163174044
6040,6039.999999999999,-1.413515147422877,0.009272979,0.012881297614718864,0.35051796474363894
6041,6040.999999999999,-1.4138930926494415,0.008555672,0.012884666741489633,0.35060964335351
6042,6041.999999999999,-1.4142710378760062,0.007603926,0.012887720462953285,0.3506927393477451
6043,6042.999999999999,-1.4146489831025708,0.006843956,0.01289045071697122,0.3507670333443768
6044,6043.999999999999,-1.4150269283291355,0.005945154,0.012892867508509475,0.35083279759240027
6045,6044.999999999999,-1.4154048735556999,0.00517496,0.012894968905512052,0.3508899795178936
6046,6045.999999999999,-1.4157828187822648,0.004599026,0.012896815921188657,0.35094023937487206
6047,6046.999999999999,-1.4161607640088292,0.003959969,0.012898433336840877,0.35098425149690493
6048,6047.999999999999,-1.4165387092353938,0.003540259,0.01289985067452625,0.3510228192201026
6049,6048.999999999999,-1.4169166544619585,0.003204631,0.012901125274015851,0.35105750283912307
6050,6049.999999999999,-1.417294599688523,0.002900607,0.012902278996795422,0.3510888972352988
6051,6050.999999999999,-1.4176725449150878,0.002708352,0.012903338936435445,0.3511177396622409
6052,6051.999999999999,-1.4180504901416522,0.002466732,0.01290431688558288,0.3511443510142207
6053,6052.999999999999,-1.4184284353682166,0.002245477,0.012905207364031942,0.35116858216724184
6054,6053.999999999999,-1.4188063805947815,0.001980913,0.012906006035994993,0.35119031513851223
6055,6054.999999999999,-1.419184325821346,0.001891046,0.012906737730205745,0.351210225552295
6056,6055.999999999999,-1.4195622710479106,0.001971722,0.012907467687569207,0.35123008870405525
6057,6056.999999999999,-1.4199402162744752,0.002188675,0.01290825388866259,0.35125148232567427
6058,6057.999999999999,-1.4203181615010396,0.002612645,0.012909161206650194,0.35127617170588293
6059,6058.999999999999,-1.4206961067276045,0.003378746,0.01291029341546466,0.3513069806772445
6060,6059.999999999999,-1.421074051954169,0.004246623,0.012911734401371833,0.3513461919013396
6061,6060.999999999999,-1.4214519971807333,0.005238933,0.012913526911677587,0.3513949685916194
6062,6061.999999999999,-1.4218299424072982,0.006566898,0.012915757890413626,0.3514556766157123
6063,6062.999999999999,-1.4222078876338626,0.007904475,0.012918492583587219,0.3515300914079232
6064,6063.999999999999,-1.4225858328604273,0.009151454,0.012921715687062307,0.3516177965214946
6065,6064.999999999999,-1.422963778086992,0.010398682,0.01292541012735225,0.35171832736318703
6066,6065.999999999999,-1.4233417233135564,0.011552502,0.01292955829995737,0.35183120489015995
6067,6066.999999999999,-1.4237196685401212,0.012278226,0.01293406165490395,0.35195374742101415
6068,6067.999999999999,-1.4240976137666856,0.012858205,0.012938811751958611,0.3520830041466744
6069,6068.999999999999,-1.4244755589932503,0.01303829,0.012943705480293614,0.3522161692785811
6070,6069.999999999999,-1.424853504219815,0.012783541,0.012948585099177418,0.35234895047276155
6071,6070.999999999999,-1.4252314494463794,0.012403109,0.012953344686247745,0.35247846543490363
6072,6071.999999999999,-1.425609394672944,0.011639245,0.012957888032712583,0.35260209619040767
6073,6072.999999999999,-1.4259873398995087,0.010805057,0.01296212939111482,0.3527175094320986
6074,6073.999999999999,-1.426365285126073,0.00992625,0.012966047040375368,0.3528241140993037
6075,6074.999999999999,-1.426743230352638,0.008913259,0.012969607191624053,0.3529209907500258
6076,6075.999999999999,-1.4271211755792024,0.007831457,0.012972771484365243,0.3530070955420017
6077,6076.999999999999,-1.427499120805767,0.006675659,0.012975512931986953,0.35308169413210916
6078,6077.999999999999,-1.4278770660323317,0.005607927,0.012977834193333851,0.3531448588711975
6079,6078.999999999999,-1.428255011258896,0.004687605,0.012979779766921024,0.35319780062554806
6080,6079.999999999999,-1.428632956485461,0.003772599,0.012981378513779805,0.3532413047438319
6081,6080.999999999999,-1.4290109017120254,0.002996439,0.012982657676580073,0.35327611253686153
6082,6081.999999999999,-1.4293888469385898,0.00232233,0.012983662778257448,0.35330346274682106
6083,6082.999999999999,-1.4297667921651547,0.001794279,0.01298444070461804,0.35332463120149005
6084,6083.999999999999,-1.430144737391719,0.001515759,0.012985066211148963,0.35334165210130236
6085,6084.999999999999,-1.4305226826182837,0.00159763,0.012985654556404456,0.35335766179129563
6086,6085.999999999999,-1.4309006278448484,0.001825801,0.012986301491106918,0.35337526578136025
6087,6086.999999999999,-1.4312785730714128,0.002223876,0.012987066769152556,0.35339609005784567
6088,6087.999999999999,-1.4316565182979777,0.002876249,0.012988030553101873,0.3534223159551482
6089,6088.999999999999,-1.4320344635245421,0.003682064,0.012989269894648206,0.35345604015665616
6090,6089.999999999999,-1.4324124087511068,0.004638613,0.012990842274725174,0.35349882679825606
6091,6090.999999999999,-1.4327903539776714,0.005620877,0.012992781037361418,0.35355158321719016
6092,6091.999999999999,-1.433168299204236,0.006590858,0.01299508872083708,0.3536143784835799
6093,6092.999999999999,-1.4335462444308005,0.007501097,0.012997751714399685,0.35368684222998253
6094,6093.999999999999,-1.4339241896573651,0.008522359,0.01300077970875382,0.35376923815390354
6095,6094.999999999999,-1.4343021348839298,0.009451245,0.0130041762276718,0.35386166214207254
6096,6095.999999999999,-1.4346800801104944,0.010375204,0.013007922883551438,0.35396361384234415
6097,6096.999999999999,-1.4350580253370588,0.011243398,0.013012008207266888,0.3540747811639052
6098,6097.999999999999,-1.4354359705636235,0.012200363,0.013016438436048224,0.35419533383043217
6099,6098.999999999999,-1.4358139157901881,0.013217482,0.013021241712641877,0.35432603764506837
6100,6099.999999999999,-1.4361918610167528,0.014049191,0.0130263943670942,0.3544662485155627
6101,6100.999999999999,-1.4365698062433172,0.014728691,0.01303183259866047,0.35461423033520756
6102,6101.999999999999,-1.4369477514698819,0.015108507,0.013037471011939552,0.35476765937675914
6103,6102.999999999999,-1.4373256966964467,0.015372511,0.013043231089566516,0.35492439907387335
6104,6103.999999999999,-1.4377036419230111,0.015278966,0.01304902337927617,0.35508201530641137
6105,6104.999999999999,-1.4380815871495756,0.014897669,0.013054725936852186,0.35523718980320235
6106,6105.999999999999,-1.4384595323761404,0.014183692,0.013060221517638162,0.3553867321746156
6107,6106.999999999999,-1.4388374776027049,0.013292287,0.013065413725192281,0.3555280193398401
6108,6107.999999999999,-1.4392154228292695,0.012294481,0.013070248923606689,0.3556595917914705
6109,6108.999999999999,-1.4395933680558342,0.010987455,0.01307464857189488,0.35577931232038695
6110,6109.999999999999,-1.4399713132823986,0.009738989,0.01307856530218161,0.35588589198104054
6111,6110.999999999999,-1.4403492585089634,0.008304061,0.013081974944491693,0.3559786730749009
6112,6111.999999999999,-1.4407272037355279,0.006964085,0.013084860205941289,0.3560571850386265
6113,6112.999999999999,-1.4411051489620923,0.005508042,0.013087217096373668,0.3561213192945214
6114,6113.999999999999,-1.4414830941886572,0.00419532,0.013089050766048433,0.356171215988289
6115,6114.999999999999,-1.4418610394152216,0.00284342,0.013090380895140447,0.3562074106447688
6116,6115.999999999999,-1.4422389846417862,0.001551673,0.013091211447350275,0.3562300111217479
6117,6116.999999999999,-1.4426169298683509,0.000378279,0.013091576155423225,0.356239935333988
6118,6117.999999999999,-1.4429948750949153,-0.000613144,0.013091531772370407,0.35623872760959496
6119,6118.999999999999,-1.4433728203214802,-0.001513595,0.013091129876943807,0.3562277914779113
6120,6119.999999999999,-1.4437507655480446,-0.002306083,0.01309040806241025,0.3562081499038407
6121,6120.999999999999,-1.4441287107746092,-0.002819221,0.013089439520319504,0.3561817945309139
6122,6121.999999999999,-1.444506656001174,-0.003106292,0.013088319760642855,0.3561513243178499
6123,6122.999999999999,-1.4448846012277383,-0.00311671,0.013087143783692454,0.3561193243548362
6124,6123.999999999999,-1.445262546454303,-0.003048796,0.013085978671911426,0.35608762004814287
6125,6124.999999999999,-1.4456404916808676,-0.002696559,0.013084892957162841,0.35605807624476615
6126,6125.999999999999,-1.446018436907432,-0.002096111,0.013083987273788341,0.3560334313446461
6127,6126.999999999999,-1.446396382133997,-0.001536317,0.013083300844376622,0.3560147526487932
6128,6127.999999999999,-1.4467743273605613,-0.000694814,0.013082879221720977,0.35600327971186035
6129,6128.999999999999,-1.447152272587126,7.7969e-05,0.013082762654909336,0.3560001077673254
6130,6129.999999999999,-1.4475302178136906,0.001036776,0.01308297331118513,0.3560058400166111
6131,6130.999999999999,-1.447908163040255,0.002183468,0.013083581849109216,0.35602239917710876
6132,6131.999999999999,-1.44828610826682,0.003303901,0.01308461881156919,0.3560506163631297
6133,6132.999999999999,-1.4486640534933843,0.004676079,0.01308612680924373,0.35609165107030966
6134,6133.999999999999,-1.4490419987199488,0.006023944,0.01308814882055222,0.35614667280101875
6135,6134.999999999999,-1.4494199439465136,0.007538221,0.013090711698314036,0.3562164122576968
6136,6135.999999999999,-1.449797889173078,0.009200538,0.013093874865345368,0.3563024864175469
6137,6136.999999999999,-1.4501758343996427,0.01079201,0.0130976529093871,0.3564052922332208
6138,6137.999999999999,-1.4505537796262074,0.012515548,0.013102057399531589,0.3565251445157592
6139,6138.999999999999,-1.4509317248527718,0.014076417,0.013107082552649951,0.35666188589820813
6140,6139.999999999999,-1.4513096700793366,0.015440654,0.01311266047069326,0.3568136687805331
6141,6140.999999999999,-1.451687615305901,0.016710912,0.013118736236141399,0.3569789987808824
6142,6141.999999999999,-1.4520655605324657,0.017694501,0.013125237916947065,0.3571559185285335
6143,6142.999999999999,-1.4524435057590304,0.018365676,0.013132052302830178,0.35734134741482815
6144,6143.999999999999,-1.452821450985595,0.01870016,0.013139056730722591,0.3575319476076408
6145,6144.999999999999,-1.4531993962121594,0.018880108,0.0131461583721744,0.35772519311616646
6146,6145.999999999999,-1.453577341438724,0.018884224,0.0131532947966813,0.35791938511983906
6147,6146.999999999999,-1.4539552866652885,0.018767697,0.01316040997858777,0.35811299908290645
6148,6147.999999999999,-1.4543332318918534,0.018380069,0.013167429889006389,0.35830402057671973
6149,6148.999999999999,-1.4547111771184178,0.018002847,0.01317430526372174,0.35849110905368503
6150,6149.999999999999,-1.4550891223449824,0.017598393,0.01318103292308063,0.35867417799103124
6151,6150.999999999999,-1.455467067571547,0.017289714,0.013187625819832892,0.358853579851037
6152,6151.999999999999,-1.4558450127981117,0.016952629,0.01319409668487451,0.3590296610590301
6153,6152.999999999999,-1.4562229580246762,0.016580139,0.013200433459674058,0.35920209348565446
6154,6153.999999999999,-1.4566009032512408,0.016416383,0.013206668898665626,0.3593717684244673
6155,6154.999999999999,-1.4569788484778055,0.016206288,0.013212833690056745,0.35953952094413694
6156,6155.999999999999,-1.45735679370437,0.016068975,0.013218932830850228,0.3597054870200371
6157,6156.999999999999,-1.4577347389309345,0.015908134,0.013224975628703171,0.35986991992642
6158,6157.999999999999,-1.4581126841574992,0.015774393,0.013230962758625748,0.3600328380312481
6159,6158.999999999999,-1.4584906293840638,0.01587555,0.013236943731064694,0.3601955885824109
6160,6159.999999999999,-1.4588685746106285,0.015859177,0.013242940725357685,0.36035877511043246
6161,6160.999999999999,-1.4592465198371931,0.016026285,0.013248966204437539,0.3605227367489915
6162,6161.999999999999,-1.4596244650637575,0.016093038,0.013255035876841707,0.3606879009491679
6163,6162.999999999999,-1.4600024102903224,0.01618283,0.013261135131963621,0.3608538701361031
6164,6163.999999999999,-1.4603803555168868,0.016341455,0.013267281331095209,0.3610211167346175
6165,6164.999999999999,-1.4607583007434513,0.016332036,0.013273455726074536,0.36118913058123525
6166,6165.999999999999,-1.4611362459700161,0.016393987,0.013279640048163182,0.36135741455825904
6167,6166.999999999999,-1.4615141911965805,0.016109337,0.013285782286239823,0.36152455337097733
6168,6167.999999999999,-1.4618921364231452,0.015813534,0.013291814834596167,0.3616887073743494
6169,6168.999999999999,-1.4622700816497098,0.015461395,0.013297724939659515,0.36184952952598254
6170,6169.999999999999,-1.4626480268762743,0.014928496,0.013303467796779149,0.3620058006292204
6171,6170.999999999999,-1.4630259721028391,0.014220945,0.013308976242820637,0.3621556930820705
6172,6171.999999999999,-1.4634039173294036,0.013536872,0.013314221710038139,0.3622984295165666
6173,6172.999999999999,-1.4637818625559682,0.012831903,0.013319204686358941,0.3624340232098866
6174,6173.999999999999,-1.4641598077825329,0.012139664,0.013323923628632686,0.36256243217076994
6175,6174.999999999999,-1.4645377530090973,0.011450212,0.01332838146914741,0.36268373619083916
6176,6175.999999999999,-1.464915698235662,0.010753836,0.013332577426123416,0.3627979139967848
6177,6176.999999999999,-1.4652936434622266,0.010055355,0.013336509793326977,0.362904919159622
6178,6177.999999999999,-1.465671588688791,0.009335813,0.013340174193018533,0.36300463255498855
6179,6178.999999999999,-1.4660495339153559,0.008619994,0.013343567348790915,0.36309696502730365
6180,6179.999999999999,-1.4664274791419203,0.007865667,0.013346682687231772,0.3631817377049048
6181,6180.999999999999,-1.466805424368485,0.007183229,0.013349526516435905,0.36325912223979606
6182,6181.999999999999,-1.4671833695950496,0.006357335,0.013352085312200302,0.3633287506196657
6183,6182.999999999999,-1.467561314821614,0.00573814,0.013354371025719942,0.3633909480530963
6184,6183.999999999999,-1.4679392600481789,0.005058301,0.01335641125738986,0.3634464655850977
6185,6184.999999999999,-1.4683172052747433,0.004523381,0.01335822193287704,0.3634957365751455
6186,6185.999999999999,-1.4686951505013077,0.004098694,0.013359851268921705,0.3635400730675814
6187,6186.999999999999,-1.4690730957278726,0.003871717,0.013361357458317309,0.36358105856898476
6188,6187.999999999999,-1.469451040954437,0.003820097,0.01336281100050977,0.3636206114670087
6189,6188.999999999999,-1.4698289861810017,0.003898699,0.013364269641561283,0.36366030311205566
6190,6189.999999999999,-1.4702069314075663,0.004124739,0.013365785851607652,0.36370156128925746
6191,6190.999999999999,-1.4705848766341307,0.004496556,0.01336741504025368,0.3637458937707721
6192,6191.999999999999,-1.4709628218606956,0.004945342,0.013369199300393084,0.36379444596258875
6193,6192.999999999999,-1.47134076708726,0.00565841,0.01337120311911912,0.3638489726479099
6194,6193.999999999999,-1.4717187123138245,0.006422903,0.013373486156408612,0.3639110972574082
6195,6194.999999999999,-1.4720966575403893,0.007227067,0.013376065626910736,0.36398128822555165
6196,6195.999999999999,-1.472474602766954,0.008104015,0.013378962781540722,0.36406012381920255
6197,6196.999999999999,-1.4728525479935184,0.009075917,0.013382209318186775,0.36414846658184
6198,6197.999999999999,-1.473230493220083,0.009842794,0.013385784436444377,0.36424575050562275
6199,6198.999999999999,-1.4736084384466475,0.010613001,0.013389650021482293,0.3643509384331562
6200,6199.999999999999,-1.4739863836732123,0.011180787,0.013393768450553973,0.36446300659735237
6201,6200.999999999999,-1.4743643288997768,0.011467812,0.013398048415494185,0.36457947037645977
6202,6201.999999999999,-1.4747422741263414,0.011509154,0.013402390432804504,0.3646976226865776
6203,6202.999999999999,-1.475120219352906,0.01111139,0.013406665096118051,0.3648139422010741
6204,6203.999999999999,-1.4754981645794707,0.010464396,0.01341074232878209,0.36492488935391004
6205,6204.999999999999,-1.4758761098060351,0.009395777,0.013414495357574139,0.3650270144699628
6206,6205.999999999999,-1.4762540550325998,0.007941244,0.013417771579739038,0.3651161650167195
6207,6206.999999999999,-1.4766320002591642,0.006351511,0.013420472519002392,0.3651896613182416
6208,6207.999999999999,-1.477009945485729,0.00449937,0.013422523038341377,0.3652454587919796
6209,6208.999999999999,-1.4773878907122935,0.002494987,0.013423844780261898,0.3652814252218964
6210,6209.999999999999,-1.4777658359388581,0.000664639,0.013424441863044112,0.36529767267210406
6211,6210.999999999999,-1.4781437811654228,-0.001203283,0.013424340074079803,0.36529490285328065
6212,6211.999999999999,-1.4785217263919874,-0.002761924,0.013423590758550808,0.3652745129390011
6213,6212.999999999999,-1.478899671618552,-0.004016473,0.013422309827155853,0.36523965702005834
6214,6213.999999999999,-1.4792776168451165,-0.005076013,0.0134205915963152,0.3651929015769935
6215,6214.999999999999,-1.4796555620716814,-0.005782623,0.013418539611493599,0.36513706422544207
6216,6215.999999999999,-1.4800335072982458,-0.006135311,0.013416287448360693,0.3650757797445436
6217,6216.999999999999,-1.4804114525248102,-0.006150217,0.01341396582002898,0.3650126050192897
6218,6217.999999999999,-1.4807893977513749,-0.005968549,0.013411675705148203,0.36495028781872124
6219,6218.999999999999,-1.4811673429779395,-0.00557334,0.01340949460422166,0.3648909370389676
6220,6219.999999999999,-1.4815452882045042,-0.00493932,0.013407507999388911,0.3648368787675455
6221,6220.999999999999,-1.4819232334310688,-0.00411513,0.013405796956310577,0.3647903189134574
6222,6221.999999999999,-1.4823011786576332,-0.003036321,0.013404445527926346,0.3647535446737103
6223,6222.999999999999,-1.482679123884198,-0.001736805,0.0134035435378326,0.36472900027287936
6224,6223.999999999999,-1.4830570691107625,-0.000219826,0.0134031737881593,0.36471893887170487
6225,6224.999999999999,-1.4834350143373272,0.001665281,0.013403446939568032,0.3647263717001915
6226,6225.999999999999,-1.4838129595638918,0.003716802,0.013404464005857444,0.36475404748383045
6227,6226.999999999999,-1.4841909047904562,0.00609745,0.013406318630705296,0.36480451439690675
6228,6227.999999999999,-1.4845688500170209,0.008874525,0.013409147923947044,0.3648815033881111
6229,6228.999999999999,-1.4849467952435855,0.011712946,0.013413038392142787,0.3649873684208632
6230,6229.999999999999,-1.48532474047015,0.014951514,0.013418077244830748,0.36512448258759195
6231,6230.999999999999,-1.4857026856967148,0.018245252,0.013424350524454289,0.36529518722245724
6232,6231.999999999999,-1.4860806309232792,0.021544951,0.013431869783098231,0.365499796673701
6233,6232.999999999999,-1.486458576149844,0.024879016,0.013440642641461152,0.36573851831109583
6234,6233.999999999999,-1.4868365213764085,0.028056959,0.01345064609099355,0.36601072604011414
6235,6234.999999999999,-1.487214466602973,0.031053216,0.013461816295234873,0.36631468278217133
6236,6235.999999999999,-1.4875924118295378,0.033724607,0.01347405752972992,0.3666477837421438
6237,6236.999999999999,-1.4879703570561023,0.035876136,0.01348721016402102,0.3670056851539911
6238,6237.999999999999,-1.4883483022826667,0.037458488,0.013501068399562374,0.3673827869539948
6239,6238.999999999999,-1.4887262475092315,0.038455283,0.013515414023252358,0.36777315126116256
6240,6239.999999999999,-1.489104192735796,0.038725891,0.013529999151399333,0.3681700328166171
6241,6240.999999999999,-1.4894821379623606,0.038555036,0.013544603130131401,0.3685674273226236
6242,6241.999999999999,-1.4898600831889253,0.037710522,0.013559015231930094,0.36895960059128435
6243,6242.999999999999,-1.4902380284154897,0.036375302,0.013573015423698546,0.3693405652170136
6244,6243.999999999999,-1.4906159736420546,0.034773845,0.013586460663939943,0.36970642884239235
6245,6244.999999999999,-1.490993918868619,0.032729838,0.013599217011322632,0.3700535467381107
6246,6245.999999999999,-1.4913718640951834,0.030497235,0.013611165196537633,0.37037867342093467
6247,6246.999999999999,-1.4917498093217483,0.028111006,0.013622240548999283,0.3706800491145791
6248,6247.999999999999,-1.4921277545483127,0.025550592,0.013632381121406247,0.3709559881471004
6249,6248.999999999999,-1.4925056997748773,0.023061345,0.013641567446177852,0.37120596077864165
6250,6249.999999999999,-1.492883645001442,0.020540431,0.013649806987732322,0.3714301701263702
6251,6250.999999999999,-1.4932615902280064,0.018016131,0.013657093122012643,0.37162843594051215
6252,6251.999999999999,-1.4936395354545713,0.015638816,0.01366345298529711,0.37180149663681744
6253,6252.999999999999,-1.4940174806811357,0.013053208,0.01366887499205275,0.37194903695687354
6254,6253.999999999999,-1.4943954259077004,0.01054845,0.013673335059042805,0.3720704015624229
6255,6254.999999999999,-1.494773371134265,0.007996608,0.013676839567116537,0.3721657640852194
6256,6255.999999999999,-1.4951513163608297,0.005431068,0.013679377030140565,0.37223481197165115
6257,6256.999999999999,-1.495529261587394,0.002718844,0.013680917140309225,0.37227672050431193
6258,6257.999999999999,-1.4959072068139587,-0.000158617,0.013681400953096012,0.3722898857209239
6259,6258.999999999999,-1.4962851520405231,-0.002945388,0.01368081438115952,0.37227392428539896
6260,6259.999999999999,-1.496663097267088,-0.00587408,0.0136791477432438,0.3722285727573421
6261,6260.999999999999,-1.4970410424936524,-0.008633655,0.013676406178648043,0.37215397098420866
6262,6261.999999999999,-1.497418987720217,-0.011190991,0.013672659863486026,0.3720520285553358
6263,6262.999999999999,-1.4977969329467817,-0.013464068,0.013668000732556166,0.37192524714403274
6264,6263.999999999999,-1.4981748781733464,-0.015343678,0.013662556857511774,0.3717771117575249
6265,6264.999999999999,-1.498552823399911,-0.01682418,0.01365647801332182,0.3716116979803429
6266,6265.999999999999,-1.4989307686264755,-0.017801222,0.01364993476061993,0.3714336470037667
6267,6266.999999999999,-1.4993087138530399,-0.018261927,0.013643119813110212,0.37124820283483356
6268,6267.999999999999,-1.4996866590796047,-0.018331414,0.01363620467383271,0.3710600323090087
6269,6268.999999999999,-1.5000646043061692,-0.018084569,0.013629323050359956,0.37087277379469213
6270,6269.999999999999,-1.5004425495327338,-0.017334847,0.013622629750757504,0.3706906398339497
6271,6270.999999999999,-1.5008204947592985,-0.016448067,0.013616245705214632,0.3705169211048706
6272,6271.999999999999,-1.501198439985863,-0.015306002,0.013610245055813356,0.3703536351162857
6273,6272.999999999999,-1.5015763852124278,-0.014003741,0.013604706317084013,0.37020291835740593
6274,6273.999999999999,-1.5019543304389922,-0.012758733,0.013599648942434333,0.37006530018242284
6275,6274.999999999999,-1.502332275665557,-0.011376449,0.013595088054019749,0.36994119208614873
6276,6275.999999999999,-1.5027102208921215,-0.010193234,0.013591011974655568,0.36983027631620075
6277,6276.999999999999,-1.5030881661186861,-0.008985077,0.013587387799107557,0.36973165747554054
6278,6277.999999999999,-1.5034661113452505,-0.007806896,0.013584214576087581,0.3696453096782993
6279,6278.999999999999,-1.5038440565718152,-0.006641362,0.013581484251015944,0.3695710137481979
6280,6279.999999999999,-1.5042220017983798,-0.005590398,0.013579172783363702,0.3695081155091176
6281,6280.999999999999,-1.5045999470249445,-0.004434649,0.013577278324033834,0.3694565646445653
6282,6281.999999999999,-1.504977892251509,-0.003078338,0.013575858575246888,0.3694179313119514
6283,6282.999999999999,-1.5053558374780738,-0.001733253,0.013574949316321572,0.369393189116137
6284,6283.999999999999,-1.5057337827046382,-0.000149642,0.013574593500732887,0.36938350688072097
6285,6284.999999999999,-1.5061117279312028,0.001548842,0.013574857911213392,0.36939070185643347
6286,6285.999999999999,-1.5064896731577675,0.003425933,0.013575798007445634,0.3694162831781174
6287,6286.999999999999,-1.506867618384332,0.005400634,0.013577465986877936,0.3694616712107001
6288,6287.999999999999,-1.5072455636108966,0.007386427,0.013579882391211306,0.369527424922342
6289,6288.999999999999,-1.5076235088374612,0.009402445,0.013583055028227209,0.3696137567736
6290,6289.999999999999,-1.5080014540640256,0.011432141,0.013586992194390284,0.36972089252277807
6291,6290.999999999999,-1.5083793992905905,0.013265556,0.013591659382734428,0.36984789318749334
6292,6291.999999999999,-1.508757344517155,0.014820374,0.013596966854322991,0.36999231684687933
6293,6292.999999999999,-1.5091352897437196,0.016015381,0.013602793967527874,0.3701508806749965
6294,6293.999999999999,-1.5095132349702842,0.016833893,0.01360900158068008,0.37031979843414686
6295,6294.999999999999,-1.5098911801968486,0.017306533,0.013615453186199871,0.37049535556385266
6296,6295.999999999999,-1.5102691254234135,0.017397791,0.013622011352998347,0.3706738123736716
6297,6296.999999999999,-1.510647070649978,0.01702612,0.013628516529419415,0.3708508272418636
6298,6297.999999999999,-1.5110250158765424,0.01652633,0.013634857023577938,0.37102336087740156
6299,6298.999999999999,-1.5114029611031072,0.015843764,0.013640974084833312,0.3711898145939119
6300,6299.999999999999,-1.5117809063296717,0.015177516,0.013646836257182274,0.37134933242994006
6301,6300.999999999999,-1.5121588515562363,0.01433133,0.01365241262092584,0.37150107301761437
6302,6301.999999999999,-1.512536796782801,0.013537868,0.013657679136101981,0.3716443821962427
6303,6302.999999999999,-1.5129147420093656,0.01278658,0.013662653735833755,0.3717797479509632
6304,6303.999999999999,-1.5132926872359302,0.012243621,0.013667383758327706,0.3719084584199983
6305,6304.999999999999,-1.5136706324624947,0.011765473,0.013671920819563426,0.3720319181457052
6306,6305.999999999999,-1.5140485776890593,0.011478726,0.01367631333659211,0.3721514446231648
6307,6306.999999999999,-1.514426522915624,0.011157773,0.013680591014963703,0.3722678461815703
6308,6307.999999999999,-1.5148044681421884,0.010957789,0.01368477025050905,0.3723815689742077
6309,6308.999999999999,-1.515182413368753,0.010657076,0.013688854868033845,0.372492717079342
6310,6309.999999999999,-1.5155603585953177,0.010170218,0.013692790656208624,0.37259981533154835
6311,6310.999999999999,-1.5159383038218823,0.009564468,0.01369651997139435,0.3727012951675001
6312,6311.999999999999,-1.516316249048447,0.008655545,0.013699963054864997,0.3727949862416971
6313,6312.999999999999,-1.5166941942750114,0.007833271,0.013703078989514448,0.3728797751429606
6314,6313.999999999999,-1.517072139501576,0.006812092,0.013705846562033027,0.3729550846277274
6315,6314.999999999999,-1.5174500847281407,0.005987394,0.013708265314351117,0.37302090223128836
6316,6315.999999999999,-1.5178280299547051,0.005211541,0.013710381606364046,0.37307848947066147
6317,6316.999999999999,-1.51820597518127,0.004616074,0.013712238756452928,0.3731290250990468
6318,6317.999999999999,-1.5185839204078344,0.003985939,0.013713864301329027,0.3731732584285305
6319,6318.999999999999,-1.518961865634399,0.003748614,0.013715325920022007,0.3732130310993295
6320,6319.999999999999,-1.5193398108609637,0.003663447,0.013716726596558985,0.37325114544958293
6321,6320.999999999999,-1.5197177560875281,0.003903204,0.01371815648637225,0.3732900547335809
6322,6321.999999999999,-1.520095701314093,0.004372526,0.01371972037269717,0.3733326102484131
6323,6322.999999999999,-1.5204736465406574,0.004944401,0.01372148101674012,0.37338051981350756
6324,6323.999999999999,-1.5208515917672218,0.005547162,0.013723463634817646,0.3734344695997934
6325,6324.999999999999,-1.5212295369937867,0.006218108,0.013725686948635518,0.3734949690508375
6326,6325.999999999999,-1.5216074822203511,0.006728889,0.013728133576492767,0.3735615451864613
6327,6326.999999999999,-1.5219854274469158,0.007274595,0.013730779851459304,0.37363355399668885
6328,6327.999999999999,-1.5223633726734804,0.00780453,0.013733629393116564,0.3737110939753486
6329,6328.999999999999,-1.522741317900045,0.00824135,0.01373666162499258,0.3737936052081142
6330,6329.999999999999,-1.5231192631266097,0.008659014,0.01373985533094308,0.37388051037428943
6331,6330.999999999999,-1.5234972083531741,0.008695402,0.01374313484028659,0.37396975036973296
6332,6331.999999999999,-1.5238751535797388,0.008548555,0.013746393475904208,0.3740584223621589
6333,6332.999999999999,-1.5242530988063034,0.008163509,0.013749551598311628,0.37414435925079936
6334,6333.999999999999,-1.5246310440328679,0.007572645,0.013752525300456021,0.37422527780843096
6335,6334.999999999999,-1.5250089892594325,0.006869271,0.013755254427063345,0.37429954112665703
6336,6335.999999999999,-1.5253869344859972,0.005869537,0.013757661712901206,0.3743650467113956
6337,6336.999999999999,-1.5257648797125618,0.004531418,0.013759627208548187,0.3744185305726104
6338,6337.999999999999,-1.5261428249391265,0.003088549,0.013761067173625302,0.3744577140185045
6339,6338.999999999999,-1.5265207701656909,0.001242186,0.013761885563935684,0.3744799835533403
6340,6339.999999999999,-1.5268987153922555,-0.000556772,0.013762015088410445,0.3744835080938513
6341,6340.999999999999,-1.5272766606188202,-0.002511314,0.01376143530418125,0.37446773136125133
6342,6341.999999999999,-1.5276546058453846,-0.004576774,0.013760095849668716,0.37443128294715183
6343,6342.999999999999,-1.5280325510719495,-0.006449551,0.013758012176218566,0.3743745833040893
6344,6343.999999999999,-1.5284104962985139,-0.00822946,0.013755238245149496,0.3742991007943491
6345,6344.999999999999,-1.5287884415250785,-0.009822702,0.013751826880920961,0.3742062728447007
6346,6345.999999999999,-1.5291663867516432,-0.01112405,0.013747868518455745,0.3740985603147581
6347,6346.999999999999,-1.5295443319782076,-0.012264142,0.013743448790693558,0.3739782933955191
6348,6347.999999999999,-1.5299222772047725,-0.013196971,0.013738637337632871,0.3738473670878803
6349,6348.999999999999,-1.530300222431337,-0.013952568,0.013733506818298631,0.3737077585446338
6350,6349.999999999999,-1.5306781676579013,-0.014331312,0.013728161939581268,0.37356231698541764
6351,6350.999999999999,-1.5310561128844662,-0.014635995,0.013722687911877727,0.37341336110325535
6352,6351.999999999999,-1.5314340581110306,-0.014500884,0.013717181839710206,0.37326353324680667
6353,6352.999999999999,-1.5318120033375953,-0.014124723,0.013711772383948623,0.3731163344566977
6354,6353.999999999999,-1.53218994856416,-0.013461166,0.013706559406414577,0.37297448211152706
6355,6354.999999999999,-1.5325678937907243,-0.012357426,0.013701680399613067,0.37284171757295437
6356,6355.999999999999,-1.5329458390172892,-0.010808856,0.013697302606763493,0.3727225917608197
6357,6356.999999999999,-1.5333237842438536,-0.009047939,0.013693550216320932,0.3726204840151414
6358,6357.999999999999,-1.5337017294704183,-0.006899917,0.013690536508296363,0.3725384768420522
6359,6358.999999999999,-1.534079674696983,-0.004458033,0.013688390166803333,0.3724800719146696
6360,6359.999999999999,-1.5344576199235473,-0.001816359,0.013687204478550336,0.37244780769364993
6361,6360.999999999999,-1.534835565150112,0.000966382,0.013687043856175416,0.37244343693616627
6362,6361.999999999999,-1.5352135103766766,0.003801089,0.013687944777629035,0.372467952257818
6363,6362.999999999999,-1.5355914556032413,0.006488221,0.013689889175428606,0.37252086201735796
6364,6363.999999999999,-1.535969400829806,0.008961686,0.013692808784729364,0.3726003086337283
6365,6364.999999999999,-1.5363473460563704,0.011200105,0.013696618811063085,0.3727039847319025
6366,6365.999999999999,-1.536725291282935,0.012992241,0.013701190501908135,0.3728283867772844
6367,6366.999999999999,-1.5371032365094996,0.01408485,0.013706307330554487,0.3729676227779349
6368,6367.999999999999,-1.537481181736064,0.014785346,0.01371176300693858,0.37311607929525553
6369,6368.999999999999,-1.537859126962629,0.014962286,0.01371738449469658,0.37326904776991554
6370,6369.999999999999,-1.5382370721891934,0.014657014,0.013722981731221173,0.37342135633489637
6371,6370.999999999999,-1.538615017415758,0.014002382,0.013728397572178384,0.3735687288750299
6372,6371.999999999999,-1.5389929626423227,0.013073264,0.01373351412775931,0.3737079574451916
6373,6372.999999999999,-1.539370907868887,0.012346621,0.013738317789857096,0.37383867174992963
6374,6373.999999999999,-1.539748853095452,0.011594443,0.013742841995285936,0.37396178165131
6375,6374.999999999999,-1.5401267983220164,0.010967693,0.013747105621087087,0.37407780081979347
6376,6375.999999999999,-1.5405047435485808,0.010805271,0.013751220114993069,0.3741897619026759
6377,6376.999999999999,-1.5408826887751457,0.010780322,0.013755299200911527,0.37430075948513364
6378,6377.999999999999,-1.54126063400171,0.011331881,0.013759477801697865,0.37441446500509845
6379,6378.999999999999,-1.5416385792282747,0.012041078,0.013763894650840235,0.37453465359310173
6380,6379.999999999999,-1.5420165244548394,0.013035342,0.013768633407459398,0.3746636017297916
6381,6380.999999999999,-1.5423944696814038,0.014280972,0.013773795442701218,0.3748040678645721
6382,6381.999999999999,-1.5427724149079687,0.015669372,0.013779455237475601,0.37495807872625087
6383,6382.999999999999,-1.543150360134533,0.016984241,0.01378562587605732,0.3751259903560824
6384,6383.999999999999,-1.5435283053610978,0.018241071,0.013792282495319644,0.375307126193922
6385,6384.999999999999,-1.5439062505876624,0.019151,0.01379934857269255,0.3754994039545602
6386,6385.999999999999,-1.5442841958142268,0.019724061,0.01380669489456123,0.3756993075564162
6387,6386.999999999999,-1.5446621410407915,0.019716237,0.013814148030742922,0.37590211772380017
6388,6387.999999999999,-1.5450400862673561,0.019363154,0.013821532965385673,0.37610307203276544
6389,6388.999999999999,-1.5454180314939208,0.018478776,0.01382868405378942,0.376297663061399
6390,6389.999999999999,-1.5457959767204854,0.01710021,0.013835407507751774,0.3764806175640757
6391,6390.999999999999,-1.5461739219470498,0.015210033,0.01384151325880727,0.3766467635143687
6392,6391.999999999999,-1.5465518671736145,0.013123031,0.013846867431953645,0.3767924579878826
6393,6392.999999999999,-1.5469298124001791,0.010868441,0.013851401163113975,0.3769158270976218
6394,6393.999999999999,-1.5473077576267436,0.008458473,0.013855053420559238,0.3770152100856346
6395,6394.999999999999,-1.5476857028533084,0.005960977,0.013857778301707832,0.3770893578790434
6396,6395.999999999999,-1.5480636480798728,0.003659365,0.013859596282876242,0.37713882766680495
6397,6396.999999999999,-1.5484415933064375,0.001547784,0.013860580291430521,0.3771656039036448
6398,6397.999999999999,-1.5488195385330021,-0.000261671,0.013860823331565108,0.37717221736262035
6399,6398.999999999999,-1.5491974837595666,-0.001712549,0.013860450258052513,0.37716206551517095
6400,6399.999999999999,-1.5495754289861312,-0.002768283,0.013859603503519795,0.37713902415052564
6401,6400.999999999999,-1.5499533742126959,-0.003379459,0.01385844174864827,0.3771074111899934
6402,6401.999999999999,-1.5503313194392603,-0.003496572,0.013857142367101189,0.3770720532168349
6403,6402.999999999999,-1.5507092646658251,-0.003267049,0.013855864227965567,0.3770372732791394
6404,6403.999999999999,-1.5510872098923896,-0.00273824,0.013854729392809722,0.37700639284138815
6405,6404.999999999999,-1.5514651551189542,-0.001728001,0.013853885395576403,0.37698342650668176
6406,6405.999999999999,-1.5518431003455189,-0.000415645,0.013853480305189831,0.3769724034357082
6407,6406.999999999999,-1.5522210455720833,0.000944433,0.013853580231640064,0.3769751225729417
6408,6407.999999999999,-1.5525989907986482,0.002403901,0.013854212975066185,0.3769923403987045
6409,6408.999999999999,-1.5529769360252126,0.003840931,0.013855393077288733,0.37702445261609197
6410,6409.999999999999,-1.5533548812517772,0.005109768,0.013857084514269466,0.3770704789610854
6411,6410.999999999999,-1.5537328264783419,0.006230538,0.013859227521529707,0.3771287931593718
6412,6411.999999999999,-1.5541107717049063,0.007118427,0.01386175011033037,0.37719743629756647
6413,6412.999999999999,-1.554488716931471,0.007923395,0.013864592602742238,0.3772747844564871
6414,6413.999999999999,-1.5548666621580356,0.008411746,0.013867679497025344,0.3773587831291252
6415,6414.999999999999,-1.5552446073846,0.008983566,0.013870966734592845,0.3774482334202568
6416,6415.999999999999,-1.5556225526111649,0.00939791,0.013874440330148551,0.37754275477058546
6417,6416.999999999999,-1.5560004978377293,0.009743744,0.013878057578527477,0.3776411851133721
6418,6417.999999999999,-1.556378443064294,0.010208658,0.013881828036074675,0.377743784490013
6419,6418.999999999999,-1.5567563882908586,0.010786351,0.01388579551779129,0.3778517451674277
6420,6419.999999999999,-1.557134333517423,0.01138881,0.013889986015915417,0.37796577443044643
6421,6420.999999999999,-1.5575122787439877,0.012000318,0.01389440592055597,0.37808604616279096
6422,6421.999999999999,-1.5578902239705523,0.012795353,0.013899091623302929,0.37821355063007234
6423,6422.999999999999,-1.558268169197117,0.013745768,0.013904107168297741,0.37835003056216027
6424,6423.999999999999,-1.5586461144236816,0.01458623,0.01390946113999931,0.3784957195540818
6425,6424.999999999999,-1.559024059650246,0.015539451,0.01391515406866479,0.378650632034869
6426,6425.999999999999,-1.5594020048768107,0.016210196,0.01392115388242917,0.37881389528461556
6427,6426.999999999999,-1.5597799501033753,0.0166996,0.013927372932581877,0.37898312426040404
6428,6427.999999999999,-1.5601578953299398,0.016663276,0.01393367760244621,0.3791546830672358
6429,6428.999999999999,-1.5605358405565046,0.016461272,0.013939937234845564,0.37932501634221255
6430,6429.999999999999,-1.560913785783069,0.015617212,0.013945999189797179,0.3794899705398067
6431,6430.999999999999,-1.5612917310096337,0.014599738,0.013951709365804098,0.37964535234466357
6432,6431.999999999999,-1.5616696762361983,0.013094739,0.013956942863496274,0.37978776307178286
6433,6432.999999999999,-1.5620476214627628,0.011253322,0.0139615439802118,0.37991296583589196
6434,6433.999999999999,-1.5624255666893276,0.009426921,0.013965451979774824,0.3800193079214505
6435,6434.999999999999,-1.562803511915892,0.00740154,0.013968632098027513,0.38010584334753234
6436,6435.999999999999,-1.5631814571424567,0.005540262,0.013971077744172035,0.38017239276939196
6437,6436.999999999999,-1.5635594023690214,0.003755368,0.01397283436366524,0.3802201928209088
6438,6437.999999999999,-1.5639373475955858,0.002010839,0.013973924018870756,0.38024984384958105
6439,6438.999999999999,-1.5643152928221504,0.00057353,0.013974412393834372,0.38026313320934885
6440,6439.999999999999,-1.564693238048715,-0.000681397,0.013974392009925495,0.3802625785349312
6441,6440.999999999999,-1.5650711832752795,-0.001690617,0.013973943764241173,0.38025038114848203
6442,6441.999999999999,-1.5654491285018444,-0.002525591,0.01397314701639727,0.38022870053516095
6443,6442.999999999999,-1.5658270737284088,-0.003041985,0.013972094897010902,0.38020007090816155
6444,6443.999999999999,-1.5662050189549734,-0.003469451,0.013970864413933762,0.38016658775788037
6445,6444.999999999999,-1.566582964181538,-0.00367106,0.013969515052909921,0.38012986977387536
6446,6445.999999999999,-1.5669609094081025,-0.003637676,0.01396813390196821,0.38009228674213646
6447,6446.999999999999,-1.5673388546346672,-0.003372942,0.013966809087164026,0.3800562366947954
6448,6447.999999999999,-1.5677167998612318,-0.002752711,0.013965651506508556,0.3800247373204685
6449,6448.999999999999,-1.5680947450877964,-0.001891588,0.013964773861189663,0.3800008553747091
6450,6449.999999999999,-1.568472690314361,-0.000458977,0.013964329668778922,0.3799887682834529
6451,6450.999999999999,-1.5688506355409255,0.001263768,0.013964481752237337,0.3799929066851815
6452,6451.999999999999,-1.5692285807674902,0.003469776,0.013965376262417104,0.3800172475471841
6453,6452.999999999999,-1.5696065259940548,0.006115507,0.013967187618394664,0.3800665370543184
6454,6453.999999999999,-1.5699844712206192,0.009017022,0.013970047251945365,0.3801443516473885
6455,6454.999999999999,-1.570362416447184,0.012131782,0.01397404379670504,0.38025310317049343
6456,6455.999999999999,-1.5707403616737485,0.015222213,0.013979212952623901,0.3803937630687673
6457,6456.999999999999,-1.5711183069003132,0.018348125,0.013985556827124532,0.38056638868810005
6458,6457.999999999999,-1.5714962521268778,0.021017233,0.013992995801698585,0.3807688134985087
6459,6458.999999999999,-1.5718741973534422,0.023195167,0.014001350734466067,0.3809961628011039
6460,6459.999999999999,-1.572252142580007,0.02491258,0.014010441781135781,0.3812435427834138
6461,6460.999999999999,-1.5726300878065715,0.025946815,0.014020052813918889,0.3815050723086978
6462,6461.999999999999,-1.5730080330331362,0.026235172,0.014029913780368542,0.38177340287551803
6463,6462.999999999999,-1.5733859782597008,0.026114945,0.014039806518783665,0.3820425980015625
6464,6463.999999999999,-1.5737639234862653,0.025341505,0.014049530378610396,0.38230719770710947
6465,6464.999999999999,-1.57414186871283,0.024240356,0.014058899992454965,0.3825621578884098
6466,6465.999999999999,-1.5745198139393946,0.022896786,0.014067807621361363,0.38280454681911774
6467,6466.999999999999,-1.574897759165959,0.021394755,0.014076177509610432,0.3830323030810989
6468,6467.999999999999,-1.5752757043925238,0.01976859,0.014083956254486524,0.3832439735124312
6469,6468.999999999999,-1.5756536496190883,0.018280557,0.014091146501228276,0.38343963009372506
6470,6469.999999999999,-1.576031594845653,0.016548954,0.014097728324941291,0.3836187306409829
6471,6470.999999999999,-1.5764095400722176,0.015038808,0.014103697546874171,0.3837811614445865
6472,6471.999999999999,-1.576787485298782,0.013578998,0.014109105528460397,0.3839283201203405
6473,6472.999999999999,-1.5771654305253466,0.0122273,0.014113982212032599,0.38406102144062315
6474,6473.999999999999,-1.5775433757519113,0.010971051,0.014118366065044909,0.38418031215818677
6475,6474.999999999999,-1.5779213209784757,0.009926596,0.01412231514800995,0.38428777218006593
6476,6475.999999999999,-1.5782992662050406,0.009081326,0.014125907124703355,0.38438551484525674
6477,6476.999999999999,-1.578677211431605,0.008382713,0.01412920734979165,0.3844753185448331
6478,6477.999999999999,-1.5790551566581696,0.007920194,0.014132288152731539,0.38455915146357816
6479,6478.999999999999,-1.5794331018847343,0.007683169,0.014135236761013642,0.38463938718243057
6480,6479.999999999999,-1.5798110471112987,0.00760867,0.014138126499791364,0.38471802098046115
6481,6480.999999999999,-1.5801889923378636,0.007682805,0.014141016169783055,0.38479665290672854
6482,6481.999999999999,-1.580566937564428,0.008016132,0.0141439828389337,0.38487738008685074
6483,6482.999999999999,-1.5809448827909927,0.008292896,0.014147064798574954,0.38496124448104346
6484,6483.999999999999,-1.5813228280175573,0.008615415,0.014150260006290813,0.3850481905123359
6485,6484.999999999999,-1.5817007732441217,0.008834397,0.014153557542865737,0.3851379210537364
6486,6485.999999999999,-1.5820787184706864,0.008951552,0.014156918600127973,0.385229380081094
6487,6486.999999999999,-1.582456663697251,0.008981866,0.014160307524992517,0.38532159742454175
6488,6487.999999999999,-1.5828346089238154,0.008614923,0.014163632836195225,0.38541208375206676
6489,6488.999999999999,-1.5832125541503803,0.008158738,0.014166802598748706,0.3854983373852176
6490,6489.999999999999,-1.5835904993769447,0.007591478,0.014169778958225987,0.3855793282525608
6491,6490.999999999999,-1.5839684446035094,0.006845102,0.014172507076475447,0.38565356413197155
6492,6491.999999999999,-1.584346389830074,0.006002477,0.014174934917053428,0.3857196290396827
6493,6492.999999999999,-1.5847243350566385,0.005148346,0.014177042117215986,0.38577696887720364
6494,6493.999999999999,-1.585102280283203,0.004267008,0.014178821361266344,0.38582538457428384
6495,6494.999999999999,-1.5854802255097677,0.003456863,0.01418028096135387,0.38586510231603016
6496,6495.999999999999,-1.5858581707363324,0.002694298,0.01418144336232276,0.3858967328577674
6497,6496.999999999999,-1.586236115962897,0.001961312,0.014182323145110884,0.38592067296702753
6498,6497.999999999999,-1.5866140611894615,0.001538597,0.014182984532060863,0.3859386702227815
6499,6498.999999999999,-1.5869920064160261,0.001133275,0.01418348944269506,0.38595240954106835
6500,6499.999999999999,-1.5873699516425908,0.000800827,0.014183854935004354,0.3859623550934665
6501,6500.999999999999,-1.5877478968691552,0.000766203,0.014184151060758547,0.3859704130857412
6502,6501.999999999999,-1.58812584209572,0.000656122,0.014184419841230733,0.3859777269749852
6503,6502.999999999999,-1.5885037873222845,0.000603052,0.01418465779063209,0.38598420190805255
6504,6503.999999999999,-1.5888817325488491,0.000649876,0.014184894559710504,0.3859906447228964
6505,6504.999999999999,-1.5892596777754138,0.000848077,0.014185177631803488,0.38599834750695405
6506,6505.999999999999,-1.5896376230019782,0.001106194,0.01418554693550142,0.3860083967725205
6507,6506.999999999999,-1.590015568228543,0.001282745,0.014185998379547222,0.38602068119081934
6508,6507.999999999999,-1.5903935134551075,0.001487076,0.014186521799859917,0.386034924183117
6509,6508.999999999999,-1.590771458681672,0.001810532,0.014187144957461257,0.3860518811652992
6510,6509.999999999999,-1.5911494039082368,0.001926274,0.014187851111456406,0.3860710965944104
6511,6510.999999999999,-1.5915273491348012,0.002274741,0.014188644988239395,0.386092699082184
6512,6511.999999999999,-1.5919052943613659,0.002498141,0.014189546932223823,0.38611724222831656
6513,6512.999999999999,-1.5922832395879305,0.002724888,0.014190533941663202,0.38614410012339995
6514,6513.999999999999,-1.592661184814495,0.002943378,0.014191605088702002,0.38617324751919896
6515,6514.999999999999,-1.5930391300410598,0.003209416,0.01419276779826317,0.38620488645815976
6516,6515.999999999999,-1.5934170752676242,0.003468447,0.014194029731485421,0.3862392254104871
6517,6516.999999999999,-1.5937950204941889,0.003604596,0.01419536634290499,0.3862755964600858
6518,6517.999999999999,-1.5941729657207535,0.003563752,0.014196720964359467,0.38631245758770066
6519,6518.999999999999,-1.594550910947318,0.003686313,0.014198091028088984,0.3863497389210262
6520,6519.999999999999,-1.5949288561738826,0.003515554,0.014199451983716485,0.38638677241026975
6521,6520.999999999999,-1.5953068014004472,0.003160721,0.014200713616850226,0.3864211031967727
6522,6521.999999999999,-1.5956847466270119,0.002694491,0.014201820091563188,0.38645121190755855
6523,6522.999999999999,-1.5960626918535765,0.002205348,0.01420274602694368,0.38647640789283594
6524,6523.999999999999,-1.596440637080141,0.001494069,0.014203445115441792,0.3864954310599782
6525,6524.999999999999,-1.5968185823067056,0.000728186,0.014203865060776522,0.38650685835468374
6526,6525.999999999999,-1.5971965275332702,-0.00012251,0.014203979516953045,0.3865099728659113
6527,6526.999999999999,-1.5975744727598347,-0.000970159,0.014203773032436662,0.3865043541359822
6528,6527.999999999999,-1.5979524179863995,-0.001904293,0.014203229839730467,0.386489573109448
6529,6528.999999999999,-1.598330363212964,-0.002657896,0.01420236771095285,0.3864661133902864
6530,6529.999999999999,-1.5987083084395286,-0.00322867,0.014201255311192571,0.38643584345074955
6531,6530.999999999999,-1.5990862536660932,-0.003654301,0.014199954618175555,0.38640044979067606
6532,6531.999999999999,-1.5994641988926577,-0.003935923,0.014198520273710876,0.3863614192894379
6533,6532.999999999999,-1.5998421441192225,-0.003746012,0.01419706859837886,0.3863219171912746
6534,6533.999999999999,-1.600220089345787,-0.003375065,0.014195722909848786,0.38628529914091597
6535,6534.999999999999,-1.6005980345723514,-0.002580578,0.014194597456427299,0.38625467399316205
6536,6535.999999999999,-1.6009759797989163,-0.00138893,0.014193847328127094,0.38623426196225114
6537,6536.999999999999,-1.6013539250254807,4.15e-05,0.014193592700758779,0.3862273331985831
6538,6537.999999999999,-1.6017318702520453,0.001680111,0.014193918038088504,0.3862361860783225
6539,6538.999999999999,-1.60210981547861,0.0036545,0.014194926133470018,0.38626361775112167
6540,6539.999999999999,-1.6024877607051744,0.005623276,0.014196679379046185,0.3863113259936788
6541,6540.999999999999,-1.6028657059317393,0.007859275,0.014199227211942366,0.38638065605870703
6542,6541.999999999999,-1.6032436511583037,0.009966448,0.014202595785401322,0.38647231961219664
6543,6542.999999999999,-1.6036215963848683,0.012260535,0.014206796076464214,0.3865866153546546
6544,6543.999999999999,-1.603999541611433,0.014404837,0.014211835101495198,0.3867237342110759
6545,6544.999999999999,-1.6043774868379974,0.016556728,0.014217685989344558,0.3868829449802268
6546,6545.999999999999,-1.604755432064562,0.018538831,0.01422431808884339,0.38706341360131136
6547,6546.999999999999,-1.6051333772911267,0.020288473,0.014231655385946977,0.38726307162679857
6548,6547.999999999999,-1.6055113225176914,0.021933237,0.014239634132822924,0.387480184389799
6549,6548.999999999999,-1.605889267744256,0.023122542,0.014248148441124023,0.3877118705215976
6550,6549.999999999999,-1.6062672129708204,0.024152481,0.014257082125763314,0.38795496846491717
6551,6550.999999999999,-1.606645158197385,0.02458587,0.014266292339318854,0.38820559114338504
6552,6551.999999999999,-1.6070231034239497,0.024778748,0.014275620900185996,0.38845943421626006
6553,6552.999999999999,-1.6074010486505141,0.024558589,0.014284944305691275,0.38871313700459215
6554,6553.999999999999,-1.6077789938770788,0.024074967,0.014294134715861806,0.3889632208055015
6555,6554.999999999999,-1.6081569391036434,0.023132362,0.014303055608189013,0.389205970652276
6556,6555.999999999999,-1.608534884330208,0.021821574,0.014311550670952258,0.3894371330863106
6557,6556.999999999999,-1.6089128295567727,0.02034746,0.014319519463506828,0.38965397497842713
6558,6557.999999999999,-1.6092907747833372,0.018759332,0.014326909576188155,0.3898550701890001
6559,6558.999999999999,-1.609668720009902,0.016926515,0.014333653223952938,0.3900385741930345
6560,6559.999999999999,-1.6100466652364664,0.014956907,0.01433967831752866,0.3902025253414917
6561,6560.999999999999,-1.6104246104630309,0.012765038,0.014344917005920577,0.39034507731474655
6562,6561.999999999999,-1.6108025556895957,0.010608914,0.014349334042712752,0.39046527100896117
6563,6562.999999999999,-1.6111805009161602,0.008261257,0.014352899988239706,0.3905623053300272
6564,6563.999999999999,-1.6115584461427248,0.005952399,0.014355585979958322,0.39063539488813603
6565,6564.999999999999,-1.6119363913692895,0.003785272,0.014357426133094474,0.3906854680058756
6566,6565.999999999999,-1.6123143365958539,0.001557087,0.014358435692635797,0.3907129395204929
6567,6566.999999999999,-1.6126922818224187,-0.000446405,0.014358645581115862,0.39071865087699253
6568,6567.999999999999,-1.6130702270489832,-0.002174959,0.014358150215110417,0.39070517128128524
6569,6568.999999999999,-1.6134481722755478,-0.003793529,0.014357022334335714,0.3906744800818854
6570,6569.999999999999,-1.6138261175021125,-0.004918312,0.014355376034975444,0.3906296819941165
6571,6570.999999999999,-1.614204062728677,-0.005904654,0.014353330790806959,0.3905740280650805
6572,6571.999999999999,-1.6145820079552415,-0.006411788,0.01435100332057588,0.3905106943736466
6573,6572.999999999999,-1.6149599531818062,-0.006474741,0.01434856811951461,0.39044442917698174
6574,6573.999999999999,-1.6153378984083708,-0.006291991,0.014346155556805497,0.3903787800012614
6575,6574.999999999999,-1.6157158436349355,-0.005860491,0.01434385907052409,0.39031628942604946
6576,6575.999999999999,-1.6160937888615,-0.00508682,0.014341790328556007,0.3902599960893126
6577,6576.999999999999,-1.6164717340880645,-0.004066972,0.014340060512560324,0.39021292539811964
6578,6577.999999999999,-1.6168496793146292,-0.002826169,0.014338757897691831,0.3901774794418033
6579,6578.999999999999,-1.6172276245411936,-0.001464843,0.014337947013940566,0.39015541417084704
6580,6579.999999999999,-1.6176055697677583,0.000101971,0.014337689468457157,0.3901484060012221
6581,6580.999999999999,-1.617983514994323,0.001856041,0.014338059479101635,0.3901584745037841
6582,6581.999999999999,-1.6183614602208876,0.003542952,0.014339079740917937,0.3901862372421395
6583,6582.999999999999,-1.6187394054474522,0.005413142,0.01434077219740592,0.3902322913293385
6584,6583.999999999999,-1.6191173506740166,0.007394081,0.014343192411805119,0.39029814871815327
6585,6584.999999999999,-1.6194952959005815,0.009307843,0.014346348618030242,0.39038403346481704
6586,6585.999999999999,-1.619873241127146,0.011114931,0.014350207963003495,0.39048905159154074
6587,6586.999999999999,-1.6202511863537103,0.013025449,0.014354769833697722,0.3906131864170056
6588,6587.999999999999,-1.6206291315802752,0.01485248,0.01436003799879375,0.3907565404922413
6589,6588.999999999999,-1.6210070768068396,0.016780051,0.014366015680841553,0.39091920150729975
6590,6589.999999999999,-1.6213850220334043,0.018637145,0.014372708560924805,0.3911013240523432
6591,6590.999999999999,-1.621762967259969,0.020497284,0.014380103896242245,0.39130256137808467
6592,6591.999999999999,-1.6221409124865334,0.022385391,0.01438820754740153,0.3915230729597827
6593,6592.999999999999,-1.6225188577130982,0.024268684,0.01439702388987455,0.39176297786009295
6594,6593.999999999999,-1.6228968029396627,0.025939384,0.014406511839692365,0.39202115812726807
6595,6594.999999999999,-1.6232747481662273,0.027476397,0.01441660595941845,0.3922958331179478
6596,6595.999999999999,-1.623652693392792,0.028594873,0.014427201893840407,0.39258416318214084
6597,6596.999999999999,-1.6240306386193564,0.029376394,0.014438156875660683,0.3928822634237702
6598,6597.999999999999,-1.624408583845921,0.029664959,0.014449314074428817,0.39318586626887314
6599,6598.999999999999,-1.6247865290724857,0.029421647,0.014460479824774618,0.393489701814259
6600,6599.999999999999,-1.6251644742990503,0.028414637,0.014471409298504635,0.39378710794539185
6601,6600.999999999999,-1.625542419525615,0.026873451,0.014481857232977378,0.39407141072580243
6602,6601.999999999999,-1.6259203647521794,0.024646055,0.014491593008661211,0.3943363346783395
6603,6602.999999999999,-1.626298309978744,0.02198651,0.014500405286333317,0.3945761289697821
6604,6603.999999999999,-1.6266762552053087,0.018717322,0.01450809719583696,0.39478543649025494
6605,6604.999999999999,-1.627054200431873,0.015150316,0.01451449725189552,0.39495959088766036
6606,6605.999999999999,-1.6274321456584377,0.011359661,0.014519506911527263,0.39509591067086064
6607,6606.999999999999,-1.6278100908850024,0.007708054,0.014523110187460135,0.3951939608040209
6608,6607.999999999999,-1.628188036111567,0.004109971,0.01452534347052822,0.3952547315321832
6609,6608.999999999999,-1.6285659813381317,0.001016544,0.0145263122414648,0.3952810931323224
6610,6609.999999999999,-1.628943926564696,-0.001845217,0.014526155644962435,0.3952768319244117
6611,6610.999999999999,-1.629321871791261,-0.004128029,0.014525026865056037,0.395246116258392
6612,6611.999999999999,-1.6296998170178254,-0.006110894,0.014523091989019531,0.3951934655992246
6613,6612.999999999999,-1.6300777622443898,-0.007457237,0.014520527983847105,0.39512369546414094
6614,6613.999999999999,-1.6304557074709547,-0.008383718,0.014517534477183867,0.3950422379980977
6615,6614.999999999999,-1.6308336526975191,-0.00869117,0.014514307790977005,0.3949544353934281
6616,6615.999999999999,-1.6312115979240838,-0.008506975,0.014511057812572748,0.3948659989757788
6617,6616.999999999999,-1.6315895431506484,-0.007740856,0.014507987417488509,0.39478244926921374
6618,6617.999999999999,-1.6319674883772128,-0.006704307,0.01450525767728711,0.3947081692542423
6619,6618.999999999999,-1.6323454336037777,-0.005378156,0.014502974422679114,0.3946460387312062
6620,6619.999999999999,-1.6327233788303421,-0.00372052,0.014501255022097984,0.3945992514578815
6621,6620.999999999999,-1.6331013240569066,-0.001876496,0.014500197339357881,0.3945704704443148
6622,6621.999999999999,-1.6334792692834714,0.000173131,0.014499875450022457,0.39456171138928015
6623,6622.999999999999,-1.6338572145100358,0.00214426,0.014500313373455724,0.3945736278929689
6624,6623.999999999999,-1.6342351597366005,0.004226177,0.014501517211583364,0.3946063859972378
6625,6624.999999999999,-1.6346131049631651,0.006141877,0.014503476489842395,0.3946597006747077
6626,6625.999999999999,-1.6349910501897298,0.007831933,0.014506117157235605,0.3947315568950915
6627,6626.999999999999,-1.6353689954162944,0.009286839,0.01450935213631663,0.3948195851603629
6628,6627.999999999999,-1.6357469406428589,0.010411787,0.01451307463714992,0.3949208795683386
6629,6628.999999999999,-1.6361248858694235,0.011159225,0.014517150967658704,0.39503180217227946
6630,6629.999999999999,-1.6365028310959882,0.011514358,0.014521435653890687,0.3951483944242808
6631,6630.999999999999,-1.6368807763225526,0.011307168,0.014525748297297997,0.3952657474297783
6632,6631.999999999999,-1.6372587215491172,0.010612448,0.01452989050441566,0.39537846262756793
6633,6632.999999999999,-1.6376366667756819,0.009498022,0.014533690832485896,0.3954818748225486
6634,6633.999999999999,-1.6380146120022465,0.007847448,0.014536968651280405,0.39557106881581033
6635,6634.999999999999,-1.6383925572288112,0.005825861,0.014539552532214351,0.3956413797979176
6636,6635.999999999999,-1.6387705024553756,0.003590747,0.014541332013236366,0.39568980194332504
6637,6636.999999999999,-1.6391484476819405,0.001279858,0.01454225242419148,0.3957148476013297
6638,6637.999999999999,-1.6395263929085049,-0.000943465,0.014542315993255782,0.3957165774036917
6639,6638.999999999999,-1.6399043381350693,-0.002917676,0.01454158634335076,0.3956967226183018
6640,6639.999999999999,-1.6402822833616342,-0.004652918,0.014540155708418481,0.39565779305858256
6641,6640.999999999999,-1.6406602285881986,-0.005847218,0.014538171470278742,0.3956037991881581
6642,6641.999999999999,-1.6410381738147632,-0.006670578,0.014535805949656087,0.39553943009282216
6643,6642.999999999999,-1.641416119041328,-0.007038073,0.014533215390052041,0.39546893737484323
6644,6643.999999999999,-1.6417940642678923,-0.006974183,0.01453056745741774,0.3953968834571779
6645,6644.999999999999,-1.6421720094944572,-0.006248779,0.014528068679733268,0.3953288882524629
6646,6645.999999999999,-1.6425499547210216,-0.005019742,0.01452593923787207,0.39527094318748945
6647,6646.999999999999,-1.642927899947586,-0.00315655,0.014524394142605871,0.39522889900341407
6648,6647.999999999999,-1.643305845174151,-0.000992115,0.014523610158539188,0.39520756571016485
6649,6648.999999999999,-1.6436837904007153,0.001725499,0.014523748748030207,0.39521133692233457
6650,6649.999999999999,-1.64406173562728,0.004537418,0.014524932267822466,0.3952435421365315
6651,6650.999999999999,-1.6444396808538446,0.007533398,0.014527213321466436,0.3953056127682854
6652,6651.999999999999,-1.6448176260804093,0.010528729,0.014530626568807062,0.39539849196002425
6653,6652.999999999999,-1.645195571306974,0.013205378,0.014535111665030773,0.3955205376457181
6654,6653.999999999999,-1.6455735165335383,0.015448657,0.014540526492905806,0.3956678826184812
6655,6654.999999999999,-1.645951461760103,0.017118968,0.014546680882110453,0.39583535208023696
6656,6655.999999999999,-1.6463294069866676,0.01840259,0.014553393483753571,0.3960180112762633
6657,6656.999999999999,-1.646707352213232,0.019061953,0.014560473256349708,0.3962106617029105
6658,6657.999999999999,-1.6470852974397967,0.019280288,0.014567718889830578,0.3964078254341553
6659,6658.999999999999,-1.6474632426663613,0.019021205,0.014574956823055402,0.3966047796307587
6660,6659.999999999999,-1.647841187892926,0.018599424,0.014582066091630855,0.3967982326838918
6661,6660.999999999999,-1.6482191331194906,0.017767942,0.014588938527822068,0.3969852411995418
6662,6661.999999999999,-1.648597078346055,0.016713365,0.014595454550515247,0.39716255120983357
6663,6662.999999999999,-1.64897502357262,0.015343782,0.014601512473358213,0.3973273956881619
6664,6663.999999999999,-1.6493529687991844,0.013817263,0.014607023112237905,0.3974773478111793
6665,6664.999999999999,-1.6497309140257488,0.011941489,0.014611890810918236,0.39760980464009893
6666,6665.999999999999,-1.6501088592523137,0.009726383,0.014615985445314342,0.3977212253181875
6667,6666.999999999999,-1.650486804478878,0.007513583,0.01461924332674226,0.3978098767880662
6668,6667.999999999999,-1.6508647497054427,0.005112248,0.01462162926302119,0.39787480142171044
6669,6668.999999999999,-1.6512426949320074,0.002765229,0.014623117890435952,0.3979153090372699
6670,6669.999999999999,-1.6516206401585718,0.000507213,0.014623736292352507,0.39793213661067656
6671,6670.999999999999,-1.6519985853851367,-0.001279016,0.014623590442722658,0.3979281678400649
6672,6671.999999999999,-1.652376530611701,-0.002785811,0.014622822301741927,0.39790726565914686
6673,6672.999999999999,-1.6527544758382655,-0.003613896,0.014621612932385897,0.39787435704248586
6674,6673.999999999999,-1.6531324210648304,-0.003921764,0.01462018889902289,0.3978356071206179
6675,6674.999999999999,-1.6535103662913948,-0.003671232,0.014618754030726128,0.39779656236518257
6676,6675.999999999999,-1.6538883115179595,-0.002729392,0.01461754448808221,0.39776364903311795
6677,6676.999999999999,-1.654266256744524,-0.001156657,0.014616810131247337,0.39774366616564183
6678,6677.999999999999,-1.6546442019710887,0.000994352,0.014616779460047339,0.397742831559772
6679,6678.999999999999,-1.6550221471976534,0.003753949,0.01461767675889596,0.39776724830531995
6680,6679.999999999999,-1.6554000924242178,0.00677054,0.01461966559908575,0.3978213674039059
6681,6680.999999999999,-1.6557780376507825,0.010099835,0.014622853637936552,0.39790811836044226
6682,6681.999999999999,-1.656155982877347,0.013394203,0.014627293367693967,0.3980289295616991
6683,6682.999999999999,-1.6565339281039115,0.016517215,0.014632945806520406,0.3981827402578371
6684,6683.999999999999,-1.6569118733304762,0.019039165,0.014639664988567865,0.39836557851578763
6685,6684.999999999999,-1.6572898185570408,0.020801372,0.014647193758959325,0.39857044679486703
6686,6685.999999999999,-1.6576677637836055,0.021783485,0.014655241130672868,0.39878942693482927
6687,6686.999999999999,-1.6580457090101701,0.022115017,0.014663536745314986,0.39901516210900384
6688,6687.999999999999,-1.6584236542367345,0.021608991,0.014671799385369923,0.39923999999895027
6689,6688.999999999999,-1.6588015994632992,0.020435879,0.014679744714328938,0.3994562034141055
6690,6689.999999999999,-1.6591795446898638,0.018904887,0.014687179041688486,0.3996585017673653
6691,6690.999999999999,-1.6595574899164283,0.017169459,0.014693996105124556,0.39984400351358756
6692,6691.999999999999,-1.659935435142993,0.015086149,0.014700091531661325,0.4000098685194136
6693,6692.999999999999,-1.6603133803695576,0.01324041,0.01470544447554085,0.4001555295428725
6694,6693.999999999999,-1.6606913255961222,0.011278083,0.014710077799236804,0.40028160870356577
6695,6694.999999999999,-1.6610692708226868,0.009680443,0.014714038386665568,0.4003893817778509
6696,6695.999999999999,-1.6614472160492513,0.008148406,0.014717407550852914,0.4004810614058789
6697,6696.999999999999,-1.661825161275816,0.006795976,0.014720231629773343,0.40055790850817186
6698,6697.999999999999,-1.6622031065023806,0.00579194,0.01472261040115564,0.40062263817504645
6699,6698.999999999999,-1.6625810517289452,0.004954809,0.014724641242398459,0.4006779001805091
6700,6699.999999999999,-1.6629589969555099,0.00425429,0.014726381509902464,0.4007252552717319
6701,6700.999999999999,-1.6633369421820743,0.003781383,0.014727900032028757,0.4007665763638335
6702,6701.999999999999,-1.663714887408639,0.00344943,0.014729266457657523,0.4008037586993943
6703,6702.999999999999,-1.6640928326352036,0.003478408,0.01473057562930878,0.40083938307485895
6704,6703.999999999999,-1.664470777861768,0.003606417,0.014731914467203677,0.40087581470993777
6705,6704.999999999999,-1.6648487230883329,0.003784739,0.014733311193268175,0.40091382156235866
6706,6705.999999999999,-1.6652266683148973,0.004352612,0.01473484892975184,0.4009556655037602
6707,6706.999999999999,-1.665604613541462,0.004861953,0.01473659023018015,0.40100304870228526
6708,6707.999999999999,-1.6659825587680266,0.005621246,0.014738571267690738,0.40105695547915365
6709,6708.999999999999,-1.666360503994591,0.006362959,0.0147408359542277,0.401118580739237
6710,6709.999999999999,-1.6667384492211557,0.00718473,0.014743396096421965,0.4011882457573298
6711,6710.999999999999,-1.6671163944477203,0.008168639,0.014746297462684582,0.40126719595534294
6712,6711.999999999999,-1.667494339674285,0.008993841,0.014749540701380588,0.4013554489761879
6713,6712.999999999999,-1.6678722849008496,0.009882768,0.014753107863513226,0.4014525164027812
6714,6713.999999999999,-1.668250230127414,0.010698577,0.01475699717406274,0.4015583499343746
6715,6714.999999999999,-1.6686281753539787,0.011475527,0.014761187472442814,0.40167237376208076
6716,6715.999999999999,-1.6690061205805433,0.012148632,0.01476565179150564,0.4017938540724246
6717,6716.999999999999,-1.6693840658071077,0.012619657,0.014770332319804501,0.4019212177358002
6718,6717.999999999999,-1.6697620110336724,0.013035424,0.01477518042750504,0.4020531414670017
6719,6718.999999999999,-1.670139956260237,0.013467234,0.014780188704046227,0.4021894236143907
6720,6719.999999999999,-1.6705179014868017,0.013723402,0.014785326989587955,0.4023292434869088
6721,6720.999999999999,-1.6708958467133663,0.013931164,0.014790552945194163,0.40247144898341375
6722,6721.999999999999,-1.6712737919399308,0.013990461,0.0147958293676375,0.4026150277525164
6723,6722.999999999999,-1.6716517371664954,0.014169436,0.01480115081696335,0.40275983176551056
6724,6723.999999999999,-1.67202968239306,0.014170084,0.014806506210116916,0.4029055594371113
6725,6724.999999999999,-1.6724076276196247,0.014372244,0.014811899928428237,0.40305232998938273
6726,6725.999999999999,-1.6727855728461893,0.014456161,0.014817347707457847,0.4032005716087403
6727,6726.999999999999,-1.6731635180727538,0.014770228,0.014822870694563983,0.40335085974411694
6728,6727.999999999999,-1.6735414632993184,0.015075163,0.014828510656095684,0.4035043309157686
6729,6728.999999999999,-1.673919408525883,0.015458541,0.014834280689933753,0.4036613415351887
6730,6729.999999999999,-1.6742973537524475,0.015874123,0.014840201705330928,0.40382246057212967
6731,6730.999999999999,-1.6746752989790124,0.01634777,0.014846290760656041,0.4039881522084545
6732,6731.999999999999,-1.6750532442055768,0.01681327,0.014852557289044,0.4041586731328407
6733,6732.999999999999,-1.6754311894321414,0.017193025,0.014858983547478197,0.4043335405332102
6734,6733.999999999999,-1.675809134658706,0.017510904,0.01486554163963249,0.40451199531185744
6735,6734.999999999999,-1.6761870798852705,0.01773807,0.01487220273036479,0.4046932528245936
6736,6735.999999999999,-1.6765650251118351,0.017785525,0.014878915716945123,0.4048759224952952
6737,6736.999999999999,-1.6769429703383998,0.017428036,0.014885570115590269,0.405056997907063
6738,6737.999999999999,-1.6773209155649644,0.01685488,0.014892048647817726,0.40523328774981143
6739,6738.999999999999,-1.677698860791529,0.015900364,0.014898238491875106,0.40540172198725927
6740,6739.999999999999,-1.6780768060180935,0.014617083,0.0149040054535854,0.40555864900982386
6741,6740.999999999999,-1.6784547512446581,0.013089032,0.014909241150540849,0.40570111958194555
6742,6741.999999999999,-1.6788326964712228,0.011335211,0.014913856663568,0.40582671408965076
6743,6742.999999999999,-1.6792106416977872,0.009183812,0.01491773419696631,0.40593222714863386
6744,6743.999999999999,-1.6795885869243519,0.006888166,0.014920771360649586,0.4060148725827118
6745,6744.999999999999,-1.6799665321509165,0.004537418,0.014922930483116343,0.4060736252981071
6746,6745.999999999999,-1.6803444773774812,0.002318002,0.01492422596974889,0.40610887728524186
6747,6746.999999999999,-1.6807224226040458,0.00022537,0.014924706597402278,0.4061219558299587
6748,6747.999999999999,-1.6811003678306102,-0.001526767,0.01492446066901027,0.4061152637774949
6749,6748.999999999999,-1.6814783130571749,-0.002845046,0.014923634516082878,0.40609278301108936
6750,6749.999999999999,-1.6818562582837395,-0.003839728,0.014922371276870896,0.4060584085209711
6751,6750.999999999999,-1.6822342035103042,-0.004189113,0.014920854045805499,0.40601712256042616
6752,6751.999999999999,-1.6826121487368688,-0.004178542,0.014919272788173104,0.4059740943482366
6753,6752.999999999999,-1.6829900939634332,-0.003701076,0.014917783756167978,0.4059335757232125
6754,6753.999999999999,-1.683368039189998,-0.00264676,0.01491658418901037,0.40590093383795883
6755,6754.999999999999,-1.6837459844165625,-0.001062336,0.014915883271446335,0.4058818608993973
6756,6755.999999999999,-1.684123929643127,0.000932837,0.014915858799681887,0.4058811949887628
6757,6756.999999999999,-1.6845018748696918,0.003376855,0.014916673213441568,0.4059033563161415
6758,6757.999999999999,-1.6848798200962563,0.005925642,0.01491843113060971,0.40595119167919225
6759,6758.999999999999,-1.685257765322821,0.008795935,0.014921213105487037,0.4060268930721058
6760,6759.999999999999,-1.6856357105493855,0.011636249,0.014925074228692582,0.4061319595869953
6761,6760.999999999999,-1.68601365577595,0.014419497,0.014929998051105222,0.4062659436204723
6762,6761.999999999999,-1.6863916010025146,0.017070275,0.014935948755611727,0.4064278705392345
6763,6762.999999999999,-1.6867695462290793,0.019381887,0.014942837215924657,0.40661531509344984
6764,6763.999999999999,-1.6871474914556437,0.021177519,0.014950501832869655,0.4068238799455677
6765,6764.999999999999,-1.6875254366822086,0.022339705,0.014958725396411725,0.4070476545094294
6766,6765.999999999999,-1.687903381908773,0.022720475,0.014967240536381297,0.40727936327208003
6767,6766.999999999999,-1.6882813271353376,0.022445555,0.014975775679101983,0.4075116163373173
6768,6767.999999999999,-1.6886592723619023,0.021253304,0.014984033566684667,0.40773632490590567
6769,6768.999999999999,-1.6890372175884667,0.019380298,0.01499171220464168,0.407945271289197
6770,6769.999999999999,-1.6894151628150313,0.016786926,0.014998546819476126,0.4081312506332997
6771,6770.999999999999,-1.689793108041596,0.013863766,0.015004338960842276,0.4082888628292054
6772,6771.999999999999,-1.6901710532681606,0.010704123,0.015008981619029436,0.4084151959943443
6773,6772.999999999999,-1.6905489984947253,0.007720668,0.015012463399933887,0.4085099400793592
6774,6773.999999999999,-1.6909269437212897,0.00490077,0.015014848506056127,0.40857484212328915
6775,6774.999999999999,-1.6913048889478544,0.00243582,0.015016234920641008,0.4086125683860554
6776,6775.999999999999,-1.691682834174419,0.000589697,0.015016806660495027,0.40862812622005534
6777,6776.999999999999,-1.6920607794009836,-0.000936612,0.01501674110306089,0.4086263423113938
6778,6777.999999999999,-1.6924387246275483,-0.001887998,0.015016207329127687,0.40861181758272935
6779,6778.999999999999,-1.6928166698541127,-0.002599537,0.01501535930791154,0.408588741749872
6780,6779.999999999999,-1.6931946150806774,-0.002768166,0.015014344959048307,0.4085611399111663
6781,6780.999999999999,-1.693572560307242,-0.002635863,0.015013323745565924,0.4085333512766576
6782,6781.999999999999,-1.6939505055338064,-0.002240295,0.015012402285245885,0.4085082770639787
6783,6782.999999999999,-1.6943284507603713,-0.001557028,0.015011684695195099,0.40848875044394045
6784,6783.999999999999,-1.6947063959869357,-0.000722559,0.015011253915682504,0.4084770283362364
6785,6784.999999999999,-1.6950843412135004,0.000254262,0.015011165420374622,0.40847462025623266
6786,6785.999999999999,-1.695462286440065,0.001478504,0.01501149286569385,0.4084835304972886
6787,6786.999999999999,-1.6958402316666294,0.002737789,0.015012289629600424,0.40850521154769726
6788,6787.999999999999,-1.696218176893194,0.003946353,0.015013552749381714,0.4085395827879409
6789,6788.999999999999,-1.6965961221197587,0.00527362,0.015015295071773916,0.4085869937955201
6790,6789.999999999999,-1.6969740673463232,0.006470139,0.015017514320601904,0.40864738263255446
6791,6790.999999999999,-1.697352012572888,0.007639949,0.015020180740804906,0.40871993962259245
6792,6791.999999999999,-1.6977299577994525,0.008527989,0.015023236038300152,0.408803078502832
6793,6792.999999999999,-1.698107903026017,0.009223567,0.0150265905962273,0.40889436067427215
6794,6793.999999999999,-1.6984858482525818,0.009732722,0.015030172815697764,0.40899183783190085
6795,6794.999999999999,-1.6988637934791462,0.010173397,0.015033934527025502,0.40909419921178586
6796,6795.999999999999,-1.6992417387057108,0.010320754,0.015037807360296973,0.40919958437380216
6797,6796.999999999999,-1.6996196839322755,0.010244119,0.015041693558089602,0.4093053332029657
6798,6797.999999999999,-1.6999976291588401,0.009832177,0.015045487428209752,0.4094085696681722
6799,6798.999999999999,-1.7003755743854048,0.009315847,0.015049105880344225,0.40950703276681594
6800,6799.999999999999,-1.7007535196119692,0.008643891,0.01505249977896795,0.40959938545314584
6801,6800.999999999999,-1.7011314648385338,0.008015784,0.015055648001289133,0.4096850529467158
6802,6801.999999999999,-1.7015094100650985,0.007228273,0.015058528710577447,0.40976344103982254
6803,6802.999999999999,-1.7018873552916631,0.006452286,0.01506111396156284,0.4098337893029289
6804,6803.999999999999,-1.7022653005182276,0.005724877,0.015063415111877315,0.40989640679294614
6805,6804.999999999999,-1.7026432457447922,0.00521273,0.015065482020055159,0.40995265022970845
6806,6805.999999999999,-1.7030211909713568,0.004706768,0.015067356533514667,0.41000365833947844
6807,6806.999999999999,-1.7033991361979215,0.004621518,0.015069119324097532,0.41005162631489955
6808,6807.999999999999,-1.703777081424486,0.004586115,0.015070859314567687,0.41009897386764727
6809,6808.999999999999,-1.7041550266510506,0.004985904,0.015072668164012504,0.41014819516855106
6810,6809.999999999999,-1.7045329718776152,0.005641504,0.01507467645307468,0.4102028434979155
6811,6810.999999999999,-1.7049109171041799,0.006730694,0.015077014459662787,0.4102664638982301
6812,6811.999999999999,-1.7052888623307445,0.007998758,0.015079797922699444,0.41034220578602204
6813,6812.999999999999,-1.705666807557309,0.009736676,0.01508314943401012,0.41043340505480463
6814,6813.999999999999,-1.7060447527838736,0.011655252,0.015087191922547427,0.4105434067717883
6815,6814.999999999999,-1.7064226980104382,0.013962357,0.0150920329490662,0.4106751378142177
6816,6815.999999999999,-1.7068006432370026,0.016450291,0.015097780106635596,0.4108315259386551
6817,6816.999999999999,-1.7071785884635675,0.018935229,0.015104467000822349,0.41101348559915685
6818,6817.999999999999,-1.707556533690132,0.021526892,0.015112113233566664,0.41122155019168916
6819,6818.999999999999,-1.7079344789166966,0.023857556,0.0151206896513076,0.4114549264074447
6820,6819.999999999999,-1.7083124241432612,0.026059885,0.015130122680581734,0.4117116122104929
6821,6820.999999999999,-1.7086903693698257,0.027926838,0.015140324692709591,0.41198922310299024
6822,6821.999999999999,-1.7090683145963903,0.029105075,0.01515110216234969,0.4122824929921214
6823,6822.999999999999,-1.709446259822955,0.029687436,0.01516221233679479,0.4125848162402073
6824,6823.999999999999,-1.7098242050495194,0.029674188,0.01517343005801075,0.4128900659850146
6825,6824.999999999999,-1.7102021502760842,0.028986353,0.015184515293740075,0.41319171061607307
6826,6825.999999999999,-1.7105800955026487,0.027600736,0.015195208703826443,0.41348269312822
6827,6826.999999999999,-1.7109580407292133,0.025950995,0.015205328514379304,0.4137580672019101
6828,6827.999999999999,-1.711335985955778,0.023758161,0.015214722183492681,0.41401368196042126
6829,6828.999999999999,-1.7117139311823426,0.021455055,0.015223266243075097,0.4142461776658271
6830,6829.999999999999,-1.712091876408907,0.019053971,0.015230921339579838,0.4144544834535679
6831,6830.999999999999,-1.7124698216354717,0.016696868,0.015237677269052702,0.41463832165990466
6832,6831.999999999999,-1.7128477668620363,0.014563188,0.015243584563526372,0.4147990673314965
6833,6832.999999999999,-1.713225712088601,0.012539031,0.015248706140676551,0.41493843254551865
6834,6833.999999999999,-1.7136036573151654,0.010697515,0.015253097211497825,0.4150579196696698
6835,6834.999999999999,-1.71398160254173,0.009379074,0.01525689113698695,0.4151611576415429
6836,6835.999999999999,-1.7143595477682947,0.008264159,0.015260225224833708,0.41525188279371905
6837,6836.999999999999,-1.7147374929948593,0.007545413,0.015263212800969423,0.4153331788818873
6838,6837.999999999999,-1.715115438221424,0.007107753,0.015265981848041302,0.4154085284912935
6839,6838.999999999999,-1.7154933834479884,0.007217494,0.015268688927402806,0.41548219187339797
6840,6839.999999999999,-1.715871328674553,0.007585596,0.015271486306004759,0.41555831242301194
6841,6840.999999999999,-1.7162492739011177,0.008349549,0.015274497611998441,0.4156402542335109
6842,6841.999999999999,-1.7166272191276821,0.0091598,0.015277806399435843,0.41573029092647595
6843,6842.999999999999,-1.717005164354247,0.01011543,0.01528144889002056,0.41582940814467406
6844,6843.999999999999,-1.7173831095808114,0.010922212,0.015285424428206597,0.41593758804979
6845,6844.999999999999,-1.717761054807376,0.011571732,0.015289675167587303,0.41605325656090936
6846,6845.999999999999,-1.7181390000339407,0.012074727,0.015294143700739405,0.41617485154246425
6847,6846.999999999999,-1.7185169452605051,0.012212084,0.015298733242882369,0.4162997393464087
6848,6847.999999999999,-1.7188948904870698,0.011963413,0.015303301749727858,0.41642405475074873
6849,6848.999999999999,-1.7192728357136344,0.011495971,0.015307734930828331,0.4165446877539721
6850,6849.999999999999,-1.7196507809401989,0.010952634,0.015311977102379724,0.4166601231225788
6851,6850.999999999999,-1.7200287261667637,0.010130278,0.015315961195355965,0.41676853581539525
6852,6851.999999999999,-1.7204066713933281,0.009517473,0.015319674082207555,0.41686956861360147
6853,6852.999999999999,-1.7207846166198928,0.008857094,0.015323146372151476,0.4169640544364236
6854,6853.999999999999,-1.7211625618464574,0.008376875,0.015326403120310632,0.41705267506848825
6855,6854.999999999999,-1.721540507073022,0.008097986,0.015329516417847265,0.4171373922102563
6856,6855.999999999999,-1.7219184522995865,0.007842485,0.015332528730309086,0.41721936140814847
6857,6856.999999999999,-1.7222963975261512,0.007669207,0.015335460015282756,0.4172991257357641
6858,6857.999999999999,-1.7226743427527158,0.00785859,0.015338394343660364,0.41737897287861975
6859,6858.999999999999,-1.7230522879792805,0.008041673,0.01534139905791135,0.4174607353186621
6860,6859.999999999999,-1.7234302332058449,0.008496458,0.015344524311745225,0.41754577780785246
6861,6860.999999999999,-1.7238081784324095,0.008801823,0.015347793213111086,0.41763472914551897
6862,6861.999999999999,-1.7241861236589742,0.009102207,0.015351176584448472,0.4177267953697942
6863,6862.999999999999,-1.7245640688855388,0.009408241,0.015354674552180057,0.4178219799208143
6864,6863.999999999999,-1.7249420141121035,0.009460497,0.015358240226909256,0.41791900687309813
6865,6864.999999999999,-1.7253199593386679,0.009555661,0.015361833759981104,0.4180167918895039
6866,6865.999999999999,-1.7256979045652325,0.009542577,0.015365442803925052,0.4181149989782414
6867,6866.999999999999,-1.7260758497917972,0.009551762,0.015369051111064779,0.41821318601751467
6868,6867.999999999999,-1.7264537950183616,0.009620862,0.015372674211925537,0.418311775614445
6869,6868.999999999999,-1.7268317402449262,0.009749002,0.01537633458574454,0.41841137946023854
6870,6869.999999999999,-1.727209685471491,0.009744482,0.015380018320357996,0.418511618985633
6871,6870.999999999999,-1.7275876306980555,0.009825445,0.01538371650060493,0.4186122515967396
6872,6871.999999999999,-1.7279655759246202,0.009945539,0.015387452675118572,0.41871391808451275
6873,6872.999999999999,-1.7283435211511846,0.009933582,0.015391209284563697,0.41881614063509937
6874,6873.999999999999,-1.7287214663777493,0.009945307,0.015394965850167176,0.41891836199269405
6875,6874.999999999999,-1.729099411604314,0.009750325,0.015398687785216462,0.41901964100490263
6876,6875.999999999999,-1.7294773568308783,0.009343887,0.015402296068356669,0.4191178273911157
6877,6876.999999999999,-1.7298553020574432,0.008791304,0.015405723122792312,0.41921108229305004
6878,6877.999999999999,-1.7302332472840076,0.00798767,0.015408893889357287,0.41929736324674544
6879,6878.999999999999,-1.7306111925105723,0.007305554,0.015411783889862078,0.4193760041667324
6880,6879.999999999999,-1.730989137737137,0.006441272,0.015414381663495635,0.41944669318845473
6881,6880.999999999999,-1.7313670829637016,0.005719056,0.015416679632456165,0.419509224109421
6882,6881.999999999999,-1.731745028190266,0.005168904,0.015418737158710678,0.4195652122510438
6883,6882.999999999999,-1.7321229734168306,0.004546147,0.01542057303728632,0.41961516905206636
6884,6883.999999999999,-1.7325009186433953,0.004183741,0.015422222747035341,0.4196600599412407
6885,6884.999999999999,-1.73287886386996,0.003866656,0.015423744051594392,0.41970145674719483
6886,6885.999999999999,-1.7332568090965244,0.003817889,0.015425196220144927,0.41974097226651774
6887,6886.999999999999,-1.733634754323089,0.003809415,0.015426637571714105,0.4197801934407829
6888,6887.999999999999,-1.7340126995496536,0.003868974,0.015428088576949233,0.4198196773046809
6889,6888.999999999999,-1.7343906447762183,0.0040641,0.015429587710674375,0.4198604708115101
6890,6889.999999999999,-1.734768590002783,0.004344871,0.01543117677589926,0.41990371147911454
6891,6890.999999999999,-1.7351465352293474,0.0047507,0.015432895589720424,0.4199504827858872
6892,6891.999999999999,-1.735524480455912,0.005368291,0.015434807801893474,0.42000251672991235
6893,6892.999999999999,-1.7359024256824767,0.006079346,0.01543697109177327,0.4200613828463935
6894,6893.999999999999,-1.736280370909041,0.007101377,0.01543946188744353,0.4201291608494368
6895,6894.999999999999,-1.7366583161356057,0.008426473,0.015442396225836685,0.4202090082648294
6896,6895.999999999999,-1.7370362613621704,0.009964076,0.015445871535940911,0.42030357627040005
6897,6896.999999999999,-1.737414206588735,0.011828581,0.015449989751284567,0.4204156386187604
6898,6897.999999999999,-1.7377921518152997,0.013827489,0.01545483804587902,0.4205475674356044
6899,6898.999999999999,-1.738170097041864,0.0158588,0.015460447941490003,0.42070022047187455
6900,6899.999999999999,-1.7385480422684287,0.018082626,0.01546686194145975,0.4208747543024331
6901,6900.999999999999,-1.7389259874949934,0.020098291,0.015474077089122755,0.42107108847231295
6902,6901.999999999999,-1.7393039327215578,0.021918917,0.01548201719072134,0.4212871496437444
6903,6902.999999999999,-1.7396818779481227,0.02335269,0.01549057228460362,0.4215199456077458
6904,6903.999999999999,-1.740059823174687,0.024104162,0.01549954032994421,0.42176397855338016
6905,6904.999999999999,-1.7404377684012518,0.024184138,0.01550866549618617,0.42201228697654897
6906,6905.999999999999,-1.7408157136278164,0.023725951,0.015517719190907088,0.4222586505605532
6907,6906.999999999999,-1.741193658854381,0.022512161,0.015526456927764968,0.42249641649310876
6908,6907.999999999999,-1.7415716040809455,0.021010011,0.01553468142634353,0.42272021650060954
6909,6908.999999999999,-1.7419495493075101,0.019127506,0.015542266317821683,0.4229266119122555
6910,6909.999999999999,-1.7423274945340748,0.017011714,0.015549095640667067,0.42311244725399977
6911,6910.999999999999,-1.7427054397606394,0.014837494,0.0155551142687338,0.4232762224669946
6912,6911.999999999999,-1.7430833849872038,0.012607367,0.015560300595838138,0.42341734961702876
6913,6912.999999999999,-1.7434613302137685,0.010500847,0.015564667415426005,0.4235361768315008
6914,6913.999999999999,-1.7438392754403331,0.008784828,0.015568311879829669,0.42363534776004863
6915,6914.999999999999,-1.7442172206668978,0.007250096,0.015571342041321733,0.42371780265479686
6916,6915.999999999999,-1.7445951658934624,0.006163372,0.015573876819422872,0.4237867774807549
6917,6916.999999999999,-1.7449731111200268,0.005194199,0.01557602308929528,0.42384518045924113
6918,6917.999999999999,-1.7453510563465915,0.004361407,0.015577828837132596,0.42389431736110517
6919,6918.999999999999,-1.7457290015731561,0.003858347,0.015579382145526514,0.4239365850357712
6920,6919.999999999999,-1.7461069467997206,0.003450528,0.015580763322735417,0.42397416878227684
6921,6920.999999999999,-1.7464848920262852,0.003182849,0.015582016849321994,0.42400827897839377
6922,6921.999999999999,-1.7468628372528499,0.003055873,0.015583195796921875,0.4240403597768979
6923,6922.999999999999,-1.7472407824794145,0.003173167,0.015584372914888915,0.42407239078855613
6924,6923.999999999999,-1.7476187277059791,0.003551728,0.015585643735871114,0.4241069715891522
6925,6924.999999999999,-1.7479966729325436,0.003898248,0.015587051577304724,0.4241452809061753
6926,6925.999999999999,-1.7483746181591082,0.004469982,0.015588632943596371,0.4241883120751337
6927,6926.999999999999,-1.7487525633856729,0.005049193,0.015590431806972413,0.4242372616412629
6928,6927.999999999999,-1.7491305086122373,0.005745534,0.015592471714743272,0.42429277035952195
6929,6928.999999999999,-1.749508453838802,0.006606493,0.015594805909564795,0.42435628703638384
6930,6929.999999999999,-1.7498863990653666,0.007488661,0.01559746950765079,0.42442876723270595
6931,6930.999999999999,-1.7502643442919312,0.008587305,0.015600507424956847,0.4245114331739044
6932,6931.999999999999,-1.7506422895184959,0.009528858,0.015603930883621605,0.4246045902299283
6933,6932.999999999999,-1.7510202347450605,0.010497363,0.015607715290938145,0.42470756919913083
6934,6933.999999999999,-1.751398179971625,0.011303327,0.015611835024298802,0.4248196728548381
6935,6934.999999999999,-1.7517761251981896,0.01194921,0.015616229116981135,0.42493924220801776
6936,6935.999999999999,-1.7521540704247542,0.012647549,0.01562087723080764,0.42506572382866614
6937,6936.999999999999,-1.7525320156513189,0.013220291,0.01562576554413241,0.4251987416106378
6938,6937.999999999999,-1.7529099608778833,0.013862938,0.015630883532692662,0.42533800917415343
6939,6938.999999999999,-1.753287906104448,0.01445872,0.01563623555041741,0.42548364499565694
6940,6939.999999999999,-1.7536658513310126,0.014977059,0.01564179810649904,0.42563500985770913
6941,6940.999999999999,-1.7540437965575773,0.015479196,0.01564755350459718,0.42579162221835704
6942,6941.999999999999,-1.754421741784142,0.015893855,0.01565348215203129,0.42595294893360286
6943,6942.999999999999,-1.7547996870107063,0.016246678,0.015659555832544587,0.4261182221999849
6944,6943.999999999999,-1.755177632237271,0.016407924,0.01566572665802022,0.42628613891545897
6945,6944.999999999999,-1.7555555774638356,0.016271323,0.015671902140725908,0.4264541823606188
6946,6945.999999999999,-1.7559335226904,0.015977264,0.01567799624048596,0.42662001126301125
6947,6946.999999999999,-1.7563114679169647,0.015213834,0.015683890503786165,0.4267804023383086
6948,6947.999999999999,-1.7566894131435293,0.014316811,0.015689470986943725,0.4269322550209482
6949,6948.999999999999,-1.757067358370094,0.013108671,0.01569465365194779,0.4270732825201574
6950,6949.999999999999,-1.7574453035966586,0.011690669,0.015699340048035266,0.4272008058541954
6951,6950.999999999999,-1.757823248823223,0.010492305,0.01570353202260242,0.42731487529327555
6952,6951.999999999999,-1.7582011940497877,0.009204909,0.01570725425660638,0.42741616244045527
6953,6952.999999999999,-1.7585791392763523,0.008148058,0.01571053349212857,0.42750539498484114
6954,6953.999999999999,-1.7589570845029168,0.00712385,0.015713419464493138,0.4275839262935487
6955,6954.999999999999,-1.7593350297294814,0.006495657,0.015715993178322545,0.42765396061464733
6956,6955.999999999999,-1.759712974956046,0.006328412,0.015718416576154387,0.4277199046290773
6957,6956.999999999999,-1.7600909201826107,0.006489249,0.015720838763049725,0.4277858156922463
6958,6957.999999999999,-1.7604688654091754,0.007088277,0.015723404543619854,0.4278556341383625
6959,6958.999999999999,-1.7608468106357398,0.007911028,0.015726239001483122,0.42793276366607785
6960,6959.999999999999,-1.7612247558623044,0.008811515,0.015729399104134557,0.428018754439903
6961,6960.999999999999,-1.761602701088869,0.00983343,0.01573292248811571,0.42811463060230714
6962,6961.999999999999,-1.7619806463154337,0.010976436,0.015736854982875786,0.4282216392361339
6963,6962.999999999999,-1.7623585915419984,0.011999634,0.015741196830866642,0.4283397869388344
6964,6963.999999999999,-1.7627365367685628,0.012913642,0.015745904757737784,0.4284678961553429
6965,6964.999999999999,-1.7631144819951274,0.013671084,0.0157509285428834,0.4286046003133571
6966,6965.999999999999,-1.763492427221692,0.013936651,0.015756145648713155,0.4287465649951768
6967,6966.999999999999,-1.7638703724482567,0.013865097,0.01576139941768653,0.4288895273319585
6968,6967.999999999999,-1.7642483176748214,0.013330049,0.015766538555494744,0.42902937039582917
6969,6968.999999999999,-1.7646262629013858,0.012386479,0.015771398274995452,0.4291616101002101
6970,6969.999999999999,-1.7650042081279504,0.011082427,0.01577583325549315,0.4292822920675264
6971,6970.999999999999,-1.765382153354515,0.00960699,0.015779742988690927,0.42938868132768987
6972,6971.999999999999,-1.7657600985810795,0.007690505,0.015783011741524314,0.4294776286235818
6973,6972.999999999999,-1.7661380438076442,0.005696552,0.015785541528669764,0.4295464676387168
6974,6973.999999999999,-1.7665159890342088,0.003697227,0.015787316695635992,0.42959477239268595
6975,6974.999999999999,-1.7668939342607735,0.001664567,0.015788329927860053,0.4296223438460917
6976,6975.999999999999,-1.767271879487338,-0.000288479,0.015788589970805518,0.42962941997512133
6977,6976.999999999999,-1.7676498247139025,-0.001851386,0.015788185594924398,0.4296184163468316
6978,6977.999999999999,-1.7680277699404672,-0.003277088,0.015787216453790467,0.42959204467310935
6979,6978.999999999999,-1.7684057151670318,-0.004299603,0.015785784666692164,0.42955308376135537
6980,6979.999999999999,-1.7687836603935962,-0.005179424,0.0157839933901886,0.42950434064454357
6981,6980.999999999999,-1.769161605620161,-0.005584576,0.015781959288979228,0.4294489899308719
6982,6981.999999999999,-1.7695395508467255,-0.005950502,0.015779779475145153,0.42938967417468854
6983,6982.999999999999,-1.7699174960732902,-0.005915787,0.01577753707150286,0.4293286552630587
6984,6983.999999999999,-1.7702954412998548,-0.005852728,0.01577531314446886,0.4292681391255536
6985,6984.999999999999,-1.7706733865264193,-0.00539589,0.015773187463729587,0.4292102964059216
6986,6985.999999999999,-1.771051331752984,-0.004963978,0.015771229732400367,0.4291570238225563
6987,6986.999999999999,-1.7714292769795486,-0.004279254,0.015769483014694153,0.42910949321238984
6988,6987.999999999999,-1.7718072222061132,-0.003512661,0.01576801055615413,0.42906942557432604
6989,6988.999999999999,-1.7721851674326776,-0.002511578,0.01576687213996726,0.4290384476917565
6990,6989.999999999999,-1.7725631126592423,-0.001262805,0.015766158884948225,0.4290190390339416
6991,6990.999999999999,-1.772941057885807,0.000249182,0.015765967337961033,0.42901382677488886
6992,6991.999999999999,-1.7733190031123716,0.002058391,0.015766403406061183,0.4290256927923916
6993,6992.999999999999,-1.7736969483389362,0.004276609,0.015767600547566325,0.42905826867227914
6994,6993.999999999999,-1.7740748935655009,0.006712335,0.015769677157031217,0.4291147760945104
6995,6994.999999999999,-1.7744528387920653,0.009555055,0.0157727512482308,0.4291984263774976
6996,6995.999999999999,-1.77483078401863,0.012660995,0.01577694947325611,0.4293126659002089
6997,6996.999999999999,-1.7752087292451946,0.015930168,0.015782352420045,0.42945968757214786
6998,6997.999999999999,-1.775586674471759,0.019125703,0.015788977019598756,0.42963995210933015
6999,6998.999999999999,-1.7759646196983236,0.022327719,0.01579681058108359,0.4298531141765757
7000,6999.999999999999,-1.7763425649248883,0.025198584,0.015805791750761144,0.4300975042536124
7001,7000.999999999999,-1.776720510151453,0.0274248,0.01581573612915538,0.43036810457507424
7002,7001.999999999999,-1.7770984553780176,0.028778371,0.015826356989254,0.4306571129014824
7003,7002.999999999999,-1.777476400604582,0.02947667,0.01583736559658864,0.4309566723676956
7004,7003.999999999999,-1.7778543458311467,0.029215625,0.015848456832954324,0.4312584802843878
7005,7004.999999999999,-1.7782322910577113,0.028415,0.015859347442765667,0.4315548288744186
7006,7005.999999999999,-1.7786102362842757,0.0270439,0.01586982765602843,0.43184001000545197
7007,7006.999999999999,-1.7789881815108404,0.025571416,0.015879770509791623,0.4321105688395896
7008,7007.999999999999,-1.779366126737405,0.023991087,0.015889136465504345,0.4323654294780513
7009,7008.999999999999,-1.7797440719639697,0.022393599,0.015897901900834045,0.432603949124422
7010,7009.999999999999,-1.7801220171905343,0.020855555,0.015906074806487674,0.43282634521691493
7011,7010.999999999999,-1.7804999624170987,0.019550314,0.015913710409144546,0.43303412055003193
7012,7011.999999999999,-1.7808779076436634,0.01853648,0.01592090777013827,0.433229970719984
7013,7012.999999999999,-1.781255852870228,0.017618413,0.01592774005475142,0.433415886655535
7014,7013.999999999999,-1.7816337980967927,0.01684542,0.015934252775337155,0.43359310681090557
7015,7014.999999999999,-1.782011743323357,0.016295061,0.01594051541863716,0.4337635220166628
7016,7015.999999999999,-1.7823896885499217,0.015739601,0.015946569092430914,0.4339282508724719
7017,7016.999999999999,-1.7827676337764864,0.014985578,0.01595237530980011,0.43408624609593327
7018,7017.999999999999,-1.783145579003051,0.014372639,0.01595792320878791,0.434237212118144
7019,7018.999999999999,-1.7835235242296155,0.013479368,0.015963186475335855,0.4343804328970957
7020,7019.999999999999,-1.7839014694561803,0.012721833,0.01596813778475996,0.43451516489025843
7021,7020.999999999999,-1.7842794146827448,0.011916002,0.015972793660825525,0.434641857732192
7022,7021.999999999999,-1.7846573599093094,0.011018195,0.015977127595966145,0.43475979011526844
7023,7022.999999999999,-1.785035305135874,0.01023216,0.01598114333108367,0.43486906383461305
7024,7023.999999999999,-1.7854132503624385,0.009437784,0.015984860411804466,0.4349702107538141
7025,7024.999999999999,-1.7857911955890031,0.008801853,0.015988307203673675,0.4350640027386767
7026,7025.999999999999,-1.7861691408155678,0.008310463,0.01599154096274751,0.4351519978058612
7027,7026.999999999999,-1.7865470860421324,0.007866655,0.015994597995011343,0.4352351838915589
7028,7027.999999999999,-1.786925031268697,0.007453993,0.01599749317790108,0.4353139658314243
7029,7028.999999999999,-1.7873029764952615,0.007003026,0.01600022515856178,0.4353883068123992
7030,7029.999999999999,-1.7876809217218261,0.00658238,0.0160027924282361,0.43545816577910473
7031,7030.999999999999,-1.7880588669483908,0.00616128,0.016005200630969083,0.43552369631383053
7032,7031.999999999999,-1.7884368121749552,0.005645096,0.016007431712695197,0.4355844071404262
7033,7032.999999999999,-1.7888147574015199,0.005104485,0.01600946308910846,0.43563968370861844
7034,7033.999999999999,-1.7891927026280845,0.004497556,0.01601127761188907,0.4356890593888538
7035,7034.999999999999,-1.7895706478546491,0.00390944,0.016012866303893047,0.4357322899005999
7036,7035.999999999999,-1.7899485930812138,0.003305717,0.01601422977096658,0.4357693917297715
7037,7036.999999999999,-1.7903265383077782,0.002758547,0.016015375750782292,0.435800575429167
7038,7037.999999999999,-1.7907044835343429,0.002192314,0.01601631132792346,0.43582603378011825
7039,7038.999999999999,-1.7910824287609075,0.001671116,0.016017041410386793,0.4358459003360194
7040,7039.999999999999,-1.7914603739874722,0.001222133,0.0160175881552112,0.43586077802061435
7041,7040.999999999999,-1.7918383192140366,0.000745828,0.016017960045944208,0.43587089768299153
7042,7041.999999999999,-1.7922162644406012,0.000265753,0.016018151207049323,0.435876099441658
7043,7042.999999999999,-1.7925942096671659,-0.000239366,0.01601815619346967,0.43587623512906803
7044,7043.999999999999,-1.7929721548937305,-0.000596486,0.016017998240332912,0.43587193700525495
7045,7044.999999999999,-1.793350100120295,-0.000972393,0.016017701765168358,0.43586386950503997
7046,7045.999999999999,-1.7937280453468598,-0.00139184,0.01601725498987994,0.43585171213010165
7047,7046.999999999999,-1.7941059905734242,-0.001590926,0.01601669132879411,0.4358363741305833
7048,7047.999999999999,-1.7944839357999889,-0.00154667,0.016016098409078566,0.43582023996319075
7049,7048.999999999999,-1.7948618810265535,-0.00130604,0.01601555932501493,0.4358055707385161
7050,7049.999999999999,-1.795239826253118,-0.000797196,0.016015161871011662,0.43579475546411817
7051,7050.999999999999,-1.7956177714796826,-2.5418e-05,0.01601500641949436,0.43579052541283836
7052,7051.999999999999,-1.7959957167062472,0.001085491,0.016015206744259443,0.43579597652739566
7053,7052.999999999999,-1.796373661932812,0.002288732,0.01601584437999755,0.4358133274797495
7054,7053.999999999999,-1.7967516071593765,0.003785073,0.016016992162800964,0.43584456024093976
7055,7054.999999999999,-1.797129552385941,0.005347341,0.016018717938940122,0.43589152100203643
7056,7055.999999999999,-1.7975074976125056,0.006827019,0.01602101855956436,0.43595412407844814
7057,7056.999999999999,-1.7978854428390703,0.008393095,0.016023894744281397,0.4360323890516982
7058,7057.999999999999,-1.7982633880656347,0.009603701,0.016027295645852226,0.4361249322979266
7059,7058.999999999999,-1.7986413332921993,0.010615048,0.016031116435688057,0.43622890128591413
7060,7059.999999999999,-1.799019278518764,0.011356351,0.016035268428374553,0.4363418827625969
7061,7060.999999999999,-1.7993972237453286,0.011738702,0.016039632760893856,0.4364606423004856
7062,7061.999999999999,-1.7997751689718933,0.011865016,0.016044093217167495,0.4365820174989809
7063,7062.999999999999,-1.8001531141984577,0.011793137,0.016048563960165338,0.4367036726135018
7064,7063.999999999999,-1.8005310594250223,0.011822062,0.01605302658603355,0.436825106849673
7065,7064.999999999999,-1.800909004651587,0.011800307,0.0160574905668354,0.4369465779554668
7066,7065.999999999999,-1.8012869498781516,0.01200468,0.01606198905743794,0.4370689881207765
7067,7066.999999999999,-1.801664895104716,0.012454288,0.016066611132539085,0.4371947611916117
7068,7067.999999999999,-1.8020428403312807,0.013153514,0.016071450305803443,0.43732644180441943
7069,7068.999999999999,-1.8024207855578454,0.014093997,0.01607659933916255,0.43746655413994756
7070,7069.999999999999,-1.80279873078441,0.015104447,0.016082117045429008,0.43761669857635604
7071,7070.999999999999,-1.8031766760109744,0.016135069,0.0160880204584052,0.43777733862702084
7072,7071.999999999999,-1.8035546212375393,0.017231964,0.016094325913828686,0.43794891881000614
7073,7072.999999999999,-1.8039325664641037,0.018080163,0.01610099893874843,0.4381305010685264
7074,7073.999999999999,-1.8043105116906684,0.018631987,0.016107936529673142,0.4383192825347954
7075,7074.999999999999,-1.804688456917233,0.01901953,0.016115051635234676,0.43851289442041125
7076,7075.999999999999,-1.8050664021437974,0.019154922,0.016122265561189734,0.4387091953459243
7077,7076.999999999999,-1.805444347370362,0.018945181,0.016129465437219968,0.43890511395350623
7078,7077.999999999999,-1.8058222925969267,0.018622482,0.016136564696671987,0.4390982946445156
7079,7078.999999999999,-1.8062002378234912,0.018189425,0.016143521138937682,0.43928758908190535
7080,7079.999999999999,-1.806578183050056,0.017700785,0.01615030340571263,0.4394721439627418
7081,7080.999999999999,-1.8069561282766204,0.016934898,0.016156848601241957,0.4396502478063458
7082,7081.999999999999,-1.807334073503185,0.016084144,0.016163088295896775,0.4398200385476551
7083,7082.999999999999,-1.8077120187297497,0.015091,0.016168979544327906,0.4399803475841857
7084,7083.999999999999,-1.8080899639563142,0.013981401,0.016174473431919266,0.44012984388142623
7085,7084.999999999999,-1.8084679091828788,0.01260933,0.01617949835184542,0.440266578918392
7086,7085.999999999999,-1.8088458544094435,0.010887853,0.016183938675921702,0.44038740629188905
7087,7086.999999999999,-1.809223799636008,0.009102072,0.01618771622428827,0.44049019861955463
7088,7087.999999999999,-1.8096017448625727,0.006952172,0.016190750036731223,0.4405727528617377
7089,7088.999999999999,-1.8099796900891372,0.004565158,0.016192926496679357,0.4406319773540353
7090,7089.999999999999,-1.8103576353157018,0.00209994,0.0161941860176662,0.4406662506660932
7091,7090.999999999999,-1.8107355805422665,-0.00024869,0.01619453585321654,0.44067577017637605
7092,7091.999999999999,-1.8111135257688311,-0.002604943,0.01619399659473118,0.4406610962054445
7093,7092.999999999999,-1.8114914709953955,-0.004818024,0.01619259385725888,0.440622925774284
7094,7093.999999999999,-1.8118694162219602,-0.006620124,0.01619043236054021,0.4405641084522029
7095,7094.999999999999,-1.8122473614485248,-0.008139916,0.016187643117209258,0.4404882092745903
7096,7095.999999999999,-1.8126253066750895,-0.009374192,0.01618433343045119,0.4403981481098633
7097,7096.999999999999,-1.813003251901654,-0.010101251,0.01618065310509265,0.4402980013550211
7098,7097.999999999999,-1.8133811971282188,-0.010363075,0.01617678590792937,0.44019276955932174
7099,7098.999999999999,-1.8137591423547832,-0.010411031,0.016172860170829945,0.4400859448108091
7100,7099.999999999999,-1.8141370875813478,-0.010012361,0.016169000709071617,0.4399809235062016
7101,7100.999999999999,-1.8145150328079125,-0.009439423,0.016165324854616133,0.4398808984108294
7102,7101.999999999999,-1.814892978034477,-0.00838853,0.01616195585974825,0.4397892233902187
7103,7102.999999999999,-1.8152709232610416,-0.007140423,0.0161590213129183,0.439709370302972
7104,7103.999999999999,-1.8156488684876062,-0.00547198,0.01615663791416362,0.4396445147188802
7105,7104.999999999999,-1.8160268137141706,-0.003736754,0.01615489771563462,0.4395971615045628
7106,7105.999999999999,-1.8164047589407355,-0.001758897,0.016153859188103463,0.43956890173078544
7107,7106.999999999999,-1.8167827041673,0.000169754,0.016153558883597874,0.43956073002889245
7108,7107.999999999999,-1.8171606493938646,0.00198881,0.01615396679307789,0.43957182981130655
7109,7108.999999999999,-1.8175385946204292,0.003602627,0.016155023421539783,0.43960058213650166
7110,7109.999999999999,-1.8179165398469936,0.004897701,0.0161566297507357,0.43964429258069
7111,7110.999999999999,-1.8182944850735583,0.005878399,0.016158666138513692,0.4396997055150635
7112,7111.999999999999,-1.818672430300123,0.006464968,0.016160998696832386,0.4397631776604148
7113,7112.999999999999,-1.8190503755266876,0.00666391,0.01616347969521751,0.43983068906574807
7114,7113.999999999999,-1.8194283207532522,0.006637667,0.016165993328983976,0.4398990885250483
7115,7114.999999999999,-1.8198062659798167,0.006508576,0.016168477608878528,0.4399666892248021
7116,7115.999999999999,-1.8201842112063813,0.006162858,0.016170872162875542,0.44003184835850173
7117,7116.999999999999,-1.820562156432946,0.005844444,0.01617314121411295,0.44009359238813484
7118,7117.999999999999,-1.8209401016595106,0.005563563,0.016175297015008083,0.4401522547189617
7119,7118.999999999999,-1.821318046886075,0.005349033,0.016177359196791898,0.4402083695439905
7120,7119.999999999999,-1.8216959921126397,0.005354394,0.016179381851363164,0.44026340877877146
7121,7120.999999999999,-1.8220739373392043,0.005643858,0.01618146021978514,0.4403199640646633
7122,7121.999999999999,-1.822451882565769,0.006252694,0.01618370834230563,0.44038113859489664
7123,7122.999999999999,-1.8228298277923334,0.007037586,0.016186219841248482,0.440449479962687
7124,7123.999999999999,-1.823207773018898,0.007930701,0.016189048437559233,0.4405264499894328
7125,7124.999999999999,-1.8235857182454627,0.009072255,0.016192261530588076,0.44061388270488494
7126,7125.999999999999,-1.8239636634720273,0.010113904,0.016195887189193157,0.4407125419015839
7127,7126.999999999999,-1.824341608698592,0.01102508,0.01619988187824177,0.44082124292821834
7128,7127.999999999999,-1.8247195539251564,0.011907166,0.016204215444696822,0.4409391652788494
7129,7128.999999999999,-1.825097499151721,0.012408768,0.016208810490289202,0.4410642028392816
7130,7129.999999999999,-1.8254754443782857,0.012703703,0.01621355605956005,0.44119333635766766
7131,7130.999999999999,-1.82585338960485,0.012457364,0.016218310812144008,0.44132271976673393
7132,7131.999999999999,-1.826231334831415,0.011996736,0.016222931967326475,0.44144846780530667
7133,7132.999999999999,-1.8266092800579794,0.011050977,0.016227287353882267,0.4415669839111269
7134,7133.999999999999,-1.826987225284544,0.009707835,0.016231210200834543,0.4416737300147292
7135,7134.999999999999,-1.8273651705111087,0.008032766,0.01623456268856671,0.4417649558532942
7136,7135.999999999999,-1.8277431157376731,0.006143085,0.016237241536175683,0.441837851010276
7137,7136.999999999999,-1.8281210609642378,0.004204756,0.016239196994731284,0.4418910617483205
7138,7137.999999999999,-1.8284990061908024,0.002337577,0.016240433316495256,0.44192470377736426
7139,7138.999999999999,-1.8288769514173668,0.000443964,0.016240958951566978,0.4419390070363253
7140,7139.999999999999,-1.8292548966439317,-0.001080431,0.01624083867673472,0.44193573419140914
7141,7140.999999999999,-1.8296328418704961,-0.002433775,0.016240174588043287,0.4419176634175249
7142,7141.999999999999,-1.8300107870970608,-0.003534198,0.01623904680458948,0.44188697486636147
7143,7142.999999999999,-1.8303887323236254,-0.004167953,0.016237591308987113,0.4418473688133462
7144,7143.999999999999,-1.8307666775501898,-0.004604643,0.016235933528595724,0.44180225831080505
7145,7144.999999999999,-1.8311446227767545,-0.004505851,0.016234211894736252,0.4417554102668808
7146,7145.999999999999,-1.8315225680033191,-0.004077519,0.016232589872876582,0.44171127280355793
7147,7146.999999999999,-1.8319005132298838,-0.003348617,0.016231186536550073,0.44167308607674427
7148,7147.999999999999,-1.8322784584564484,-0.002131088,0.016230151022376207,0.441644908300596
7149,7148.999999999999,-1.8326564036830129,-0.000549842,0.01622964440002808,0.44163112240420027
7150,7149.999999999999,-1.8330343489095775,0.001355576,0.01622979666168767,0.4416352656550298
7151,7150.999999999999,-1.8334122941361422,0.003552973,0.016230724243019624,0.4416605064289282
7152,7151.999999999999,-1.8337902393627068,0.005720493,0.01623247667412383,0.4417081925085742
7153,7152.999999999999,-1.8341681845892714,0.008038168,0.016235076684248263,0.4417789423883136
7154,7153.999999999999,-1.8345461298158359,0.010224459,0.016238527820597853,0.44187285259250986
7155,7154.999999999999,-1.8349240750424005,0.012250504,0.016242774973089385,0.4419884234994026
7156,7155.999999999999,-1.8353020202689652,0.014070845,0.01624774898719503,0.4421237733184243
7157,7156.999999999999,-1.8356799654955296,0.015538907,0.01625334441940911,0.4422760327856149
7158,7157.999999999999,-1.8360579107220942,0.016853524,0.01625946570174575,0.44244260136359786
7159,7158.999999999999,-1.8364358559486589,0.017671532,0.016265989991801788,0.4426201363402936
7160,7159.999999999999,-1.8368138011752235,0.018240248,0.016272776334716008,0.4428048021385302
7161,7160.999999999999,-1.8371917464017882,0.018481813,0.01627971579854829,0.4429936345692105
7162,7161.999999999999,-1.8375696916283526,0.018487749,0.01628670203329133,0.4431837397012085
7163,7162.999999999999,-1.8379476368549172,0.018035778,0.016293603979634808,0.44337155122900995
7164,7163.999999999999,-1.838325582081482,0.017373183,0.016300295303528587,0.44355363142798054
7165,7164.999999999999,-1.8387035273080465,0.016530722,0.01630670221305691,0.4437279723177989
7166,7165.999999999999,-1.8390814725346112,0.015329186,0.016312722863130607,0.4438918025524062
7167,7166.999999999999,-1.8394594177611756,0.014128811,0.016318289617805758,0.44404328166400836
7168,7167.999999999999,-1.8398373629877403,0.012705742,0.01632336061341243,0.4441812704841132
7169,7168.999999999999,-1.840215308214305,0.011151055,0.016327868894686067,0.4443039470671557
7170,7169.999999999999,-1.8405932534408693,0.009504006,0.016331772135540743,0.4444101596616634
7171,7170.999999999999,-1.840971198667434,0.007714229,0.016335025910404803,0.44449869938624686
7172,7171.999999999999,-1.8413491438939986,0.006094403,0.016337635363679697,0.4445697062272008
7173,7172.999999999999,-1.8417270891205633,0.004405106,0.01633961948333361,0.4446236968734617
7174,7173.999999999999,-1.842105034347128,0.003035442,0.016341025543133422,0.44466195770975936
7175,7174.999999999999,-1.8424829795736923,0.001757123,0.016341931206665796,0.4446866020699477
7176,7175.999999999999,-1.842860924800257,0.000829116,0.0163424199350082,0.4446999010456422
7177,7176.999999999999,-1.8432388700268216,0.0002894,0.016342631303899718,0.4447056526861897
7178,7177.999999999999,-1.8436168152533863,1.4446e-05,0.016342688722472375,0.44470721512514794
7179,7178.999999999999,-1.843994760479951,1.587e-06,0.016342691752270284,0.4447072975701491
7180,7179.999999999999,-1.8443727057065153,0.000395614,0.01634276681238125,0.4447093400598203
7181,7180.999999999999,-1.84475065093308,0.001096674,0.01634304881394438,0.44471701371327654
7182,7181.999999999999,-1.8451285961596446,0.002036599,0.016343640916731315,0.4447331256509092
7183,7182.999999999999,-1.845506541386209,0.003149291,0.01634462090791681,0.4447597925695753
7184,7183.999999999999,-1.8458844866127737,0.004405637,0.016346048582404127,0.4447986415714833
7185,7184.999999999999,-1.8462624318393384,0.00560892,0.016347941059411283,0.4448501384942867
7186,7185.999999999999,-1.846640377065903,0.006679229,0.016350263183040215,0.44491332669726447
7187,7186.999999999999,-1.8470183222924677,0.007722256,0.01635298466929581,0.44498738211092864
7188,7187.999999999999,-1.847396267519032,0.008675429,0.01635608338268204,0.4450717023977469
7189,7188.999999999999,-1.8477742127455967,0.009338083,0.01635948744311907,0.4451643316011037
7190,7189.999999999999,-1.8481521579721614,0.009658427,0.016363077263257014,0.44526201558343087
7191,7190.999999999999,-1.848530103198726,0.009806463,0.016366755594387567,0.445362108072565
7192,7191.999999999999,-1.8489080484252907,0.009698137,0.016370441429620592,0.4454624047587299
7193,7192.999999999999,-1.849285993651855,0.009443872,0.016374058745084796,0.44556083692699994
7194,7193.999999999999,-1.8496639388784197,0.008828064,0.016377511640580444,0.44565479499999905
7195,7194.999999999999,-1.8500418841049844,0.008179382,0.01638072558209632,0.44574225080395957
7196,7195.999999999999,-1.8504198293315488,0.00718831,0.01638362965501368,0.44582127465380034
7197,7196.999999999999,-1.8507977745581135,0.00621199,0.016386161944723445,0.44589018176717954
7198,7197.999999999999,-1.851175719784678,0.005045619,0.016388289324515484,0.4459480707203926
7199,7198.999999999999,-1.8515536650112427,0.003850824,0.016389970508598112,0.4459938180698156
7200,7199.999999999999,-1.8519316102378074,0.002703587,0.01639120911277331,0.44602752220643277
7201,7200.999999999999,-1.8523095554643718,0.001608298,0.01639202394094993,0.44604969481067097
7202,7201.999999999999,-1.8526875006909365,0.000865725,0.01639249146354156,0.4460624167484905
7203,7202.999999999999,-1.853065445917501,0.000296606,0.01639271111226813,0.4460683936948276
7204,7203.999999999999,-1.8534433911440658,-6.4444e-05,0.016392754984527975,0.4460695875198358
7205,7204.999999999999,-1.8538213363706304,-3.4639e-05,0.016392736260554534,0.4460690780145624
7206,7205.999999999999,-1.8541992815971948,0.000267801,0.016392780321786992,0.44607027698177726
7207,7206.999999999999,-1.8545772268237595,0.00086171,0.016392993768432392,0.44607608516088815
7208,7207.999999999999,-1.8549551720503241,0.0014847,0.016393437175661923,0.4460881508862752
7209,7208.999999999999,-1.8553331172768885,0.002389109,0.01639416921947201,0.44610807081314047
7210,7209.999999999999,-1.8557110625034532,0.003195907,0.016395224634540753,0.4461367901202259
7211,7210.999999999999,-1.8560890077300178,0.004079144,0.016396599419939987,0.44617419993672974
7212,7211.999999999999,-1.8564669529565825,0.004875719,0.01639829164380268,0.4462202476938722
7213,7212.999999999999,-1.8568448981831471,0.005529971,0.016400258034234987,0.4462737559034361
7214,7213.999999999999,-1.8572228434097116,0.006024492,0.01640244151130317,0.4463331713412977
7215,7214.999999999999,-1.8576007886362762,0.006081078,0.016404729132501343,0.4463954206853057
7216,7215.999999999999,-1.8579787338628408,0.006062266,0.01640702389195101,0.4464578642710322
7217,7216.999999999999,-1.8583566790894055,0.005961547,0.016409296063315235,0.4465196932036412
7218,7217.999999999999,-1.8587346243159701,0.005659616,0.016411492144856724,0.4465794516266943
7219,7218.999999999999,-1.8591125695425346,0.005303205,0.01641356381779004,0.44663582471905816
7220,7219.999999999999,-1.8594905147690992,0.004930289,0.016415497667894227,0.446688447461185
7221,7220.999999999999,-1.8598684599956639,0.004433915,0.016417267245995414,0.4467366001343889
7222,7221.999999999999,-1.8602464052222283,0.004006709,0.01641886229277043,0.44678000356826425
7223,7222.999999999999,-1.860624350448793,0.003580582,0.01642029608297843,0.4468190189874099
7224,7223.999999999999,-1.8610022956753576,0.003152444,0.01642156844049695,0.44685364159928925
7225,7224.999999999999,-1.8613802409019222,0.002728601,0.01642267979693943,0.4468838831487026
7226,7225.999999999999,-1.8617581861284869,0.002311793,0.016423632293365582,0.44690980189685253
7227,7226.999999999999,-1.8621361313550513,0.001884976,0.016424425367770855,0.4469313825508162
7228,7227.999999999999,-1.862514076581616,0.001432296,0.016425052241329664,0.44694844064935235
7229,7228.999999999999,-1.8628920218081806,0.000967145,0.01642550566996585,0.44696077907110665
7230,7229.999999999999,-1.863269967034745,0.000648542,0.016425810990560487,0.44696908726773615
7231,7230.999999999999,-1.8636479122613099,0.000267901,0.01642598417318912,0.446973799807135
7232,7231.999999999999,-1.8640258574878743,0.000224107,0.016426077149226635,0.4469763298140034
7233,7232.999999999999,-1.864403802714439,0.000376706,0.01642619068642934,0.4469794193186795
7234,7233.999999999999,-1.8647817479410036,0.000747151,0.016426403064623587,0.4469851984237534
7235,7234.999999999999,-1.865159693167568,0.001546557,0.016426836512618455,0.44699699314455926
7236,7235.999999999999,-1.8655376383941327,0.002748146,0.016427648093867635,0.44701907739540075
7237,7236.999999999999,-1.8659155836206973,0.004184167,0.016428958111171336,0.4470547247822407
7238,7237.999999999999,-1.866293528847262,0.006026727,0.016430887690494465,0.4471072313104946
7239,7238.999999999999,-1.8666714740738266,0.008386254,0.016433611349179224,0.44718134583896785
7240,7239.999999999999,-1.867049419300391,0.010773338,0.016437231987348887,0.4472798684226595
7241,7240.999999999999,-1.8674273645269557,0.013407841,0.016441801567936763,0.4474042130450183
7242,7241.999999999999,-1.8678053097535203,0.015810468,0.01644732302814418,0.44755445963136425
7243,7242.999999999999,-1.8681832549800848,0.017902398,0.016453693836533438,0.44772781815914353
7244,7243.999999999999,-1.8685612002066494,0.019348103,0.01646073316105348,0.44791936793756926
7245,7244.999999999999,-1.868939145433214,0.02022511,0.01646821141453007,0.4481228615813661
7246,7245.999999999999,-1.8693170906597787,0.020554024,0.016475917554049438,0.4483325563202931
7247,7246.999999999999,-1.8696950358863433,0.020039825,0.016483588679778154,0.44854129828543876
7248,7247.999999999999,-1.8700729811129078,0.019173825,0.01649099898569499,0.4487429429819427
7249,7248.999999999999,-1.8704509263394724,0.017755487,0.016497977614290348,0.4489328411401183
7250,7249.999999999999,-1.870828871566037,0.015905971,0.0165043387079755,0.4491059353173319
7251,7250.999999999999,-1.8712068167926017,0.013914639,0.016509973986576873,0.44925927905995755
7252,7251.999999999999,-1.8715847620191663,0.011667931,0.01651480839168425,0.449390829924604
7253,7252.999999999999,-1.8719627072457308,0.009293485,0.01651876952524387,0.4494986178598667
7254,7253.999999999999,-1.8723406524722954,0.006937171,0.016521836674723473,0.44958207924903043
7255,7254.999999999999,-1.87271859769886,0.004500162,0.016523998017429462,0.44964089238021304
7256,7255.999999999999,-1.8730965429254245,0.002225449,0.01652526897371605,0.44967547686262915
7257,7256.999999999999,-1.8734744881519891,-4.3449e-05,0.016525681311958234,0.4496866971578012
7258,7257.999999999999,-1.8738524333785538,-0.002244992,0.01652524885928212,0.44967492952099836
7259,7258.999999999999,-1.8742303786051184,-0.00420703,0.016524029603823827,0.4496417518897902
7260,7259.999999999999,-1.874608323831683,-0.006074485,0.016522086679065774,0.44958888221375193
7261,7260.999999999999,-1.8749862690582475,-0.00754689,0.016519512612235526,0.44951883828701106
7262,7261.999999999999,-1.8753642142848121,-0.008847647,0.016516414493735084,0.4494345341878597
7263,7262.999999999999,-1.8757421595113768,-0.009609176,0.016512926659659886,0.4493396253876776
7264,7263.999999999999,-1.8761201047379414,-0.010155537,0.0165091916701935,0.44923799114668306
7265,7264.999999999999,-1.876498049964506,-0.01007365,0.016505368907861535,0.44913396848434134
7266,7265.999999999999,-1.8768759951910705,-0.009754478,0.01650162193469688,0.44903200815030453
7267,7266.999999999999,-1.8772539404176352,-0.008964696,0.016498084523467613,0.4489357502870341
7268,7267.999999999999,-1.8776318856441998,-0.007881283,0.016494901094792683,0.448849124779774
7269,7268.999999999999,-1.8780098308707642,-0.006429984,0.016492196657268313,0.44877553328572023
7270,7269.999999999999,-1.8783877760973289,-0.004714499,0.01649009065519212,0.4487182260497901
7271,7270.999999999999,-1.8787657213238935,-0.002766417,0.016488676966945857,0.44867975763288964
7272,7271.999999999999,-1.8791436665504582,-0.000610474,0.016488038827028817,0.44866239296112803
7273,7272.999999999999,-1.8795216117770228,0.001483253,0.016488203758357266,0.44866688097121055
7274,7273.999999999999,-1.8798995570035872,0.003669251,0.016489177440503093,0.4486933762121615
7275,7274.999999999999,-1.8802775022301519,0.005823816,0.016490971370182145,0.4487421915255563
7276,7275.999999999999,-1.8806554474567165,0.007969754,0.01649357797715154,0.44881312091459197
7277,7276.999999999999,-1.881033392683281,0.009920156,0.016496958680195625,0.44890511453090753
7278,7277.999999999999,-1.8814113379098458,0.011660438,0.01650103682143999,0.44901608640747365
7279,7278.999999999999,-1.8817892831364103,0.013103062,0.016505716444749005,0.449143425444821
7280,7279.999999999999,-1.882167228362975,0.01441974,0.016510917500567796,0.44928495338359303
7281,7280.999999999999,-1.8825451735895395,0.015367153,0.016516546407579567,0.4494381237464331
7282,7281.999999999999,-1.882923118816104,0.015937973,0.01652246221904892,0.44959910117728413
7283,7282.999999999999,-1.8833010640426686,0.016434805,0.016528579787506787,0.4497655686954774
7284,7283.999999999999,-1.8836790092692333,0.016569763,0.016534816746972,0.4499352850084859
7285,7284.999999999999,-1.884056954495798,0.016531062,0.01654107189637405,0.45010549629489144
7286,7285.999999999999,-1.8844348997223626,0.016158634,0.016547249353654574,0.4502735934709699
7287,7286.999999999999,-1.884812844948927,0.015917153,0.01655331079894705,0.45043853380003235
7288,7287.999999999999,-1.8851907901754916,0.015484513,0.016559244853832488,0.4506000076595249
7289,7288.999999999999,-1.8855687354020563,0.01502443,0.01656501020851968,0.45075689095276317
7290,7289.999999999999,-1.8859466806286207,0.014698644,0.016570627055488243,0.4509097331451094
7291,7290.999999999999,-1.8863246258551856,0.014336398,0.016576113883251746,0.4510590373346473
7292,7291.999999999999,-1.88670257108175,0.014163833,0.016581499646382964,0.45120559141544025
7293,7292.999999999999,-1.8870805163083146,0.014013326,0.016586824357754066,0.4513504841932077
7294,7293.999999999999,-1.8874584615348793,0.013835346,0.016592086994078346,0.4514936878228999
7295,7294.999999999999,-1.8878364067614437,0.013984608,0.01659734420348712,0.45163674377869806
7296,7295.999999999999,-1.8882143519880084,0.014102384,0.0166026518757646,0.4517811728991077
7297,7296.999999999999,-1.888592297214573,0.014254804,0.016608010607686297,0.4519269914232177
7298,7297.999999999999,-1.8889702424411376,0.014645781,0.016613472026759134,0.45207560420705983
7299,7298.999999999999,-1.8893481876677023,0.015030139,0.01661907996291309,0.45222820392378804
7300,7299.999999999999,-1.8897261328942667,0.015423242,0.016624834817903944,0.4523848015057338
7301,7300.999999999999,-1.8901040781208314,0.016085412,0.016630789090591333,0.45254682551964426
7302,7301.999999999999,-1.890482023347396,0.01685583,0.01663701408317684,0.4527162161972669
7303,7302.999999999999,-1.8908599685739604,0.017544579,0.01664351481836355,0.4528931102133153
7304,7303.999999999999,-1.8912379138005253,0.018281978,0.016650285056464747,0.45307733777726433
7305,7304.999999999999,-1.8916158590270897,0.018926663,0.0166573164705912,0.45326867230291473
7306,7305.999999999999,-1.8919938042536544,0.019453442,0.0166645692593311,0.4534660307386767
7307,7306.999999999999,-1.892371749480219,0.019588415,0.016671947101075783,0.45366679204005306
7308,7307.999999999999,-1.8927496947067834,0.019358734,0.016679307045602207,0.45386706633331064
7309,7308.999999999999,-1.893127639933348,0.018758779,0.01668651021164564,0.45406307446671246
7310,7309.999999999999,-1.8935055851599127,0.017458425,0.016693354271331298,0.4542493108183095
7311,7310.999999999999,-1.8938835303864774,0.015872753,0.016699652951141737,0.45442070662747114
7312,7311.999999999999,-1.894261475613042,0.013819779,0.016705264026508744,0.45457339176653816
7313,7312.999999999999,-1.8946394208396065,0.011542391,0.016710056782052153,0.45470380928881243
7314,7313.999999999999,-1.895017366066171,0.009174037,0.016713971619589187,0.45481033744512295
7315,7314.999999999999,-1.8953953112927358,0.00691309,0.01671701164601858,0.4548930607784912
7316,7315.999999999999,-1.8957732565193002,0.004891767,0.01671924244069529,0.45495376379407465
7317,7316.999999999999,-1.896151201745865,0.003136006,0.016720759469937937,0.4549950442627428
7318,7317.999999999999,-1.8965291469724295,0.001867837,0.016721705059226103,0.45502077505809313
7319,7318.999999999999,-1.8969070921989941,0.001188455,0.016722282614712296,0.4550364911435064
7320,7319.999999999999,-1.8972850374255588,0.000857345,0.01672266921488455,0.45504701107011636
7321,7320.999999999999,-1.8976629826521232,0.000953025,0.016723011325234457,0.45505632036698646
7322,7321.999999999999,-1.8980409278786878,0.001297747,0.016723436659501198,0.4550678943020024
7323,7322.999999999999,-1.8984188731052525,0.001974907,0.016724055101479948,0.45508472296555685
7324,7323.999999999999,-1.8987968183318171,0.002821153,0.016724961425471606,0.4551093852977579
7325,7324.999999999999,-1.8991747635583818,0.003942042,0.016726239484104892,0.45514416304487326
7326,7325.999999999999,-1.8995527087849462,0.005035625,0.01672793601729906,0.4551903280648989
7327,7326.999999999999,-1.8999306540115108,0.006158262,0.016730051355378237,0.45524788934641225
7328,7327.999999999999,-1.9003085992380755,0.007235126,0.0167325823389093,0.4553167609168582
7329,7328.999999999999,-1.90068654446464,0.008244911,0.016735507641954896,0.4553963624679185
7330,7329.999999999999,-1.9010644896912048,0.008994398,0.016738765399227806,0.45548501055936735
7331,7330.999999999999,-1.9014424349177692,0.009798366,0.016742316716951682,0.45558164683763397
7332,7331.999999999999,-1.9018203801443339,0.010333923,0.016746121168215368,0.4556851712304241
7333,7332.999999999999,-1.9021983253708985,0.010673885,0.01675009106859246,0.4557931977229433
7334,7333.999999999999,-1.902576270597463,0.010945528,0.0167541765455647,0.455904369214834
7335,7334.999999999999,-1.9029542158240276,0.011208481,0.01675836304654011,0.4560182897098951
7336,7335.999999999999,-1.9033321610505922,0.011233274,0.0167626039236291,0.4561336898543854
7337,7336.999999999999,-1.9037101062771569,0.011413759,0.016766883592638202,0.456250145580797
7338,7337.999999999999,-1.9040880515037215,0.01151675,0.016771216830847827,0.45636805899941496
7339,7338.999999999999,-1.904465996730286,0.011691659,0.016775602584546682,0.4564874014372943
7340,7339.999999999999,-1.9048439419568506,0.011955094,0.016780071173256732,0.45660899793065796
7341,7340.999999999999,-1.9052218871834152,0.012222586,0.016784640092629435,0.45673332456043536
7342,7341.999999999999,-1.9055998324099799,0.012770264,0.016789363056807307,0.4568618429629054
7343,7342.999999999999,-1.9059777776365445,0.013323021,0.016794293973062875,0.45699602002968226
7344,7343.999999999999,-1.906355722863109,0.013851274,0.01679942917060313,0.4571357558733996
7345,7344.999999999999,-1.9067336680896736,0.014458331,0.016804778910640968,0.4572813297158848
7346,7345.999999999999,-1.9071116133162382,0.014914656,0.016810329600754265,0.45743237168848955
7347,7346.999999999999,-1.9074895585428027,0.015406286,0.016816059428401187,0.4575882882417129
7348,7347.999999999999,-1.9078675037693673,0.015760248,0.01682194904977812,0.45774855300384315
7349,7348.999999999999,-1.908245448995932,0.016125114,0.01682797450996071,0.45791251412818157
7350,7349.999999999999,-1.9086233942224966,0.016139776,0.016834071690541276,0.4580784268639708
7351,7350.999999999999,-1.9090013394490613,0.016146821,0.01684017297315036,0.45824445122164253
7352,7351.999999999999,-1.9093792846756257,0.015972396,0.01684624262552343,0.458409614876745
7353,7352.999999999999,-1.9097572299021903,0.015788196,0.01685224450759306,0.4585729344079446
7354,7353.999999999999,-1.910135175128755,0.015333164,0.01685812559232116,0.45873296687602627
7355,7354.999999999999,-1.9105131203553196,0.01466635,0.016863794678878937,0.4588872305800119
7356,7355.999999999999,-1.9108910655818843,0.013853721,0.016869184191226804,0.45903388668218725
7357,7356.999999999999,-1.9112690108084487,0.012917377,0.016874243195576302,0.45917154920356157
7358,7357.999999999999,-1.9116469560350133,0.011566866,0.016878870046960252,0.459297452243673
7359,7358.999999999999,-1.912024901261578,0.010134082,0.016882970931814515,0.4594090430053927
7360,7359.999999999999,-1.9124028464881424,0.008310188,0.016886456393716498,0.4595038872554532
7361,7360.999999999999,-1.912780791714707,0.006422108,0.016889240394191266,0.4595796437676812
7362,7361.999999999999,-1.9131587369412717,0.004371744,0.01689128013661109,0.4596351479865093
7363,7362.999999999999,-1.9135366821678363,0.002228246,0.016892527353969025,0.4596690864997688
7364,7363.999999999999,-1.913914627394401,0.000365818,0.016893017561022128,0.45968242571323126
7365,7364.999999999999,-1.9142925726209654,-0.001386023,0.016892824770217193,0.4596771796081735
7366,7365.999999999999,-1.91467051784753,-0.002676242,0.016892057113384297,0.4596562906015892
7367,7366.999999999999,-1.9150484630740947,-0.003618953,0.016890867493934026,0.4596239194072421
7368,7367.999999999999,-1.9154264083006594,-0.004248676,0.01688938072752156,0.45958346243213494
7369,7368.999999999999,-1.9158043535272238,-0.004271194,0.016887770705422835,0.459539651498942
7370,7369.999999999999,-1.9161822987537884,-0.003937124,0.01688621955811972,0.45949744263055253
7371,7370.999999999999,-1.916560243980353,-0.003242284,0.016884862846628143,0.4594605246301308
7372,7371.999999999999,-1.9169381892069177,-0.002084944,0.016883856146431432,0.4594331309222442
7373,7372.999999999999,-1.9173161344334821,-0.000485125,0.016883370473776187,0.4594199150960332
7374,7373.999999999999,-1.9176940796600468,0.001240317,0.016883513184381957,0.45942379844944825
7375,7374.999999999999,-1.9180720248866114,0.003288417,0.016884368991080798,0.45944708613608226
7376,7375.999999999999,-1.918449970113176,0.005444628,0.01688601929741636,0.4594919932592035
7377,7376.999999999999,-1.9188279153397407,0.007680426,0.016888499573170214,0.4595594850007382
7378,7377.999999999999,-1.9192058605663052,0.009935436,0.016891828488647575,0.45965006940557285
7379,7378.999999999999,-1.9195838057928698,0.011950135,0.01689596426219262,0.45976260953693304
7380,7379.999999999999,-1.9199617510194344,0.013818556,0.016900833839071754,0.45989511747424566
7381,7380.999999999999,-1.920339696245999,0.015495203,0.01690637333671511,0.4600458548842278
7382,7381.999999999999,-1.9207176414725635,0.01657622,0.0169124339573311,0.4602107727726999
7383,7382.999999999999,-1.9210955866991282,0.01748847,0.016918871250821053,0.4603859404522338
7384,7383.999999999999,-1.9214735319256928,0.017812689,0.016925542203089176,0.4605674663110302
7385,7384.999999999999,-1.9218514771522575,0.017847183,0.016932280942290327,0.46075083674624373
7386,7385.999999999999,-1.9222294223788219,0.017262283,0.016938915669831293,0.46093137687999786
7387,7386.999999999999,-1.9226073676053865,0.016280958,0.01694525442374102,0.4611038631609537
7388,7387.999999999999,-1.9229853128319512,0.014787163,0.016951125447756163,0.4612636218630892
7389,7388.999999999999,-1.9233632580585158,0.012854276,0.016956348922718877,0.4614057598578459
7390,7389.999999999999,-1.9237412032850805,0.010513688,0.016960764827943044,0.46152592276052634
7391,7390.999999999999,-1.924119148511645,0.007947843,0.016964253551701305,0.46162085577021794
7392,7391.999999999999,-1.9244970937382095,0.005046821,0.01696670918731611,0.4616876770194118
7393,7392.999999999999,-1.9248750389647742,0.002200702,0.016968078770677245,0.46172494528124775
7394,7393.999999999999,-1.9252529841913388,-0.000457093,0.01696840826502652,0.4617339112792517
7395,7394.999999999999,-1.9256309294179033,-0.002937145,0.016967766847001558,0.46171645740562933
7396,7395.999999999999,-1.926008874644468,-0.005169414,0.0169662349293626,0.46167477180305866
7397,7396.999999999999,-1.9263868198710326,-0.006923942,0.01696394961627593,0.4616125852659642
7398,7397.999999999999,-1.9267647650975972,-0.008182821,0.016961094851793583,0.46153490316699375
7399,7398.999999999999,-1.9271427103241616,-0.009162033,0.016957817149406203,0.46144571234133136
7400,7399.999999999999,-1.9275206555507263,-0.009597481,0.016954272115021717,0.4613492470414398
7401,7400.999999999999,-1.927898600777291,-0.009803171,0.0169506059231139,0.46124948487738426
7402,7401.999999999999,-1.9282765460038556,-0.009563733,0.01694694610865383,0.4611498962525227
7403,7402.999999999999,-1.9286544912304202,-0.008974639,0.01694344286405099,0.4610545681105206
7404,7403.999999999999,-1.9290324364569846,-0.008063584,0.016940223106524994,0.4609669540448623
7405,7404.999999999999,-1.9294103816835493,-0.00676026,0.016937421805985425,0.46089072677388904
7406,7405.999999999999,-1.929788326910114,-0.00532749,0.016935137552279222,0.46082856906400566
7407,7406.999999999999,-1.9301662721366786,-0.003496568,0.016933470046979208,0.46078319393321976
7408,7407.999999999999,-1.930544217363243,-0.001616135,0.01693250388613236,0.46075690335724045
7409,7408.999999999999,-1.9309221625898076,0.000286482,0.01693225261813019,0.4607500660065822
7410,7409.999999999999,-1.9313001078163723,0.002224651,0.0169327271534955,0.4607629787716949
7411,7410.999999999999,-1.931678053042937,0.003888649,0.01693388239977228,0.4607944146243416
7412,7411.999999999999,-1.9320559982695014,0.005261109,0.01693561145345244,0.46084146457187253
7413,7412.999999999999,-1.932433943496066,0.00632771,0.016937801422863726,0.46090105667538994
7414,7413.999999999999,-1.9328118887226307,0.007036486,0.016940326889906262,0.46096977813453593
7415,7414.999999999999,-1.9331898339491953,0.00746521,0.01694306731329641,0.46104434885388274
7416,7415.999999999999,-1.93356777917576,0.00731708,0.016945860761268007,0.46112036244559595
7417,7416.999999999999,-1.9339457244023244,0.007028641,0.016948571709654796,0.4611941311092418
7418,7417.999999999999,-1.934323669628889,0.006629598,0.01695115274277146,0.46126436459829306
7419,7418.999999999999,-1.9347016148554537,0.006084857,0.01695355542655927,0.4613297449548701
7420,7419.999999999999,-1.9350795600820183,0.005479841,0.016955740837762148,0.46138921302321795
7421,7420.999999999999,-1.9354575053085827,0.004986517,0.016957718692784958,0.4614430332001822
7422,7421.999999999999,-1.9358354505351474,0.004506051,0.016959512528166677,0.46149184594761583
7423,7422.999999999999,-1.936213395761712,0.004169643,0.016961151996733894,0.4615364581600366
7424,7423.999999999999,-1.9365913409882767,0.003904751,0.016962677836068744,0.4615779783635265
7425,7424.999999999999,-1.936969286214841,0.003768389,0.016964127849386626,0.4616174352359812
7426,7425.999999999999,-1.9373472314414057,0.003643572,0.01696552850702634,0.4616555490720139
7427,7426.999999999999,-1.9377251766679704,0.003575121,0.016966892642307035,0.4616926690840286
7428,7427.999999999999,-1.938103121894535,0.003356865,0.01696820259781669,0.46172831478936693
7429,7428.999999999999,-1.9384810671210997,0.003147707,0.016969431783785814,0.4617617626435409
7430,7429.999999999999,-1.9388590123476641,0.002885103,0.01697057181965695,0.46179278459996465
7431,7430.999999999999,-1.9392369575742288,0.002379264,0.016971566640846217,0.46181985506359147
7432,7431.999999999999,-1.9396149028007934,0.001991198,0.016972392538471607,0.46184232888287563
7433,7432.999999999999,-1.939992848027358,0.001568487,0.016973065221448518,0.46186063351918144
7434,7433.999999999999,-1.9403707932539225,0.001185509,0.016973585651269607,0.46187479513605706
7435,7434.999999999999,-1.9407487384804871,0.001073152,0.016974012476341296,0.46188640963794225
7436,7435.999999999999,-1.9411266837070518,0.001204216,0.016974442836523662,0.4618981203350895
7437,7436.999999999999,-1.9415046289336164,0.001672916,0.01697498653567646,0.46191291514273786
7438,7437.999999999999,-1.9418825741601808,0.002345699,0.016975745943854783,0.4619335796919966
7439,7438.999999999999,-1.9422605193867455,0.003277565,0.01697680858674804,0.4619624956782065
7440,7439.999999999999,-1.9426384646133101,0.004467445,0.016978272181527636,0.4620023221210618
7441,7440.999999999999,-1.9430164098398748,0.005808004,0.016980213959977813,0.4620551606044737
7442,7441.999999999999,-1.9433943550664392,0.007368819,0.01698270401865488,0.46212291855291054
7443,7442.999999999999,-1.9437723002930039,0.00903966,0.0169858047718115,0.4622072943447088
7444,7443.999999999999,-1.9441502455195685,0.010504723,0.016989498124942,0.4623077956032856
7445,7444.999999999999,-1.9445281907461331,0.01192153,0.01699373607257754,0.46242311603328656
7446,7445.999999999999,-1.9449061359726978,0.012851508,0.01699841749830734,0.4625505041170021
7447,7446.999999999999,-1.9452840811992622,0.013476438,0.017003392759065317,0.46268588785916187
7448,7447.999999999999,-1.9456620264258269,0.013690496,0.017008526565578164,0.4628255858510951
7449,7448.999999999999,-1.9460399716523915,0.013608075,0.017013685247878906,0.46296596074770097
7450,7449.999999999999,-1.9464179168789562,0.013070352,0.017018726739947358,0.46310314673563174
7451,7450.999999999999,-1.9467958621055206,0.012412081,0.01702354222190416,0.46323418267511884
7452,7451.999999999999,-1.9471738073320852,0.011741948,0.017028106671885587,0.46335838768656396
7453,7452.999999999999,-1.9475517525586499,0.011125441,0.01703242798214386,0.4634759765290905
7454,7453.999999999999,-1.9479296977852145,0.010489269,0.017036512570377898,0.46358712383718276
7455,7454.999999999999,-1.948307643011779,0.009992839,0.017040383127852186,0.46369244707160295
7456,7455.999999999999,-1.9486855882383436,0.009794023,0.017044122302872982,0.46379419520733517
7457,7456.999999999999,-1.9490635334649082,0.009719365,0.017047809798797334,0.4638945370832132
7458,7457.999999999999,-1.9494414786914729,0.009747382,0.01705148848085003,0.4639946391214253
7459,7458.999999999999,-1.9498194239180373,0.009839834,0.017055189928244476,0.46409536063614476
7460,7459.999999999999,-1.950197369144602,0.009777754,0.017058897115115133,0.46419623832996826
7461,7460.999999999999,-1.9505753143711666,0.009712172,0.01706258017736403,0.46429645955939103
7462,7461.999999999999,-1.9509532595977312,0.009474583,0.01706620594859679,0.46439512182084525
7463,7462.999999999999,-1.951331204824296,0.009076613,0.01706971161658442,0.46449051590650686
7464,7463.999999999999,-1.9517091500508603,0.00851726,0.017073036376742987,0.4645809872393569
7465,7464.999999999999,-1.952087095277425,0.007825696,0.017076124747847064,0.46466502609834087
7466,7465.999999999999,-1.9524650405039896,0.007027087,0.017078931517065087,0.4647414021796359
7467,7466.999999999999,-1.9528429857305543,0.006195023,0.017081430133744892,0.4648093930031907
7468,7467.999999999999,-1.9532209309571187,0.005390469,0.017083619474444294,0.4648689679985862
7469,7468.999999999999,-1.9535988761836833,0.004497522,0.017085488033943677,0.4649198140928475
7470,7469.999999999999,-1.953976821410248,0.003819135,0.01708705965435074,0.46496258006277613
7471,7470.999999999999,-1.9543547666368126,0.003047698,0.017088357297727723,0.4649978907379168
7472,7471.999999999999,-1.954732711863377,0.002589995,0.017089422667306817,0.4650268809210283
7473,7472.999999999999,-1.9551106570899417,0.002123651,0.017090313417309527,0.4650511194634006
7474,7473.999999999999,-1.9554886023165063,0.001928499,0.017091079162684437,0.4650719564565634
7475,7474.999999999999,-1.955866547543071,0.001771408,0.01709177834377913,0.4650909821433869
7476,7475.999999999999,-1.9562444927696356,0.001917914,0.017092475524598708,0.46510995339995176
7477,7476.999999999999,-1.9566224379962,0.002162155,0.01709324654590001,0.46513093395838534
7478,7477.999999999999,-1.9570003832227647,0.002778573,0.017094180208181684,0.46515634020335533
7479,7478.999999999999,-1.9573783284493294,0.003627898,0.01709539085574847,0.4651892836019029
7480,7479.999999999999,-1.957756273675894,0.004689066,0.017096962534170125,0.46523205115048905
7481,7480.999999999999,-1.9581342189024584,0.006229417,0.017099025828435713,0.4652881962476891
7482,7481.999999999999,-1.958512164129023,0.008136075,0.01710174051300004,0.465362066577905
7483,7482.999999999999,-1.9588901093555877,0.010233747,0.01710521190626891,0.46545652800095594
7484,7483.999999999999,-1.9592680545821524,0.012637403,0.01710953392725318,0.4655741361833222
7485,7484.999999999999,-1.9596459998087168,0.015377198,0.01711482791961421,0.4657181930542415
7486,7485.999999999999,-1.9600239450352814,0.018038434,0.01712114255891773,0.4658900231433337
7487,7486.999999999999,-1.960401890261846,0.020737166,0.01712847008538132,0.46608941529616216
7488,7487.999999999999,-1.9607798354884107,0.023356371,0.01713680255629707,0.4663161533806341
7489,7488.999999999999,-1.9611577807149754,0.025775011,0.017146087041947783,0.4665687971057709
7490,7489.999999999999,-1.9615357259415398,0.027684102,0.017156189350235145,0.46684369491855443
7491,7490.999999999999,-1.9619136711681044,0.028957142,0.017166892994133386,0.46713495590690896
7492,7491.999999999999,-1.962291616394669,0.029608245,0.017177960248362666,0.4674361112364244
7493,7492.999999999999,-1.9626695616212337,0.029545881,0.01718913875813932,0.4677402939836115
7494,7493.999999999999,-1.9630475068477982,0.028625987,0.01720013164805479,0.46803942575706103
7495,7494.999999999999,-1.9634254520743628,0.026977038,0.017210639096995443,0.4683253480086451
7496,7495.999999999999,-1.9638033973009275,0.024654204,0.017220395987723194,0.46859084653079786
7497,7496.999999999999,-1.964181342527492,0.021719105,0.017229159273111472,0.4688293076742821
7498,7497.999999999999,-1.9645592877540565,0.018525793,0.01723676445665781,0.46903625526123316
7499,7498.999999999999,-1.9649372329806212,0.015181815,0.017243134271429067,0.4692095867512892
7500,7499.999999999999,-1.9653151782071858,0.011918586,0.017248255505027035,0.46934894261677945
7501,7500.999999999999,-1.9656931234337505,0.009034787,0.017252215118679925,0.4694566891932731
7502,7501.999999999999,-1.9660710686603151,0.006456554,0.01725514255787194,0.4695363488718387
7503,7502.999999999999,-1.9664490138868795,0.00428089,0.017257171640724593,0.46959156302906735
7504,7503.999999999999,-1.9668269591134442,0.002667437,0.017258484684235725,0.4696272927632065
7505,7504.999999999999,-1.9672049043400088,0.001667712,0.017259303908671222,0.469649584995743
7506,7505.999999999999,-1.9675828495665735,0.001050887,0.01725981764942872,0.46966356459392555
7507,7506.999999999999,-1.967960794793138,0.001157704,0.01726023501264166,0.46967492162551777
7508,7507.999999999999,-1.9683387400197025,0.001882515,0.01726080953077104,0.46969055506024165
7509,7508.999999999999,-1.9687166852462672,0.002963048,0.017261725209473975,0.46971547194710445
7510,7509.999999999999,-1.9690946304728318,0.004362198,0.01726310948035353,0.46975313987667705
7511,7510.999999999999,-1.9694725756993963,0.006032191,0.017265073735206332,0.46980658997416225
7512,7511.999999999999,-1.969850520925961,0.007731091,0.017267674618573214,0.4698773636160392
7513,7512.999999999999,-1.9702284661525256,0.00963287,0.017270955931660316,0.46996665269384635
7514,7513.999999999999,-1.9706064113790902,0.011499878,0.017274949442275714,0.47007532165367943
7515,7514.999999999999,-1.9709843566056546,0.013490987,0.01727967203134295,0.470203829848869
7516,7515.999999999999,-1.9713623018322193,0.015320173,0.01728511655153984,0.47035198279087076
7517,7516.999999999999,-1.971740247058784,0.017083266,0.017291239914087004,0.4705186079742658
7518,7517.999999999999,-1.9721181922853486,0.018785463,0.017298018121541248,0.47070305239535865
7519,7518.999999999999,-1.9724961375119132,0.020434985,0.01730542971209391,0.47090473204858424
7520,7519.999999999999,-1.9728740827384776,0.021838916,0.017313418321639514,0.4711221131884981
7521,7520.999999999999,-1.9732520279650423,0.023048314,0.01732190077879562,0.4713529326064879
7522,7521.999999999999,-1.973629973191607,0.023905915,0.017330773842154406,0.471594380960729
7523,7522.999999999999,-1.9740079184181716,0.024548372,0.017339930375393525,0.4718435429233729
7524,7523.999999999999,-1.974385863644736,0.024440988,0.01734918802277575,0.4720954563420198
7525,7524.999999999999,-1.9747638088713007,0.023915099,0.01735832599890425,0.47234411333995896
7526,7525.999999999999,-1.9751417540978653,0.022469665,0.01736709144897381,0.47258263338742174
7527,7526.999999999999,-1.97551969932443,0.020217827,0.017375158215891518,0.4728021412977758
7528,7527.999999999999,-1.9758976445509944,0.01721651,0.0173822322803809,0.4729946363989254
7529,7528.999999999999,-1.976275589777559,0.01364838,0.01738806489930287,0.47315335004523684
7530,7529.999999999999,-1.9766535350041237,0.009435486,0.017392427117785547,0.4732720520572583
7531,7530.999999999999,-1.9770314802306883,0.005185117,0.01739519001134222,0.4733472342209855
7532,7531.999999999999,-1.9774094254572527,0.000865898,0.01739633348745978,0.4733783497912835
7533,7532.999999999999,-1.9777873706838174,-0.003323074,0.017395869148489767,0.47336571448422143
7534,7533.999999999999,-1.978165315910382,-0.007021391,0.01739391432790571,0.47331252110626704
7535,7534.999999999999,-1.9785432611369467,-0.010218549,0.017390656451391078,0.4732238697700856
7536,7535.999999999999,-1.9789212063635113,-0.013071495,0.017386255270912938,0.4731041075481567
7537,7536.999999999999,-1.9792991515900757,-0.015165997,0.01738091915825716,0.47295890452562817
7538,7537.999999999999,-1.9796770968166404,-0.016944216,0.0173748512073935,0.47279378717095544
7539,7538.999999999999,-1.980055042043205,-0.017949842,0.017368257186065213,0.47261435470967716
7540,7539.999999999999,-1.9804329872697697,-0.018621644,0.017361346176784177,0.4724262965667813
7541,7540.999999999999,-1.980810932496334,-0.018845589,0.01735426589585171,0.4722336323075978
7542,7541.999999999999,-1.9811888777228988,-0.018583719,0.0173471927817056,0.4720411630666061
7543,7542.999999999999,-1.9815668229494634,-0.017963618,0.0173402863359242,0.4718532291028614
7544,7543.999999999999,-1.981944768176028,-0.017096017,0.017333661025077527,0.47167294521041286
7545,7544.999999999999,-1.9823227134025925,-0.015826956,0.017327439484832695,0.47150364847576576
7546,7545.999999999999,-1.9827006586291571,-0.014333843,0.01732173991982698,0.47134855541096116
7547,7546.999999999999,-1.9830786038557218,-0.012637024,0.0173166431646075,0.47120986563608264
7548,7547.999999999999,-1.9834565490822864,-0.010692871,0.017312234453381748,0.47108989849207167
7549,7548.999999999999,-1.983834494308851,-0.00852262,0.017308603251831974,0.4709910884641637
7550,7549.999999999999,-1.9842124395354155,-0.006180501,0.017305824764633198,0.4709154819758183
7551,7550.999999999999,-1.9845903847619801,-0.003921467,0.017303915769340945,0.47086353556757904
7552,7551.999999999999,-1.9849683299885448,-0.001628576,0.017302866963211407,0.470834996098891
7553,7552.999999999999,-1.9853462752151094,0.000594186,0.017302671491829954,0.47082967705163026
7554,7553.999999999999,-1.9857242204416738,0.002728368,0.017303299363542104,0.4708467623113025
7555,7554.999999999999,-1.9861021656682385,0.00469034,0.01730470129618004,0.4708849108418043
7556,7555.999999999999,-1.9864801108948031,0.00636998,0.01730679139375418,0.47094178529418596
7557,7556.999999999999,-1.9868580561213678,0.007991545,0.01730950532866415,0.4710156352252676
7558,7557.999999999999,-1.9872360013479322,0.009253319,0.017312764135679927,0.47110431188167506
7559,7558.999999999999,-1.9876139465744969,0.010199488,0.017316440183454393,0.4712043422375248
7560,7559.999999999999,-1.9879918918010615,0.010904554,0.017320428269421952,0.4713128635851702
7561,7560.999999999999,-1.9883698370276262,0.011186083,0.017324602794824912,0.47142645820830387
7562,7561.999999999999,-1.9887477822541908,0.01142107,0.017328874927606194,0.47154270886350946
7563,7562.999999999999,-1.9891257274807552,0.011306355,0.01733316978850162,0.4716595779822077
7564,7563.999999999999,-1.9895036727073199,0.011167134,0.017337416662447522,0.47177514130948767
7565,7564.999999999999,-1.9898816179338845,0.010968107,0.017341599616784924,0.47188896529561203
7566,7565.999999999999,-1.9902595631604492,0.010881241,0.017345728545175,0.47200131916081645
7567,7566.999999999999,-1.9906375083870136,0.010801273,0.01734982594650811,0.47211281513109654
7568,7567.999999999999,-1.9910154536135782,0.010770138,0.017353902352416968,0.47222373978677784
7569,7568.999999999999,-1.9913933988401429,0.010774076,0.01735797361883766,0.47233452458986164
7570,7569.999999999999,-1.9917713440667075,0.010997892,0.01736208792452692,0.4724464805511061
7571,7570.999999999999,-1.992149289293272,0.011209868,0.017366284582969266,0.4725606774449233
7572,7571.999999999999,-1.9925272345198366,0.011624998,0.01737059974727124,0.47267809904745917
7573,7572.999999999999,-1.9929051797464012,0.011910076,0.01737504723170881,0.47279912126431295
7574,7573.999999999999,-1.993283124972966,0.012220185,0.017379607190189165,0.4729232040557876
7575,7574.999999999999,-1.9936610701995305,0.012402113,0.01738426013018724,0.47304981700325466
7576,7575.999999999999,-1.994039015426095,0.012431585,0.017388953018995765,0.47317751701323285
7577,7576.999999999999,-1.9944169606526596,0.012018183,0.01739357335554887,0.47330324277576585
7578,7577.999999999999,-1.9947949058792243,0.01140239,0.017397999202433248,0.47342367620480225
7579,7578.999999999999,-1.995172851105789,0.010355749,0.017402110894820237,0.4735355610544693
7580,7579.999999999999,-1.9955507963323533,0.008982761,0.017405765343591922,0.4736350036715118
7581,7580.999999999999,-1.995928741558918,0.007300595,0.01740884245192825,0.47371873605497233
7582,7581.999999999999,-1.9963066867854826,0.005435091,0.01741124914779361,0.47378422558574135
7583,7582.999999999999,-1.9966846320120473,0.003272661,0.017412894674444866,0.4738290026470267
7584,7583.999999999999,-1.9970625772386117,0.001053791,0.017413712255385547,0.47385125015779095
7585,7584.999999999999,-1.9974405224651763,-0.001174718,0.01741368940349434,0.4738506283261529
7586,7585.999999999999,-1.997818467691741,-0.003222969,0.017412858361089554,0.47382801451028944
7587,7586.999999999999,-1.9981964129183056,-0.005214315,0.01741126394548307,0.47378462825138473
7588,7587.999999999999,-1.9985743581448703,-0.006988453,0.01740895795652483,0.4737218790951631
7589,7588.999999999999,-1.9989523033714347,-0.008586969,0.017406014628326517,0.4736417870547101
7590,7589.999999999999,-1.9993302485979993,-0.009859195,0.0174025288085104,0.47354693306530987
7591,7590.999999999999,-1.999708193824564,-0.010699362,0.0173986438042688,0.4734412167143243
7592,7591.999999999999,-2.0000861390511284,-0.011280268,0.017394490256148722,0.4733281929121376
7593,7592.999999999999,-2.0004640842776933,-0.011574362,0.017390171356992022,0.47321066967902714
7594,7593.999999999999,-2.0008420295042577,-0.011462834,0.017385817957861205,0.47309220765379556
7595,7594.999999999999,-2.001219974730822,-0.010905815,0.01738159089580408,0.47297718343547335
7596,7595.999999999999,-2.001597919957387,-0.009950209,0.01737764967844612,0.47286993744766653
7597,7596.999999999999,-2.0019758651839514,-0.008722362,0.017374121073907553,0.47277391922665823
7598,7597.999999999999,-2.0023538104105163,-0.006962172,0.01737115712652946,0.4726932661097401
7599,7598.999999999999,-2.0027317556370807,-0.004854674,0.017368924066260085,0.4726325014442396
7600,7599.999999999999,-2.003109700863645,-0.002532619,0.017367528070196793,0.4725945144561635
7601,7600.999999999999,-2.00348764609021,0.000126435,0.017367073367318273,0.47258214136050897
7602,7601.999999999999,-2.0038655913167744,0.002849436,0.017367635725437935,0.47259744390451164
7603,7602.999999999999,-2.0042435365433393,0.005772901,0.017369265110993425,0.4726417817442057
7604,7603.999999999999,-2.0046214817699037,0.008719328,0.01737200374537984,0.472716303782281
7605,7604.999999999999,-2.004999426996468,0.011529666,0.017375830250692358,0.4728204282963122
7606,7605.999999999999,-2.005377372223033,0.014138244,0.017380680782722552,0.47295241799688437
7607,7606.999999999999,-2.0057553174495975,0.016496276,0.017386469868023603,0.4731099470330222
7608,7607.999999999999,-2.006133262676162,0.018749959,0.017393130441159914,0.47329119046125406
7609,7608.999999999999,-2.0065112079027267,0.020644554,0.01740057492523051,0.47349376519270114
7610,7609.999999999999,-2.006889153129291,0.022353016,0.017408700288398197,0.473714867588246
7611,7610.999999999999,-2.007267098355856,0.023851141,0.017417431608690994,0.47395245891717075
7612,7611.999999999999,-2.0076450435824205,0.025157518,0.017426692903055686,0.4742044715752662
7613,7612.999999999999,-2.008022988808985,0.026036663,0.017436367201224105,0.47446772263938586
7614,7613.999999999999,-2.0084009340355498,0.026726561,0.017446338005548585,0.4747390420470424
7615,7614.999999999999,-2.008778879262114,0.027124863,0.017456514449870838,0.47501595720410605
7616,7615.999999999999,-2.009156824488679,0.027331885,0.017466805283851253,0.4752959850623405
7617,7616.999999999999,-2.0095347697152435,0.027172103,0.017477105044897922,0.4755762558384228
7618,7617.999999999999,-2.009912714941808,0.026758951,0.01748729653710937,0.4758535804694115
7619,7618.999999999999,-2.0102906601683728,0.026223719,0.017497308810717944,0.4761260283137749
7620,7619.999999999999,-2.010668605394937,0.025330227,0.01750705109461858,0.47639112936391315
7621,7620.999999999999,-2.0110465506215016,0.02424358,0.01751641918647772,0.47664604812988015
7622,7621.999999999999,-2.0114244958480665,0.022837126,0.017525316150525716,0.4768881468550068
7623,7622.999999999999,-2.011802441074631,0.021412768,0.017533678168632362,0.4771156889595027
7624,7623.999999999999,-2.012180386301196,0.019550825,0.017541419165851006,0.47732633222474835
7625,7624.999999999999,-2.01255833152776,0.017740003,0.017548466111069628,0.4775180893729466
7626,7625.999999999999,-2.0129362767543246,0.015596476,0.017554765792623887,0.47768951244094626
7627,7626.999999999999,-2.0133142219808895,0.013229563,0.017560213124544293,0.47783774189384254
7628,7627.999999999999,-2.013692167207454,0.010835069,0.01756476068094101,0.47796148720742904
7629,7628.999999999999,-2.014070112434019,0.008263714,0.017568369827875033,0.4780596970986692
7630,7629.999999999999,-2.014448057660583,0.005570303,0.017570984078219713,0.478130834474542
7631,7630.999999999999,-2.0148260028871476,0.003054727,0.017572613972678452,0.47817518616219895
7632,7631.999999999999,-2.0152039481137125,0.000689352,0.017573321501071416,0.4781944389905799
7633,7632.999999999999,-2.015581893340277,-0.00149994,0.01757316832213876,0.4781902707794787
7634,7633.999999999999,-2.0159598385668414,-0.003546626,0.017572214659373638,0.4781643202936285
7635,7634.999999999999,-2.0163377837934062,-0.005143979,0.017570572373035782,0.4781196314057626
7636,7635.999999999999,-2.0167157290199706,-0.006378976,0.017568394850116697,0.4780603779885519
7637,7636.999999999999,-2.0170936742465355,-0.007021926,0.017565862446645417,0.4779914677795642
7638,7637.999999999999,-2.0174716194731,-0.007263129,0.017563162962471186,0.4779180110730343
7639,7638.999999999999,-2.0178495646996644,-0.0069936,0.017560468831135198,0.4778447000246533
7640,7639.999999999999,-2.0182275099262292,-0.006101373,0.017557994239866526,0.4777773629658405
7641,7640.999999999999,-2.0186054551527937,-0.004726464,0.017555948075212442,0.47772168398911535
7642,7641.999999999999,-2.0189834003793585,-0.002790234,0.017554527625148128,0.4776830315737721
7643,7642.999999999999,-2.019361345605923,-0.000521205,0.01755390185386657,0.47766600346972804
7644,7643.999999999999,-2.0197392908324874,0.001900725,0.017554162545366046,0.4776730972468113
7645,7644.999999999999,-2.0201172360590522,0.004582298,0.017555387659164326,0.4777064342915716
7646,7645.999999999999,-2.0204951812856167,0.007260198,0.01755762556658123,0.4777673308546757
7647,7646.999999999999,-2.020873126512181,0.009901742,0.017560868703232025,0.47785558109872905
7648,7647.999999999999,-2.021251071738746,0.01215715,0.017565037229699376,0.4779690124825087
7649,7648.999999999999,-2.0216290169653104,0.014027642,0.01756998543827187,0.47810366009720057
7650,7649.999999999999,-2.0220069621918753,0.01531797,0.017575530955259877,0.4782545613018949
7651,7650.999999999999,-2.0223849074184397,0.016295081,0.017581504956121173,0.4784171221467655
7652,7651.999999999999,-2.022762852645004,0.016598304,0.017587720905044325,0.4785862667337988
7653,7652.999999999999,-2.023140797871569,0.016392954,0.017593955349284054,0.4787559146040351
7654,7653.999999999999,-2.0235187430981334,0.015718904,0.017600023611007664,0.478921040417638
7655,7654.999999999999,-2.0238966883246983,0.014748353,0.017605781088182497,0.4790777093528448
7656,7655.999999999999,-2.0242746335512627,0.013382183,0.01761109698908345,0.4792223623855061
7657,7656.999999999999,-2.024652578777827,0.011679191,0.017615832902420674,0.4793512331525528
7658,7657.999999999999,-2.025030524004392,0.009838496,0.017619899155964854,0.4794618815483176
7659,7658.999999999999,-2.0254084692309564,0.008055746,0.017623280677638298,0.47955389744067284
7660,7659.999999999999,-2.025786414457521,0.006239016,0.017625981996169687,0.4796274040626039
7661,7660.999999999999,-2.0261643596840857,0.004408963,0.017627994172587494,0.4796821581723039
7662,7661.999999999999,-2.02654230491065,0.00278361,0.01762935337190353,0.47971914386987785
7663,7662.999999999999,-2.026920250137215,0.00136205,0.017630136788107507,0.47974046171079565
7664,7663.999999999999,-2.0272981953637794,0.000156121,0.017630423680848786,0.47974826845998975
7665,7664.999999999999,-2.027676140590344,-0.000923857,0.017630278599770555,0.47974432060273303
7666,7665.999999999999,-2.0280540858169087,-0.001903878,0.017629744235297937,0.47972977980467246
7667,7666.999999999999,-2.028432031043473,-0.002561222,0.01762890045368237,0.47970681933722403
7668,7667.999999999999,-2.028809976270038,-0.003011519,0.017627847358252454,0.4796781631507267
7669,7668.999999999999,-2.0291879214966024,-0.003188311,0.01762667576017545,0.4796462823429283
7670,7669.999999999999,-2.029565866723167,-0.00301223,0.017625504027738916,0.4796143978790208
7671,7670.999999999999,-2.0299438119497317,-0.002635741,0.017624436715899302,0.47958535484430814
7672,7671.999999999999,-2.030321757176296,-0.001923594,0.017623575126449523,0.47956190980100477
7673,7672.999999999999,-2.0306997024028606,-0.00081575,0.017623057465455165,0.4795478235277428
7674,7673.999999999999,-2.0310776476294254,0.000712892,0.01762303802811011,0.4795472946106389
7675,7674.999999999999,-2.03145559285599,0.002590388,0.01762366225756411,0.47956428075941787
7676,7675.999999999999,-2.0318335380825547,0.004856113,0.01762506944231789,0.4796025722072724
7677,7676.999999999999,-2.032211483309119,0.007369186,0.017627379689018077,0.4796654372225547
7678,7677.999999999999,-2.0325894285356836,0.009942796,0.017630651179497712,0.47975445901359615
7679,7678.999999999999,-2.0329673737622485,0.012549425,0.017634901593278605,0.47987011866469326
7680,7679.999999999999,-2.033345318988813,0.014809254,0.017640071634345188,0.4800108026490637
7681,7680.999999999999,-2.0337232642153777,0.016674633,0.01764602122674786,0.48017269930593903
7682,7681.999999999999,-2.034101209441942,0.017910087,0.0176525567916659,0.4803505410872595
7683,7682.999999999999,-2.0344791546685066,0.018475391,0.017659432650529085,0.48053764273855853
7684,7683.999999999999,-2.0348570998950715,0.018211045,0.01766636538221202,0.48072629197812267
7685,7684.999999999999,-2.035235045121636,0.017227153,0.017673062231098095,0.4809085225197927
7686,7685.999999999999,-2.0356129903482003,0.015456872,0.01767923861671493,0.48107659053441654
7687,7686.999999999999,-2.035990935574765,0.01342103,0.01768469574932198,0.48122508667758257
7688,7687.999999999999,-2.0363688808013296,0.010980761,0.017689307019536017,0.4813505657324613
7689,7688.999999999999,-2.0367468260278945,0.008530201,0.017692994057012808,0.4814508951333457
7690,7689.999999999999,-2.037124771254459,0.006182729,0.017695774397843946,0.48152655206159733
7691,7690.999999999999,-2.0375027164810233,0.004121803,0.017697721672184637,0.4815795400958088
7692,7691.999999999999,-2.037880661707588,0.002349692,0.01769894460750663,0.48161281786120935
7693,7692.999999999999,-2.0382586069341526,0.00094795,0.017699567771533038,0.48162977501822657
7694,7693.999999999999,-2.0386365521607175,-0.000223328,0.01769970470524602,0.48163350117438064
7695,7694.999999999999,-2.039014497387282,-0.000916223,0.017699489361315584,0.4816276413675138
7696,7695.999999999999,-2.0393924426138463,-0.001213495,0.01769908690293957,0.48161668991719614
7697,7696.999999999999,-2.039770387840411,-0.001324643,0.017698607264368837,0.4816036382867895
7698,7697.999999999999,-2.0401483330669756,-0.001110248,0.01769814713665351,0.4815911175738052
7699,7698.999999999999,-2.04052627829354,-0.000600383,0.01769782387424308,0.48158232115549615
7700,7699.999999999999,-2.040904223520105,-5.9618e-05,0.01769769915212934,0.48157892729388585
7701,7700.999999999999,-2.0412821687466693,0.000528518,0.01769778776138771,0.48158133847464024
7702,7701.999999999999,-2.041660113973234,0.001237406,0.01769812147266085,0.4815904192209883
7703,7702.999999999999,-2.0420380591997986,0.002049567,0.017698742620538447,0.4816073215158015
7704,7703.999999999999,-2.042416004426363,0.002784362,0.017699656100734,0.4816321785782307
7705,7704.999999999999,-2.042793949652928,0.003533891,0.017700850077514787,0.4816646683415815
7706,7705.999999999999,-2.0431718948794924,0.004417147,0.017702352605943952,0.4817055542230131
7707,7706.999999999999,-2.0435498401060572,0.005228576,0.01770417538342626,0.4817551545251246
7708,7707.999999999999,-2.0439277853326216,0.006077461,0.017706311914784015,0.48181329250512717
7709,7708.999999999999,-2.044305730559186,0.006933509,0.017708770631786254,0.48188019760314466
7710,7709.999999999999,-2.044683675785751,0.007803097,0.017711555446732984,0.48195597627828374
7711,7710.999999999999,-2.0450616210123154,0.008648665,0.01771466437919122,0.48204057464021755
7712,7711.999999999999,-2.04543956623888,0.009350755,0.01771806577662619,0.4821331313795965
7713,7712.999999999999,-2.0458175114654447,0.010071195,0.017721735993272727,0.48223300306237193
7714,7713.999999999999,-2.046195456692009,0.010401458,0.017725604764010958,0.48233827767722715
7715,7714.999999999999,-2.046573401918574,0.01069456,0.017729591333662267,0.48244675776380547
7716,7715.999999999999,-2.0469513471451384,0.010596791,0.017733614815901046,0.4825562422930587
7717,7716.999999999999,-2.047329292371703,0.010200721,0.017737544976093457,0.48266318740006303
7718,7717.999999999999,-2.0477072375982677,0.009699266,0.01774130552864113,0.4827655172479361
7719,7718.999999999999,-2.048085182824832,0.009082945,0.017744854852137018,0.48286209926049467
7720,7719.999999999999,-2.0484631280513965,0.008371168,0.017748153201483152,0.4829518519185265
7721,7720.999999999999,-2.0488410732779614,0.007600644,0.017751171436535648,0.4830339822783212
7722,7721.999999999999,-2.049219018504526,0.006721829,0.017753877991687123,0.483107631395944
7723,7722.999999999999,-2.0495969637310907,0.006140854,0.017756308686507453,0.48317377397154615
7724,7723.999999999999,-2.049974908957655,0.005553737,0.01775851864392999,0.48323390997655796
7725,7724.999999999999,-2.0503528541842195,0.00513644,0.01776053879461413,0.4832888810770992
7726,7725.999999999999,-2.0507307994107844,0.005023503,0.01776245874559364,0.48334112560477605
7727,7726.999999999999,-2.051108744637349,0.005157093,0.017764382599424533,0.4833934763344493
7728,7727.999999999999,-2.0514866898639137,0.005493323,0.017766395236368596,0.4834482429757071
7729,7728.999999999999,-2.051864635090478,0.006072972,0.01776858094936074,0.48350771925615915
7730,7729.999999999999,-2.0522425803170425,0.006940234,0.01777104008890574,0.483574635852151
7731,7730.999999999999,-2.0526205255436074,0.007940959,0.017773852226835706,0.4836511580235403
7732,7731.999999999999,-2.052998470770172,0.009113724,0.01777707509485092,0.48373885672992206
7733,7732.999999999999,-2.0533764159967363,0.010384432,0.017780759712344423,0.48383912027970655
7734,7733.999999999999,-2.053754361223301,0.01185489,0.01778496233514039,0.4839534794718538
7735,7734.999999999999,-2.0541323064498656,0.013405748,0.01778973590391643,0.4840833748955904
7736,7735.999999999999,-2.0545102516764304,0.01495882,0.017795096030456013,0.4842292313691864
7737,7736.999999999999,-2.054888196902995,0.016596938,0.017801059204509376,0.4843914976016045
7738,7737.999999999999,-2.0552661421295593,0.018014619,0.017807599840885435,0.484569477384328
7739,7738.999999999999,-2.055644087356124,0.019389194,0.017814668137174767,0.4847618155247581
7740,7739.999999999999,-2.0560220325826886,0.020610604,0.01782222700353359,0.4849675027568298
7741,7740.999999999999,-2.0563999778092534,0.021532046,0.01783019081023473,0.4851842089769629
7742,7741.999999999999,-2.056777923035818,0.022053648,0.017838427312731633,0.48540833562772223
7743,7742.999999999999,-2.0571558682623823,0.022229162,0.017846795551060817,0.48563604699309615
7744,7743.999999999999,-2.057533813488947,0.022011631,0.01785515584932771,0.4858635422983682
7745,7744.999999999999,-2.0579117587155116,0.021421208,0.01786336346641581,0.48608688293711166
7746,7745.999999999999,-2.058289703942076,0.020482542,0.01787128212755964,0.4863023606840475
7747,7746.999999999999,-2.058667649168641,0.019328756,0.01787880537258086,0.48650707861014314
7748,7747.999999999999,-2.0590455943952053,0.017826631,0.017885826723159765,0.4866981392927142
7749,7748.999999999999,-2.05942353962177,0.016351083,0.01789228537509036,0.486873888165026
7750,7749.999999999999,-2.0598014848483346,0.014799083,0.017898171903363555,0.4870340687595159
7751,7750.999999999999,-2.060179430074899,0.013307748,0.01790348332466871,0.48717859989616563
7752,7751.999999999999,-2.060557375301464,0.011851264,0.01790823768891395,0.487307972737997
7753,7752.999999999999,-2.0609353205280283,0.010640085,0.017912487937910726,0.48742362790508986
7754,7753.999999999999,-2.061313265754593,0.009437242,0.01791628200286164,0.48752686967191156
7755,7754.999999999999,-2.0616912109811576,0.008351492,0.017919643586412605,0.48761834302031504
7756,7755.999999999999,-2.062069156207722,0.007533984,0.01792264550632556,0.4877000294225459
7757,7756.999999999999,-2.062447101434287,0.006751875,0.017925345142433772,0.4877734902634101
7758,7757.999999999999,-2.0628250466608513,0.006225248,0.01792779746327997,0.4878402213131551
7759,7758.999999999999,-2.0632029918874157,0.005830946,0.017930075753766386,0.48790221675556156
7760,7759.999999999999,-2.0635809371139806,0.005466309,0.01793221062556665,0.4879603095767042
7761,7760.999999999999,-2.063958882340545,0.005394648,0.017934263048993686,0.4880161588633176
7762,7761.999999999999,-2.06433682756711,0.005334081,0.017936290484950015,0.48807132820621424
7763,7762.999999999999,-2.0647147727936743,0.00550486,0.017938338747955997,0.4881270642820034
7764,7763.999999999999,-2.0650927180202387,0.005687151,0.017940453731522553,0.48818461591673684
7765,7764.999999999999,-2.0654706632468036,0.00596475,0.017942655621704228,0.4882445324009417
7766,7765.999999999999,-2.065848608473368,0.006290943,0.017944971612038025,0.4883075537084566
7767,7766.999999999999,-2.066226553699933,0.006673331,0.017947421504775112,0.48837421868598674
7768,7767.999999999999,-2.0666044989264973,0.007158743,0.017950035387946005,0.4884453460705518
7769,7768.999999999999,-2.0669824441530618,0.007791743,0.017952860620355265,0.48852222456087485
7770,7769.999999999999,-2.0673603893796266,0.008497524,0.01795593884570871,0.4886059873399196
7771,7770.999999999999,-2.067738334606191,0.009412016,0.017959323258285195,0.4886980818977541
7772,7771.999999999999,-2.0681162798327555,0.010224653,0.017963034050942284,0.48879905771002496
7773,7772.999999999999,-2.0684942250593203,0.011326776,0.01796710668080038,0.48890987961413057
7774,7773.999999999999,-2.0688721702858848,0.012436458,0.0179715972812294,0.489032075076881
7775,7774.999999999999,-2.0692501155124496,0.013675073,0.01797653164547927,0.48916634596836267
7776,7775.999999999999,-2.069628060739014,0.015005073,0.01798195140761821,0.4893138252092867
7777,7776.999999999999,-2.0700060059655785,0.016349119,0.017987876491217806,0.4894750549476551
7778,7777.999999999999,-2.0703839511921434,0.017679526,0.017994306973189912,0.48965003727634593
7779,7778.999999999999,-2.070761896418708,0.019029916,0.018001244052376787,0.48983880481751896
7780,7779.999999999999,-2.071139841645272,0.020265383,0.018008669787718527,0.4900408693700635
7781,7780.999999999999,-2.071517786871837,0.021380966,0.018016539807122724,0.49025502350783456
7782,7781.999999999999,-2.0718957320984015,0.022156203,0.018024767139723567,0.4904789006330103
7783,7782.999999999999,-2.0722736773249664,0.022720832,0.018033247670303877,0.49070966762620205
7784,7783.999999999999,-2.072651622551531,0.022727248,0.01804183611275014,0.4909433710508588
7785,7784.999999999999,-2.073029567778095,0.022472704,0.018050377665799814,0.491175798550034
7786,7785.999999999999,-2.07340751300466,0.02152918,0.01805869281680864,0.49140206533582886
7787,7786.999999999999,-2.0737854582312245,0.020217766,0.018066581846290813,0.49161673676417433
7788,7787.999999999999,-2.0741634034577894,0.018435726,0.01807388629768654,0.49181550101241844
7789,7788.999999999999,-2.074541348684354,0.016209844,0.018080433361588093,0.4919936556970208
7790,7789.999999999999,-2.0749192939109182,0.013667486,0.01808607935871609,0.49214729110561445
7791,7790.999999999999,-2.075297239137483,0.010896304,0.018090721242304507,0.4922736031928478
7792,7791.999999999999,-2.0756751843640475,0.008228069,0.018094335225047702,0.4923719446731592
7793,7792.999999999999,-2.0760531295906124,0.00558541,0.018096945594272853,0.4924429764383894
7794,7793.999999999999,-2.076431074817177,0.003027657,0.01809857322805222,0.4924872666098268
7795,7794.999999999999,-2.0768090200437412,0.00075789,0.01809928859276151,0.4925067326752381
7796,7795.999999999999,-2.077186965270306,-0.001116034,0.0180992209133539,0.4925048910247366
7797,7796.999999999999,-2.0775649104968705,-0.002650987,0.01809850904955124,0.49248552022384795
7798,7797.999999999999,-2.077942855723435,-0.003846772,0.01809728115105253,0.49245210740352874
7799,7798.999999999999,-2.07832080095,-0.004519484,0.018095700157792823,0.49240908638528647
7800,7799.999999999999,-2.0786987461765642,-0.004800197,0.018093938993319295,0.4923611626585546
7801,7800.999999999999,-2.079076691403129,-0.004677021,0.018092148058667188,0.4923124288439948
7802,7801.999999999999,-2.0794546366296935,-0.004075066,0.018090494153915122,0.4922674238029723
7803,7802.999999999999,-2.079832581856258,-0.003335829,0.018089093697720212,0.492229315448532
7804,7803.999999999999,-2.080210527082823,-0.002317427,0.01808802538716034,0.4922002452372566
7805,7804.999999999999,-2.0805884723093873,-0.000992387,0.018087399922959282,0.4921832254892986
7806,7805.999999999999,-2.0809664175359517,0.000569754,0.018087320056896814,0.49218105222302483
7807,7806.999999999999,-2.0813443627625166,0.002395715,0.018087880449323353,0.49219630127779274
7808,7807.999999999999,-2.081722307989081,0.004523121,0.018089187919843146,0.492231879363112
7809,7808.999999999999,-2.082100253215646,0.006963933,0.01809135865845644,0.4922909481699575
7810,7809.999999999999,-2.0824781984422103,0.009503986,0.018094470644145193,0.49237562961452613
7811,7810.999999999999,-2.0828561436687747,0.012348542,0.018098600173468177,0.49248799983194796
7812,7811.999999999999,-2.0832340888953396,0.015294162,0.018103823887481246,0.4926301443315962
7813,7812.999999999999,-2.083612034121904,0.018380833,0.018110187539288666,0.49280330811886286
7814,7813.999999999999,-2.083989979348469,0.021234828,0.018117673814274742,0.49300702003905267
7815,7814.999999999999,-2.0843679245750333,0.023821365,0.018126188200810505,0.49323870829972494
7816,7815.999999999999,-2.0847458698015977,0.025911145,0.018135586283190293,0.49349444314933294
7817,7816.999999999999,-2.0851238150281626,0.027529895,0.018145685176175617,0.4937692480270135
7818,7817.999999999999,-2.085501760254727,0.02810695,0.01815619901617005,0.49405534418803054
7819,7818.999999999999,-2.0858797054812914,0.027908319,0.01816678436793669,0.4943433862835022
7820,7819.999999999999,-2.0862576507078563,0.026522437,0.018177070290140943,0.4946232804854983
7821,7820.999999999999,-2.0866355959344207,0.024417008,0.01818669645018174,0.4948852216444342
7822,7821.999999999999,-2.0870135411609856,0.021492692,0.01819537212616575,0.49512129881458006
7823,7822.999999999999,-2.08739148638755,0.018069285,0.018202848256346053,0.4953247346805416
7824,7823.999999999999,-2.0877694316141144,0.014314254,0.018208967858338213,0.495491257534022
7825,7824.999999999999,-2.0881473768406793,0.010599084,0.018213675796925656,0.4956193670693473
7826,7825.999999999999,-2.0885253220672437,0.007031976,0.018217007584408793,0.4957100296254405
7827,7826.999999999999,-2.0889032672938086,0.00372275,0.018219039933086146,0.49576533265028644
7828,7827.999999999999,-2.089281212520373,0.00067113,0.018219870256072194,0.49578792688976875
7829,7828.999999999999,-2.0896591577469374,-0.001857452,0.01821964607370366,0.495781826576749
7830,7829.999999999999,-2.0900371029735023,-0.003861574,0.018218565334415012,0.4957524181625344
7831,7830.999999999999,-2.0904150482000667,-0.005571699,0.018216782704164398,0.49570391032225114
7832,7831.999999999999,-2.090792993426631,-0.006723037,0.018214459335772863,0.4956406882475574
7833,7832.999999999999,-2.091170938653196,-0.007693629,0.018211734980724027,0.4955665547700523
7834,7833.999999999999,-2.0915488838797605,-0.008213504,0.018208728968231187,0.49548475700304934
7835,7834.999999999999,-2.0919268291063253,-0.008351498,0.01820559863651422,0.4953995763376209
7836,7835.999999999999,-2.0923047743328897,-0.008396998,0.01820243362945655,0.49531345210810335
7837,7836.999999999999,-2.092682719559454,-0.008057715,0.01819932413934013,0.49522883857151734
7838,7837.999999999999,-2.093060664786019,-0.007441509,0.018196395210477,0.49514913835693575
7839,7838.999999999999,-2.0934386100125835,-0.006513735,0.018193758051549328,0.4950773776067628
7840,7839.999999999999,-2.0938165552391483,-0.005328263,0.018191520238240784,0.4950164836044776
7841,7840.999999999999,-2.0941945004657128,-0.003855752,0.018189784710925812,0.4949692575003694
7842,7841.999999999999,-2.094572445692277,-0.002217759,0.018188636983680343,0.49493802625098793
7843,7842.999999999999,-2.094950390918842,-0.00038536,0.018188145065480228,0.4949246404748432
7844,7843.999999999999,-2.0953283361454065,0.001474484,0.018188350880088695,0.49493024097564925
7845,7844.999999999999,-2.095706281371971,0.003440275,0.01818927963494058,0.49495551368265167
7846,7845.999999999999,-2.0960842265985358,0.005358453,0.018190942353564298,0.49500075856134007
7847,7846.999999999999,-2.0964621718251,0.007135013,0.01819330327648327,0.49506500254678526
7848,7847.999999999999,-2.096840117051665,0.008717485,0.018196298964457385,0.49514651936932136
7849,7848.999999999999,-2.0972180622782295,0.010050993,0.018199845692792375,0.4952430307639544
7850,7849.999999999999,-2.097596007504794,0.011142299,0.01820385064456567,0.49535201105355403
7851,7850.999999999999,-2.097973952731359,0.012054379,0.018208234181426797,0.4954712931682057
7852,7851.999999999999,-2.098351897957923,0.012678522,0.01821290802236282,0.49559847485916814
7853,7852.999999999999,-2.098729843184488,0.012869131,0.01821773582911346,0.4957298461733808
7854,7853.999999999999,-2.0991077884110525,0.012632932,0.01822255502060266,0.49586098305438675
7855,7854.999999999999,-2.099485733637617,0.012077993,0.018227224708676534,0.49598805174021326
7856,7855.999999999999,-2.099863678864182,0.011253369,0.018231633697125108,0.4961080264278415
7857,7856.999999999999,-2.100241624090746,0.01009514,0.01823566798066052,0.4962178048753494
7858,7857.999999999999,-2.1006195693173106,0.008698875,0.018239219534789134,0.49631444758651666
7859,7858.999999999999,-2.1009975145438755,0.007176699,0.01824221958349527,0.4963960830706161
7860,7859.999999999999,-2.10137545977044,0.00567873,0.018244648907508265,0.4964621883446504
7861,7860.999999999999,-2.101753404997005,0.0042883,0.018246532403214027,0.4965134408737925
7862,7861.999999999999,-2.1021313502235692,0.003177973,0.018247943324334315,0.49655183399335934
7863,7862.999999999999,-2.1025092954501337,0.002205016,0.018248960561832915,0.4965795144358376
7864,7863.999999999999,-2.1028872406766985,0.001520131,0.018249664512596367,0.49659866991196006
7865,7864.999999999999,-2.103265185903263,0.001190754,0.018250176795619126,0.49661260984315964
7866,7865.999999999999,-2.103643131129828,0.000994754,0.018250589796777236,0.49662384817719296
7867,7866.999999999999,-2.1040210763563922,0.000984271,0.018250963778303236,0.4966340247329458
7868,7867.999999999999,-2.1043990215829567,0.001331148,0.018251401329082508,0.49664593109620286
7869,7868.999999999999,-2.1047769668095215,0.001721713,0.018251978236203666,0.49666162953870474
7870,7869.999999999999,-2.105154912036086,0.002238771,0.01825272665921501,0.49668199516634176
7871,7870.999999999999,-2.1055328572626504,0.002769627,0.01825367310927343,0.49670774938444395
7872,7871.999999999999,-2.1059108024892152,0.003209951,0.018254803085754414,0.49673849761091693
7873,7872.999999999999,-2.1062887477157797,0.00347264,0.01825606591243918,0.4967728608755979
7874,7873.999999999999,-2.1066666929423445,0.003604709,0.018257403337574824,0.49680925406753895
7875,7874.999999999999,-2.107044638168909,0.003646889,0.018258773690999357,0.49684654328386746
7876,7875.999999999999,-2.1074225833954734,0.003319315,0.018260090112773894,0.49688236494523697
7877,7876.999999999999,-2.1078005286220383,0.002993819,0.018261283122203875,0.49691482838563134
7878,7877.999999999999,-2.1081784738486027,0.002455136,0.018262312825469883,0.4969428480389214
7879,7878.999999999999,-2.1085564190751676,0.00190369,0.018263136524209946,0.49696526202348756
7880,7879.999999999999,-2.108934364301732,0.001334029,0.01826374836443045,0.4969819110440486
7881,7880.999999999999,-2.1093123095282964,0.000791262,0.018264149986224706,0.4969928397298169
7882,7881.999999999999,-2.1096902547548613,0.000425522,0.018264379925076988,0.4969990966847393
7883,7882.999999999999,-2.1100681999814257,6.4034e-05,0.018264472437753657,0.49700161408291677
7884,7883.999999999999,-2.11044614520799,-0.000180831,0.018264450366319344,0.49700101348859266
7885,7884.999999999999,-2.110824090434555,-0.000245911,0.01826436972376841,0.4969988190929913
7886,7885.999999999999,-2.1112020356611194,-9.015e-06,0.018264321549735996,0.4969975082107883
7887,7886.999999999999,-2.1115799808876843,0.00052468,0.018264418996298624,0.4970001598668423
7888,7887.999999999999,-2.1119579261142487,0.001333892,0.01826477021550644,0.49700971702836316
7889,7888.999999999999,-2.112335871340813,0.002235384,0.018265444710919683,0.4970280709835741
7890,7889.999999999999,-2.112713816567378,0.003217926,0.01826647523716142,0.49705611303117464
7891,7890.999999999999,-2.1130917617939424,0.004187906,0.01826787473658799,0.49709419535062205
7892,7891.999999999999,-2.1134697070205073,0.005185864,0.018269646122401197,0.4971423972141759
7893,7892.999999999999,-2.1138476522470717,0.00624335,0.01827180593083854,0.4972011685957818
7894,7893.999999999999,-2.114225597473636,0.007143816,0.018274335738582004,0.49727000817141725
7895,7894.999999999999,-2.114603542700201,0.008094266,0.018277215318758953,0.4973483655398385
7896,7895.999999999999,-2.1149814879267654,0.00899041,0.018280443854629753,0.4974362184764279
7897,7896.999999999999,-2.11535943315333,0.009686237,0.018283973229420693,0.497532257657071
7898,7897.999999999999,-2.1157373783798947,0.0102676,0.01828774395814359,0.49763486441277865
7899,7898.999999999999,-2.116115323606459,0.010748949,0.018291715510330295,0.49774293585332713
7900,7899.999999999999,-2.116493268833024,0.010895397,0.018295805698956703,0.4978542355558593
7901,7900.999999999999,-2.1168712140595884,0.010863149,0.018299917468255548,0.49796612249840455
7902,7901.999999999999,-2.117249159286153,0.010617448,0.0183039767128055,0.49807658016972023
7903,7902.999999999999,-2.1176271045127177,0.01017114,0.01830790518660631,0.49818347938767127
7904,7903.999999999999,-2.118005049739282,0.009460292,0.018311614989613822,0.49828442827020525
7905,7904.999999999999,-2.118382994965847,0.008703404,0.018315047430713806,0.4983778297507435
7906,7905.999999999999,-2.1187609401924115,0.00789047,0.018318183218448063,0.4984631588819658
7907,7906.999999999999,-2.119138885418976,0.007117331,0.018321019281822653,0.49854033209786985
7908,7907.999999999999,-2.1195168306455408,0.006507694,0.01832359403840294,0.4986103947936654
7909,7908.999999999999,-2.119894775872105,0.006124497,0.01832598117654769,0.4986753521317448
7910,7909.999999999999,-2.1202727210986696,0.006092568,0.018328289867247383,0.4987381748060966
7911,7910.999999999999,-2.1206506663252345,0.00629587,0.01833063094275073,0.4988018787158492
7912,7911.999999999999,-2.121028611551799,0.006692281,0.018333085347586903,0.49886866647385036
7913,7912.999999999999,-2.1214065567783638,0.007350453,0.018335739039728512,0.4989408771156936
7914,7913.999999999999,-2.121784502004928,0.008226865,0.018338682726218903,0.49902097890577074
7915,7914.999999999999,-2.1221624472314926,0.009092938,0.01834195569465335,0.4991100409140114
7916,7915.999999999999,-2.1225403924580575,0.009951337,0.018345554541068166,0.49920797051384497
7917,7916.999999999999,-2.122918337684622,0.010628886,0.01834944363959041,0.4993137982758824
7918,7917.999999999999,-2.1232962829111868,0.010861581,0.018353504749300056,0.499424306700779
7919,7918.999999999999,-2.123674228137751,0.0106508,0.01835757000015555,0.4995349278119946
7920,7919.999999999999,-2.1240521733643156,0.009893679,0.018361452344040703,0.4996405717709933
7921,7920.999999999999,-2.1244301185908805,0.008406999,0.0183649106709872,0.49973467764129936
7922,7921.999999999999,-2.124808063817445,0.00638703,0.018367706337308307,0.49981075159737787
7923,7922.999999999999,-2.1251860090440093,0.003976006,0.018369664667302766,0.4998640404712542
7924,7923.999999999999,-2.125563954270574,0.001416458,0.018370683695316876,0.4998917696361416
7925,7924.999999999999,-2.1259418994971386,-0.001082434,0.018370746816705055,0.49989348725661575
7926,7925.999999999999,-2.1263198447237035,-0.003299473,0.018369918756288104,0.4998709545847751
7927,7926.999999999999,-2.126697789950268,-0.005165846,0.018368319042834407,0.49982742416410364
7928,7927.999999999999,-2.1270757351768323,-0.00644211,0.01836612545705422,0.4997677336541753
7929,7928.999999999999,-2.127453680403397,-0.007151644,0.018363556609836525,0.4996978317603276
7930,7929.999999999999,-2.1278316256299616,-0.007450356,0.018360797231737377,0.499622745257073
7931,7930.999999999999,-2.1282095708565265,-0.007271743,0.018358015158216348,0.49954704117992754
7932,7931.999999999999,-2.128587516083091,-0.006808856,0.018355354310626737,0.49947463582842494
7933,7932.999999999999,-2.1289654613096554,-0.005958276,0.018352941672328576,0.4994089845958218
7934,7933.999999999999,-2.1293434065362202,-0.004824359,0.018350904049614557,0.499353538057127
7935,7934.999999999999,-2.1297213517627847,-0.003713508,0.01834929062657571,0.49930963457963873
7936,7935.999999999999,-2.130099296989349,-0.002478103,0.01834812058166461,0.4992777960356377
7937,7936.999999999999,-2.130477242215914,-0.001123643,0.01834743995031061,0.4992592751129729
7938,7937.999999999999,-2.1308551874424784,0.000150747,0.01834725609961104,0.4992542722805753
7939,7938.999999999999,-2.1312331326690432,0.001368072,0.018347543114806575,0.49926208236191943
7940,7939.999999999999,-2.1316110778956077,0.002713963,0.018348314507628034,0.4992830730299316
7941,7940.999999999999,-2.131989023122172,0.004251035,0.0183496307015016,0.4993188884897997
7942,7941.999999999999,-2.132366968348737,0.005770068,0.01835152441552348,0.4993704190734886
7943,7942.999999999999,-2.1327449135753014,0.007584845,0.018354048128333248,0.4994390927975291
7944,7943.999999999999,-2.133122858801866,0.009638184,0.018357302809132014,0.4995276571738517
7945,7944.999999999999,-2.1335008040284307,0.012043686,0.01836140008876676,0.49963914983255064
7946,7945.999999999999,-2.133878749254995,0.014488545,0.01836641395379504,0.49977558405042044
7947,7946.999999999999,-2.13425669448156,0.017184452,0.018372399282808614,0.4999384531500181
7948,7947.999999999999,-2.1346346397081244,0.019929371,0.01837941277892982,0.500129300101907
7949,7948.999999999999,-2.135012584934689,0.02274223,0.01838747654288373,0.5003487262974533
7950,7949.999999999999,-2.1353905301612537,0.025305213,0.018396556193748973,0.5005957961841261
7951,7950.999999999999,-2.135768475387818,0.027548473,0.018406544092913996,0.5008675807660916
7952,7951.999999999999,-2.136146420614383,0.029449501,0.018417315149012573,0.5011606761338672
7953,7952.999999999999,-2.1365243658409474,0.030812906,0.018428703093546044,0.5014705578911153
7954,7953.999999999999,-2.136902311067512,0.031500499,0.01844047862053141,0.5017909863041642
7955,7954.999999999999,-2.1372802562940767,0.031283547,0.018452343085776465,0.5021138348505495
7956,7955.999999999999,-2.137658201520641,0.029988501,0.018463921824808185,0.5024289083905831
7957,7956.999999999999,-2.1380361467472055,0.027918704,0.01847486470066491,0.5027266792121623
7958,7957.999999999999,-2.1384140919737704,0.024734731,0.018484814757875147,0.5029974340620798
7959,7958.999999999999,-2.138792037200335,0.020943998,0.01849344678666569,0.5032323235315858
7960,7959.999999999999,-2.1391699824268997,0.016357145,0.01850049568113682,0.5034241337216468
7961,7960.999999999999,-2.139547927653464,0.011605072,0.018505779774356475,0.5035679212232067
7962,7961.999999999999,-2.1399258728800286,0.006664153,0.018509232157547368,0.5036618653556832
7963,7962.999999999999,-2.1403038181065934,0.001817939,0.018510835040638707,0.5037054820265888
7964,7963.999999999999,-2.140681763333158,-0.002622041,0.01851068308738242,0.5037013471678407
7965,7964.999999999999,-2.1410597085597227,-0.006429843,0.01850897252920781,0.5036548005086552
7966,7965.999999999999,-2.141437653786287,-0.009782994,0.018505908747031202,0.5035714307484739
7967,7966.999999999999,-2.1418155990128516,-0.012260827,0.018501743068570106,0.5034580768628923
7968,7967.999999999999,-2.1421935442394164,-0.014136753,0.018496754648893176,0.5033223350483064
7969,7968.999999999999,-2.142571489465981,-0.015060738,0.018491237122717618,0.5031721955124209
7970,7969.999999999999,-2.1429494346925453,-0.015259279,0.018485507469870363,0.5030162837157388
7971,7970.999999999999,-2.14332737991911,-0.014701848,0.01847984563740429,0.5028622174056444
7972,7971.999999999999,-2.1437053251456746,-0.013417489,0.018474531852807636,0.5027176219605569
7973,7972.999999999999,-2.1440832703722394,-0.011222175,0.018469875631111157,0.502590919713527
7974,7973.999999999999,-2.144461215598804,-0.008533866,0.018466142280415276,0.5024893300657497
7975,7974.999999999999,-2.1448391608253683,-0.004996112,0.018463585485114963,0.502419756121281
7976,7975.999999999999,-2.145217106051933,-0.000965772,0.018462458852315396,0.5023890988810146
7977,7976.999999999999,-2.1455950512784976,0.003510167,0.01846293967328777,0.502402182686209
7978,7977.999999999999,-2.1459729965050625,0.008495394,0.01846520839552386,0.50246391776326
7979,7978.999999999999,-2.146350941731627,0.013712194,0.018469405021462916,0.5025781137726176
7980,7979.999999999999,-2.1467288869581913,0.018717479,0.018475533341517615,0.5027448738566651
7981,7980.999999999999,-2.147106832184756,0.023439969,0.01848349994463549,0.502961656171174
7982,7981.999999999999,-2.1474847774113206,0.027591682,0.018493143529085068,0.5032240714724273
7983,7982.999999999999,-2.147862722637885,0.030474269,0.01850411640358826,0.5035226585987626
7984,7983.999999999999,-2.14824066786445,0.032162131,0.018515952967782856,0.5038447479188871
7985,7984.999999999999,-2.1486186130910143,0.03223658,0.01852812256049254,0.5041758994065666
7986,7985.999999999999,-2.148996558317579,0.030612116,0.018539999242817042,0.5044990803966196
7987,7986.999999999999,-2.1493745035441436,0.027230587,0.018550929929562265,0.5047965195355777
7988,7987.999999999999,-2.149752448770708,0.02237214,0.01856030348650938,0.5050515870141645
7989,7988.999999999999,-2.150130393997273,0.016351987,0.018567621285985648,0.5052507144821838
7990,7989.999999999999,-2.1505083392238373,0.00944665,0.01857249652183866,0.5053833764080204
7991,7990.999999999999,-2.150886284450402,0.002433794,0.018574741600388293,0.5054444681075871
7992,7991.999999999999,-2.1512642296769666,-0.004198745,0.018574408072985507,0.5054353923646063
7993,7992.999999999999,-2.151642174903531,-0.010193593,0.018571688315262406,0.5053613839867075
7994,7993.999999999999,-2.152020120130096,-0.015075948,0.018566913064063193,0.505231442781904
7995,7994.999999999999,-2.1523980653566603,-0.018816353,0.018560508347373075,0.5050571615622531
7996,7995.999999999999,-2.1527760105832248,-0.021470506,0.01855289523434691,0.5048499982031638
7997,7996.999999999999,-2.1531539558097896,-0.022822731,0.01854452502560029,0.5046222332199999
7998,7997.999999999999,-2.153531901036354,-0.023293199,0.018535810377794244,0.5043850955725518
7999,7998.999999999999,-2.153909846262919,-0.022931129,0.018527075245734867,0.5041474005201745
